num,x,y,z,qx,qy,qz,qw
11,32.46364781699534,111.61732658963344,-1.42438171211076,-0.264607220017543,0.963302156983632,0.005231268247024,0.044772841073561
12,32.46383076814368,111.61820845266297,-1.4248783037097208,-0.26396491636742325,0.9634715488025879,0.005580807000490118,0.04487707842880614
13,32.45721200153128,111.61370128580765,-1.4272102310172685,-0.2638592424267901,0.9634862581191603,0.005625679219300105,0.04517612571725031
14,32.453585398736855,111.61505634201784,-1.4277587822794886,-0.2639466530984203,0.9634313330600583,0.005552177718201606,0.04584107458215249
15,32.448694345413045,111.61494407721268,-1.4283232827098535,-0.26374387222093015,0.9634394636637543,0.00555693484208773,0.04682616999464932
16,32.44478987273708,111.61272057800083,-1.4284675343887665,-0.263559752074362,0.9634497307382315,0.005841119914778468,0.04761044785623697
17,32.440295497252066,111.61577053289453,-1.430060945148157,-0.2629653416380315,0.9635927859033073,0.006199561942658077,0.04795557823669147
18,32.44535570080937,111.61029094500134,-1.4289269572016663,-0.26280374868340384,0.9636513510350285,0.006262189374418441,0.04765551710508965
19,32.47818917378327,111.6200212116476,-1.423233397053059,-0.26067095071335306,0.9642558146913387,0.007138019328565138,0.04701518869689158
20,32.44879392233311,111.61378546031725,-1.4343427295319942,-0.2585141191971319,0.964877506277574,0.0076296082431431995,0.04608293755130771
21,32.4058585705055,111.61026968754176,-1.4481210723262365,-0.25989704169105365,0.964505294737467,0.005494751639543973,0.04639905007702559
22,32.40379288801644,111.60924649646758,-1.4494489139587614,-0.26386030822390166,0.9633672438331967,0.001484466288057081,0.047948801998145454
23,32.427071565423596,111.61388178215421,-1.4333476410096617,-0.2660517370290397,0.9626917446018275,-0.0009280445168994925,0.049398550916957974
24,32.43780368255894,111.61911733848318,-1.4198200368815537,-0.26572550531573963,0.9627098777029182,-0.0003098083086524347,0.050789282498762814
25,32.422440430529605,111.60576936530076,-1.4298984747460803,-0.2643619637834453,0.9630116989800838,0.001792049400633931,0.05213452110644642
26,32.406772153091346,111.6023388138336,-1.442151199074708,-0.2642841587696119,0.962985802051175,0.0029658122658047974,0.05294744969210244
27,32.39340068096505,111.59943656907453,-1.448330139361262,-0.2659070813950325,0.9625449723905181,0.002429997614773096,0.05286487776685689
28,32.3949534194602,111.58874400903873,-1.4488123834068818,-0.26878769999152535,0.9617755695146367,0.0007252095710350809,0.05234883273903761
29,32.41849526572559,111.59484477955772,-1.4386715569107777,-0.27035347510886687,0.9613855468267146,0.00026978903796429836,0.05144663315643808
30,32.43848323206927,111.5917326060104,-1.432992930904465,-0.270367321988755,0.9614548279099043,0.0011045354113446227,0.05004902687256112
31,32.4352441386824,111.59158684909335,-1.433434651895767,-0.2691684390579689,0.9618560081428709,0.002744028440426319,0.04872208249322017
32,32.42687557023873,111.57852316526997,-1.4344329572166354,-0.26884006634510493,0.9619415497107744,0.004573423785635327,0.04870890537129942
33,32.42319848966248,111.57064398664558,-1.4397051285766713,-0.26865437898847583,0.9619511544481982,0.005926395644048126,0.04939310620689017
34,32.4137634614215,111.56200188719137,-1.4426135512852045,-0.26854813169738145,0.9619402651659583,0.007227458829970824,0.05000591018222315
35,32.41909850954443,111.54659235056715,-1.441545128954978,-0.26858262685471407,0.9618979597140804,0.008575122017201538,0.05041978710883938
36,32.422060557516446,111.53927245941938,-1.4419607514832482,-0.2675828695412277,0.9620791823357611,0.01138057694484871,0.05170625989798802
37,32.41994241709291,111.53009640577565,-1.4408658096319964,-0.26614338047888136,0.962321431047268,0.014621128020253591,0.05377161881352386
38,32.4132839472134,111.5299827469339,-1.4478616528554253,-0.2639056167421092,0.962733967566819,0.01759240207671692,0.056459193531162605
39,32.40306484258714,111.52142683164836,-1.4571674046149397,-0.2623394837422357,0.9629899342126875,0.019618248242202936,0.05868139578101536
40,32.38152014895826,111.51025540994873,-1.4619485188465131,-0.26186246684464254,0.9629971326553903,0.02020491671586801,0.06046761361290862
41,32.3979331602565,111.50794156170984,-1.4582612439862064,-0.26099536362747533,0.963137349855903,0.020449575490613537,0.0618844111207605
42,32.36846459781302,111.50137674046093,-1.4710663219772853,-0.2603888477180117,0.9633115028567745,0.019613904000120943,0.061999122717848444
43,32.36344164427218,111.49970755609185,-1.4620038785209721,-0.26163868787758077,0.9631170055386578,0.016892223111545524,0.06054323617297387
44,32.382671711554515,111.49592045108344,-1.4453215292202968,-0.26222612244631727,0.9630566852696439,0.016015421478413977,0.05918435552647074
45,32.3430699495811,111.49151517636315,-1.4487403480174348,-0.262561666439106,0.9629380913547423,0.016758560454732632,0.05942014966567105
46,32.33723387546698,111.4860945890882,-1.4546316703831066,-0.2657393658589701,0.9619957297306788,0.016720195200819934,0.06055774504766174
47,32.35000102735922,111.4934958024111,-1.4545759447145248,-0.2674990044457094,0.961493707553221,0.015903497878895154,0.06100173531410055
48,32.35393736216997,111.5096578943331,-1.4546696234755412,-0.26762653463404634,0.9614482619579556,0.014572470457635264,0.06148919126610237
49,32.39290911726539,111.52078793187755,-1.4382206590286892,-0.2662078583532713,0.9617954717924314,0.013590453143498445,0.062435135732160085
50,32.37788529954909,111.52479168275943,-1.4379407155386,-0.26274523281316636,0.9626783774851925,0.015087954233786203,0.06314774575130433
51,32.36727717921438,111.51082346163636,-1.4453973846875643,-0.2618089188272269,0.9628723612520199,0.016471828207324627,0.0637305643705326
52,32.35541484698507,111.499278123648,-1.4505831050320774,-0.2617985999832593,0.9628973673669853,0.01744229899226558,0.06313413633208964
53,32.384793196275325,111.51184719027842,-1.447529364609703,-0.26066057977554996,0.9633200977003084,0.01930105841914161,0.06081053084494057
54,32.38149834865888,111.50575081140904,-1.448223683463836,-0.2602998261309791,0.9635963380142158,0.020463274965551066,0.0575095840661302
55,32.38991207482106,111.51761553940152,-1.4471495153141818,-0.2591447208918432,0.9640167452772805,0.021980713209490927,0.0550688360662313
56,32.37063898442388,111.51382690759954,-1.4559288250723759,-0.2591020358844879,0.9640587629945057,0.022053406827312685,0.05450214437364977
57,32.35867446542511,111.51715796213637,-1.4571829177596765,-0.260166902431428,0.9637446298368808,0.02124239612300229,0.05530128340972745
58,32.36115161495988,111.52117934401373,-1.452647833563615,-0.26075734590715355,0.9635135436318748,0.020772222622501665,0.05670778218838738
59,32.3714644283026,111.5210819229969,-1.4525363289203002,-0.2610397178169536,0.9633712659534622,0.020915744228315467,0.057763321412854514
60,32.357631602152786,111.51518715412767,-1.459019421134007,-0.26139691729395836,0.9632478320715978,0.02103907455546171,0.058160321357710223
61,32.36334817586445,111.52454031553249,-1.4598409140799185,-0.2625018414239124,0.9630131103673809,0.020271007132624638,0.05733776050236805
62,32.40970082989409,111.54059334172278,-1.4525019281971594,-0.261642539718279,0.9634083567153533,0.019595378502202034,0.05480456880723532
63,32.40310200547878,111.54047082103035,-1.450915616396254,-0.2601927188227263,0.96399973267807,0.018910376793625852,0.051445720111299505
64,32.41411215555033,111.55210325923028,-1.4434986927425413,-0.2589322672507209,0.9643930017535454,0.019260189954560247,0.05029179086194679
65,32.415026326581255,111.54677402898274,-1.447230830148839,-0.2580042385504969,0.9646170036686907,0.019745882095837983,0.05057617288281594
66,32.39504204389302,111.53969731858707,-1.458493856090958,-0.25709439717415017,0.9648218562944154,0.019871792085935206,0.05124810667285316
67,32.39251437901869,111.5355154483397,-1.4627000392295673,-0.2578148238832753,0.9646258670578685,0.01921600870965975,0.0515674141116408
68,32.389263266556384,111.54304539728678,-1.464138801190293,-0.25851665454048395,0.9644997383276159,0.018078620522625134,0.05081887022706451
69,32.41091966672723,111.55150939888016,-1.4611960738896363,-0.2587348434463674,0.9645672800200844,0.017193352526197553,0.04868913359621164
70,32.40136822410049,111.54948982075697,-1.4623910910207074,-0.2591406583956439,0.9646411751093932,0.01602284858076446,0.045351855234369055
71,32.398173461195185,111.55944419722921,-1.4654448695297038,-0.26006679765166096,0.9644971478248112,0.014689793395215572,0.043528411032567604
72,32.419993852529096,111.56072847099803,-1.4556377227284796,-0.26071603646253466,0.9643236567023304,0.014360251182860467,0.0435983559492469
73,32.41674386324476,111.56380831470129,-1.4562123313293356,-0.2598914025932368,0.9645025786098838,0.014837897928964198,0.044396750985342494
74,32.41838351583411,111.57051375803896,-1.460421768764226,-0.2584077040438839,0.9648713303227097,0.015316650550558863,0.044879556904730625
75,32.409115984865814,111.56450687684723,-1.4660178714770904,-0.2576590396421579,0.9650767698005613,0.015354527533187046,0.04475361623632071
76,32.415843142225555,111.56576646105563,-1.4652783920314678,-0.2575204614008369,0.9651324205700585,0.014912965421019162,0.04449973243550268
77,32.41305591938609,111.56579191863388,-1.4666119871542835,-0.25745510159831914,0.9651536061737639,0.014372245089079166,0.04459625232996262
78,32.411972399682476,111.57333921550168,-1.4652408919866846,-0.25755433095425395,0.9651376127823125,0.013894205183071766,0.04452084974364413
79,32.41603379106614,111.57220344897165,-1.4604307838762047,-0.25810019291050323,0.9650076810078129,0.013611458606649463,0.04426278583735645
80,32.42362135205234,111.57176087648419,-1.4592656173268488,-0.25820955119569733,0.9649982724801041,0.01378372121496712,0.04377408835372151
81,32.4229469209148,111.57757981933204,-1.4624413868706112,-0.25785682462274073,0.9651132127989166,0.014365058453712767,0.04312759640939735
82,32.4230545396383,111.57415447997128,-1.46248406274078,-0.25835852332141374,0.9650011464412682,0.014560399820107177,0.042563547212314486
83,32.42376223603459,111.57224290114392,-1.4630655794659757,-0.2587635275357488,0.9649164631384428,0.0146352599919136,0.04199363221516935
84,32.426401659219096,111.5712108991242,-1.4671819163024558,-0.25884394898277213,0.964891956905328,0.014778613978356427,0.042010881248666185
85,32.42513129525184,111.56768836044336,-1.4698242768761964,-0.2590043397374191,0.9648228447146846,0.014822721269838413,0.04259010739601461
86,32.42898529344994,111.5675484661561,-1.4737839777314639,-0.25902394394246764,0.9648124643492099,0.014428435493075775,0.04284069735795808
87,32.43171942840178,111.56948939803661,-1.4716425312547106,-0.2590954941857739,0.9648042893281201,0.01384914963660983,0.04278328226110868
88,32.43488263366723,111.57322163758529,-1.4668973137159986,-0.25861629240680506,0.9649241009288755,0.013728838535223166,0.04301873709016902
89,32.43863510869396,111.57770497216836,-1.467939105649421,-0.2578221292819166,0.9651151351307301,0.013948975278615614,0.043427545208172325
90,32.43803649040051,111.57388474443364,-1.4683319493376743,-0.2572149186821343,0.965263669430105,0.014197813675568912,0.043645803607056895
91,32.43596596120751,111.57448217624722,-1.4710725041331514,-0.2566246858580291,0.9653997049547688,0.014275429244913327,0.04408392452342064
92,32.438504764772205,111.57825058872523,-1.4731333864534313,-0.2562225066760596,0.9654956735497408,0.013922078316541556,0.0444331763968903
93,32.445548273277986,111.58565012972018,-1.471128393589907,-0.25580085445574435,0.9655837550380435,0.013388793769188617,0.045107372654023065
94,32.453180922285426,111.58668889844024,-1.4687133818187086,-0.2545382236059504,0.9659041314917719,0.013200113629986654,0.04544511514792717
95,32.44976410424123,111.59118914305128,-1.4680157966636729,-0.25301847878300576,0.9663188256386634,0.01316055274270849,0.045126228095802974
96,32.44925186081584,111.595668488717,-1.4692575913410018,-0.25099824693304223,0.9668330484358555,0.013302033258549423,0.04535187316923792
97,32.421243279835636,111.58894809825884,-1.4783502154357118,-0.24939753372764512,0.9671901798199677,0.013919652716853585,0.046370998464865205
98,32.40268635819838,111.57063952969624,-1.495260853646392,-0.2512109455442886,0.9666470732246832,0.012791338237752957,0.048196248100714316
99,32.39050727502038,111.53536663913138,-1.5113815546307536,-0.25455198658895795,0.9656363307686638,0.010149980325700001,0.05144648406484868
100,32.30306898254002,111.48162874621683,-1.5197053341777078,-0.2612826133726174,0.9636701935976615,0.0060368779673191635,0.05508820223086528
101,32.29345051820418,111.41259074859121,-1.4927460043695493,-0.272957776878761,0.9600462532626733,0.006163178860373278,0.06137799983741959
102,32.27432351564857,111.37778361676529,-1.4710849170475098,-0.2824323316279508,0.9568038676869561,0.01401539885222434,0.06754187904917938
103,32.17469450549937,111.2902837197594,-1.4905565193450168,-0.2945942375074984,0.9523214389835146,0.02413015429447344,0.0756032256816376
104,32.027431832774376,111.2016418933835,-1.5389295226474604,-0.3125208340098628,0.9456283836359898,0.03097437011207741,0.0846066000257955
105,31.82032326592423,111.04746108589477,-1.593829878628775,-0.34219155062794304,0.934722835591973,0.03196914371595963,0.09042199484535614
106,31.853964792296285,110.97061013764775,-1.5291581792092543,-0.37279282086085075,0.9224433172271916,0.036196733253475534,0.09388096569209821
107,31.715434445724643,110.88370949075542,-1.5648321346469634,-0.3987203843082475,0.9105873535241092,0.04252741837715801,0.10022048405997842
108,31.6884637838943,110.76811101511998,-1.584479041509509,-0.4285529796284538,0.8969091952552629,0.038727566716821815,0.10196281034928854
109,31.67230100322455,110.68961935720682,-1.6069646352877875,-0.449172078827399,0.8877737876149823,0.030659481877943286,0.09571907749554033
110,31.59667601279292,110.58397058573667,-1.6437873581235258,-0.46214692341693464,0.8827936176350403,0.015836309729170647,0.08273367593224662
111,31.498757604670136,110.49414694813109,-1.5926329047687553,-0.4697615230888379,0.8801048904530662,-0.0017323469071172993,0.06882217811174648
112,31.561539496247374,110.3199873918943,-1.5454057843060776,-0.48210469107866605,0.8730677690548321,-0.0017709865337344531,0.07296986421982488
113,31.38349759222274,110.20628936620986,-1.5723692253546295,-0.4848857221625951,0.8708037748485971,0.0030040622482159106,0.08110239060780694
114,31.265678652537712,109.98178030977334,-1.6041868779799315,-0.5041126529287702,0.8595941426678516,-0.0006841508964563396,0.08347379819912962
115,31.24096831693504,109.79744958558577,-1.5993775312019052,-0.5286832358224853,0.84567583844593,-0.0071546842607274515,0.07263072987495849
116,31.16937154570838,109.79229861972307,-1.5564610267545576,-0.5352768754496678,0.8426989385314714,-0.009930047649966725,0.05690834526184515
117,31.087223107544695,109.58200779099269,-1.5712391658553284,-0.5479937356139246,0.8347509124412354,-0.006289811336647433,0.053424883526034764
118,31.05686118121039,109.43953315123713,-1.549550507046783,-0.564832077894647,0.8237781900202774,-0.00552348246156487,0.04820486043572964
119,31.012961025719477,109.40145668622324,-1.584872407041003,-0.5660285051047081,0.8233476275786837,-0.006003137972613913,0.04091916304085973
120,30.901341696475196,109.26500300215741,-1.6145521584769118,-0.5532805663333178,0.8322109367919145,-0.010725864909848884,0.03450402039969652
121,30.891960008017026,109.0969897520403,-1.585596508566532,-0.5418652385189676,0.8394479248754636,-0.008789286652957787,0.040397934937230165
122,30.86102423333431,108.99079438459388,-1.5650771805655,-0.520543715922462,0.8522641700769321,0.008621894061221385,0.05104593186053541
123,30.65451267396642,108.71645172351954,-1.595798931039773,-0.5063855200032059,0.8605086311741589,0.018990898655661403,0.05232539129436611
124,30.653158754840415,108.52966452476052,-1.6290262440016385,-0.5243621444510815,0.8500927720750043,0.01823428736875306,0.04532252306140375
125,30.632145088739954,108.41645428981026,-1.6205810949251513,-0.5386812605090295,0.8420034712195094,0.00961543241017761,0.027571679133948427
126,30.52491149820637,108.19481553773346,-1.6224079548352908,-0.5527040899994033,0.833029796208799,0.0052047430842451945,0.023504428852565082
127,30.550199312487198,108.04281626171779,-1.5916627281291167,-0.5719921653153951,0.819781051476636,0.008436501554698028,0.026698612308219957
128,30.485816259467605,107.9446383640895,-1.6092653964087398,-0.573478174121567,0.8186972551711138,0.011873490338175363,0.026769542556177178
129,30.42204467323326,107.83910808726313,-1.655241603932885,-0.5588991681285116,0.8287350399799135,0.013263559422610089,0.02557403695531303
130,30.32523521086725,107.58914512708468,-1.645664511737914,-0.5456653386745635,0.837585664982329,0.0094261975897368,0.024713129795374156
131,30.32765141774975,107.45608900983689,-1.625280709612143,-0.5396458302924846,0.8411426494969585,0.013079221508927522,0.03302052407052498
132,30.167752948093913,107.30646010543683,-1.6440102975167024,-0.5294559495753843,0.8474349766764969,0.009984166130441483,0.0378242540073569
133,30.029639173676255,107.03498518241014,-1.6569944694775598,-0.5434890942984973,0.8385890617494046,-0.0009903733915826646,0.03724257044562989
134,30.086226484810584,106.95173007987091,-1.628733031100623,-0.5579862371202674,0.8292650642283689,-0.009435454366654362,0.02969485873983092
135,29.870813124849533,106.7883170528431,-1.6204540029193735,-0.5550430024968388,0.831210483538981,-0.008060387485467179,0.03084521985286624
136,29.90209457365983,106.56277882809296,-1.596952766753009,-0.5692865679874973,0.821073238094905,-0.00027799684261256845,0.04185049475358154
137,29.93160580954411,106.45932726218966,-1.591625878182393,-0.5682602787593282,0.8214910612974943,0.007218820863447091,0.04669668530023
138,29.847132647767715,106.30790328603472,-1.6523517177896703,-0.5537874377015879,0.8313373668029153,0.009522159932293786,0.045901904876909455
139,29.747607216780896,106.09199712368448,-1.6255065260507882,-0.5430814356447425,0.8384716173124225,0.004588447170143531,0.044797850083489923
140,29.79829427578234,106.01948401031383,-1.5732473233181135,-0.5244616776195645,0.8498103104949108,0.013233846694949612,0.05086501928309508
141,29.592370005471683,105.82386831164537,-1.6158748367262814,-0.5076365557668876,0.8599174812013323,0.013819814157942067,0.051537030474484706
142,29.415050134523785,105.54547054528096,-1.63955592661813,-0.517375827447687,0.8545182858978126,0.0021113745938015384,0.046003199197553565
143,29.523868326897983,105.43591828262683,-1.5823982520782995,-0.5284468329848141,0.8483862644171472,-0.005148540073522657,0.030954540729099696
144,29.268388453496442,105.30561774346802,-1.5887095070008481,-0.5255588745110781,0.8504347925788668,-0.0031865494502934613,0.023202993267882204
145,29.301225190940148,105.06035774671459,-1.5869873155830583,-0.5465322145822598,0.8369292739058657,0.00033576275085189273,0.02918588985428011
146,29.342064616622725,104.95855997983621,-1.58792919570242,-0.5517497726973121,0.8334636841693551,0.001277602831713252,0.030147026890129488
147,29.259676507025976,104.82894461672518,-1.6405274254813509,-0.5438045947709566,0.8388261966401728,-0.0030716624142287834,0.02525350324590827
148,29.15803233774409,104.65847561935539,-1.6342375985304443,-0.5402697185731367,0.8410713586110895,-0.014487053005412255,0.022309778399131206
149,29.19916567910966,104.52574216600178,-1.5647487046076716,-0.5399998249637236,0.8411032669499086,-0.01234076913832729,0.02816360741121539
150,29.082499602497453,104.40605513232711,-1.5728484579079374,-0.5284285802057478,0.8482535570951895,-0.007572787463633219,0.034231438578100716
151,28.868578395047194,104.17781502330953,-1.592355007050679,-0.5351639271542964,0.8439498988697293,-0.007490330625931262,0.03594487748871966
152,28.906792037998294,103.99067505720467,-1.5767208057111737,-0.5438504473504575,0.8386720068221047,-0.006797139813122758,0.02845619054004748
153,28.705323928875007,103.85550394002,-1.5872663124963984,-0.5516007942726451,0.8336958753128558,-0.004723477627297709,0.02579612380228643
154,28.717803422159676,103.6625671767637,-1.5805200010937057,-0.5740191222503014,0.8181048113276627,-0.0017311654366541588,0.034692478143738784
155,28.76252913092643,103.54790654535161,-1.5651552546324148,-0.5833116679696445,0.8113241655806837,-0.0004907964688797755,0.03873442234117634
156,28.672130850559107,103.4486629239207,-1.6159252910335338,-0.5762497348614775,0.8163871000485318,-0.0026612227839534373,0.037963980820240564
157,28.610119458248864,103.24849161467763,-1.6158187644278128,-0.5686881531537231,0.8216397651559268,-0.012214528743935743,0.03677888068830345
158,28.629760465040796,103.12005363125931,-1.5490817370330698,-0.5574018253635353,0.8290705151063509,-0.007212039371447582,0.04351175186996697
159,28.496643187454044,102.96654386039091,-1.5555311997423535,-0.5394895180170373,0.8405175826411186,0.001629145636081615,0.04978553108455972
160,28.264948735228813,102.74785922606821,-1.5845690745741496,-0.539848357083442,0.8404006900696911,-0.0013308312201538149,0.047839945369523226
161,28.31762478483104,102.56777224175717,-1.5600465795816545,-0.5473594881378878,0.8359735056642118,-0.005708658314149951,0.03890115413673094
162,28.159798986477377,102.45869480080016,-1.5573218460250544,-0.5469094634788934,0.8365977274357795,-0.0023878450156362067,0.03144168256788098
163,28.06874850712871,102.22642105145671,-1.5633714549071107,-0.563679411184256,0.8250972874161308,-0.0001682824387237955,0.03847024027133509
164,28.11493606960191,102.0986130435864,-1.551113052315276,-0.5769204081369632,0.8156446984183228,-0.0004109625085277394,0.04343270342702344
165,28.13437489678045,102.04742846171241,-1.580847768231834,-0.5670053082541957,0.8226698009969945,-0.0029837891089682313,0.04135790059569205
166,27.967791325803688,101.86597776377312,-1.5759212015841593,-0.5518370848413567,0.8331059239533224,-0.012085615330364199,0.035556844204188476
167,28.043661061856334,101.69008618664489,-1.5076264741193262,-0.543512098405795,0.8385171217199913,-0.008720865006564292,0.03751775556304072
168,27.866126590912618,101.5600733295026,-1.5111561416686699,-0.5240721818582813,0.8508236931672404,-0.0013157049912628238,0.03802183935495476
169,27.58936899120787,101.34826649760588,-1.5409381149239887,-0.5253975036968139,0.8502463005308627,-0.004626766757201317,0.03189489884154892
170,27.582960064301588,101.15727630894565,-1.538632810333008,-0.5384164626479669,0.8424170684696876,-0.010902637922172748,0.017953495117278177
171,27.428194654095893,101.02731411228238,-1.5307240945899094,-0.5488997035012064,0.8357563203448022,-0.014459748065702696,0.0033770084217294863
172,27.334597004968554,100.81145266298883,-1.517022623729638,-0.5738152438404245,0.8188406370334066,-0.015134522403441122,0.0026501529575731794
173,27.410830158609937,100.71967799311994,-1.4780716977743147,-0.5915683641379035,0.8061230983274171,-0.014511107172314658,-0.0013596554136589452
174,27.605543472345726,100.70768422786921,-1.5271372854420584,-0.5773576818825582,0.8163368192687952,-0.013755161014067343,-0.007943564866118333
175,27.43930724487597,100.52042596609023,-1.5376276352501113,-0.5547656810025914,0.8317422893463017,-0.016139425289963615,-0.013391125644007108
176,27.417549691345844,100.31972637146448,-1.5062606618433978,-0.5440726493106078,0.8389441831028533,-0.010242446900668415,-0.007259627504859146
177,27.251698258804392,100.14021912308468,-1.520480314718625,-0.5338077423634621,0.8455831415784303,-0.004360135773996442,0.0044084109618097445
178,27.085063454841308,99.93691797031907,-1.5316034881481018,-0.534886365890938,0.8448262931897881,-0.007756522706150352,0.010244328904165725
179,26.944982159028534,99.70229431653358,-1.5298820937365893,-0.5522994339593038,0.8335096951189327,-0.014096389459840708,0.005311797734560713
180,27.11647315685614,99.66657406289653,-1.5130931807344354,-0.5540873352242869,0.8320846760346227,-0.02315085898270717,-0.009292716544070646
181,26.7633341686863,99.42451364409936,-1.5038028397380419,-0.5774533647626295,0.8159891788531277,-0.025648515245556357,-0.007171135517783667
182,27.026682477983204,99.34847992274427,-1.4928002778190437,-0.5914360854560154,0.8058148520743691,-0.029062929262092217,-0.00459642682244923
183,26.99849226252308,99.27959307757284,-1.5179637706284204,-0.5798498409255146,0.8139703948231654,-0.03468639577189284,-0.004817912248188226
184,26.88633673649873,99.10322165373924,-1.5406453352899019,-0.56301254340946,0.8253061704774081,-0.0433043487818951,-0.0033666470118209114
185,26.863814766357734,98.90715863307625,-1.4920426273007137,-0.5555510487103454,0.8301571517771351,-0.04678391888393119,0.0036606780753941155
186,26.82900611891715,98.79287414553772,-1.458378808082291,-0.5407098473302426,0.8400101002762763,-0.043581260151067176,0.010796582681150002
187,26.618854091967748,98.57417135139907,-1.4568534629747398,-0.5305573646326498,0.8464394778727037,-0.04361448245210721,0.012118995547367197
188,26.557107548518548,98.3211013556772,-1.465838257522363,-0.5442257107921591,0.8376839429276813,-0.045107859840470575,0.00832276723901288
189,26.482260099560364,98.20845168129026,-1.4137985532060964,-0.5531448818813268,0.8321219810937214,-0.040019826488288675,0.00147027786504777
190,26.418429721106108,98.02894784026383,-1.41532599460578,-0.5652587928599196,0.8243238816192578,-0.030594220503628203,0.006052186256364569
191,26.41014213620251,97.84268205619755,-1.3984641423814494,-0.5811798163705606,0.8132898629511699,-0.02463931396610855,0.01351014698766138
192,26.35575102101874,97.7179972794969,-1.4284739532072217,-0.5898600642237253,0.8069615006046885,-0.024396569781280682,0.01682404703747867
193,26.27542518447121,97.58848881804721,-1.4222431214054148,-0.5885086678348231,0.8077581474790902,-0.03133638788192597,0.01422511367066787
194,26.23652984270205,97.43083613634688,-1.3855948053831777,-0.5840215542137195,0.8110429095874241,-0.03031637582823956,0.01446168656823525
195,26.20807833886773,97.3005225767492,-1.3608493901601317,-0.5723472539165749,0.8195636811426705,-0.014312295433957295,0.023003297273259175
196,25.995252151167335,97.08682539649928,-1.3826992367550621,-0.5655843220332103,0.8241064568452428,-0.0037857235941082448,0.030799200526686908
197,25.972614390555428,96.89032314532281,-1.4084218198935046,-0.5765281693654942,0.8162521553358475,-0.0012962263920639043,0.03668799033466025
198,25.936291538312034,96.73730253780847,-1.33884886980707,-0.5834038163217593,0.8113994568206291,0.002517779002796213,0.03556078403646714
199,25.819599938004934,96.56872620280515,-1.3683831224989482,-0.5852001382469613,0.809812588171282,0.013683870134217376,0.03946038435211648
200,25.615034616161275,96.36821703424495,-1.3671728593430519,-0.5977198933347454,0.8001163312574207,0.014467909894226487,0.04832665051872183
201,25.859718837986907,96.29690684461782,-1.3371619637953112,-0.6050016449406108,0.7946953135892292,0.008181915649513039,0.04863562927295365
202,25.76430124619005,96.1904212943199,-1.366819086283473,-0.5915046768051634,0.8051268048174158,0.0018805186032787968,0.04346848435246813
203,25.692555029286993,96.00296920685525,-1.3122611515818512,-0.575704649321598,0.8168392198345779,-0.0028124125324788312,0.03646828794008886
204,25.64087961053628,95.81419682092442,-1.3134988422785212,-0.5616912007402627,0.8260749284527283,0.007507427596747362,0.04524208354686353
205,25.470701416874018,95.61817971911388,-1.30186064323457,-0.5502923553132072,0.8330468653931555,0.012938789041203632,0.05517092966977904
206,25.386916399933,95.43608111986389,-1.3047506731115583,-0.5545226129374089,0.8302844445695056,0.010436114027945958,0.05498636531879367
207,25.39145750805461,95.27448831196142,-1.2593712103398287,-0.5610008150875169,0.8264274056762484,0.006158431297355954,0.047517389893838725
208,25.279536717747376,95.06890463090735,-1.2556126278786854,-0.5675170000252292,0.8220931227223558,0.01025467660678075,0.04452183579615518
209,25.151828604848024,94.90213312583103,-1.2537727371299807,-0.582948132835899,0.8107615453613779,0.013082954168042876,0.05163358690432246
210,25.21380467197663,94.75004950829953,-1.194945214678541,-0.6034640250732722,0.7955553253469536,0.009591262465028389,0.05320622556426066
211,25.316226281547248,94.70019684985448,-1.2081622365195737,-0.5980990005295405,0.8000752491035147,0.005167047537211553,0.0461571549953192
212,25.2470040617199,94.52280298222344,-1.1457873921165627,-0.5876863833998772,0.8083552331519614,-0.005018141620171942,0.03407858648609549
213,25.283137146423957,94.29167624461402,-1.145219871327717,-0.5847239278428341,0.8106473069980542,-0.004285857988842423,0.03050415194936832
214,25.165051489851294,94.18904930529641,-1.1236948873313546,-0.5706984925553794,0.8204690326510713,0.0029982165174221127,0.03353815369616201
215,25.101213571329232,94.00203214380171,-1.1192846370192997,-0.5683452145964493,0.8221331097145154,0.004180588460507335,0.0326096555728623
216,24.998163913182058,93.85103947805231,-1.1489823580043714,-0.5737100097387451,0.8185132344015155,0.002028431810038906,0.02981267011743566
217,24.951441536556327,93.65829553286137,-1.0881764300840782,-0.5841296880374255,0.8113117577410396,-0.005341141386736583,0.02317782373588132
218,24.893322664336793,93.47884151443652,-1.1125539456409579,-0.5978226485021013,0.8010794609230492,-0.007175786981000963,0.02877996362703146
219,24.94583819169887,93.30542636498313,-1.0514047068573287,-0.6196595190647549,0.7839281088173385,-0.014122787529988615,0.03576796766508593
220,25.144242701222723,93.2572277447725,-1.0496787785799262,-0.6219631586610426,0.7819326976323442,-0.022372993991514337,0.03524960682957251
221,25.04699847131898,93.08101151593122,-1.0410684433927646,-0.6116638842692667,0.7897919216441286,-0.031045740220100936,0.033647811228869506
222,24.975471634501513,92.91901688186816,-1.0351654723700339,-0.5984374873711296,0.7995470376583462,-0.03577926167679504,0.03628984313214352
223,24.927741471589766,92.80005884167475,-1.0015776665291392,-0.5779893883921384,0.8144505696923663,-0.024264709842796953,0.0448303501002035
224,24.771630836270738,92.62000297425995,-0.9780950632841489,-0.558548379769473,0.828054274184883,-0.018629797416519284,0.04475217435234572
225,24.675960663404865,92.44216304948128,-0.986008368724552,-0.5585349257865481,0.8284158058237815,-0.019151886222516228,0.03740580960318861
226,24.689419959392573,92.28061760855573,-0.8985853213734414,-0.5592207607794871,0.828421479075633,-0.01806782700365578,0.0257594127789872
227,24.53454203338268,92.05264942365082,-0.9203964757401836,-0.5620238946096,0.8266510087964779,-0.005675538213931617,0.02729541737370548
228,24.487279613812337,91.86972921823941,-0.9056026443548458,-0.5751327512772062,0.8172028342270676,0.0032355130651446394,0.03730117417407006
229,24.542361143391535,91.76363327129052,-0.8934977994784157,-0.5799372027153971,0.8136253481590889,0.006750651850483672,0.040510028872309804
230,24.468259263644892,91.63115195263732,-0.8998213118789471,-0.5705787807507691,0.8203408442527054,0.005116962967508699,0.03813883713110901
231,24.39237499167956,91.43559322931868,-0.8271354596093667,-0.561266184770466,0.8269776081088234,0.0012241362858851003,0.03296675613656919
232,24.451303250824047,91.29398531632206,-0.7977930869974762,-0.5510780001087131,0.8337237639812547,0.008136154106197424,0.03393414453718554
233,24.297685189113185,91.14236379383455,-0.790211733038489,-0.5365900107575793,0.8431837504168952,0.011353317049763343,0.03135961702647597
234,24.108603426162624,90.90328052874254,-0.815433379357726,-0.5431238080524445,0.8392089994805345,0.01032566594198672,0.02526192669505114
235,24.14535006521263,90.7624798494376,-0.7676004634111536,-0.5541925831022995,0.83223288970797,0.005116037085502508,0.015258580774848393
236,23.995594848930562,90.54988682906415,-0.7842792684428397,-0.5620900593824862,0.8269764722501279,0.004968723150030513,0.01183179100494808
237,23.999302294517168,90.36887351241337,-0.7742241881218881,-0.5826346763284437,0.8124217573214134,0.008513134369491103,0.020862615215814617
238,24.050591218854233,90.27971739127278,-0.7474841621887222,-0.5916292261711134,0.8057717141983848,0.007956285058529517,0.02536731885780502
239,23.937441162702186,90.13655658021526,-0.7678066425782935,-0.5908920917310483,0.8063476731233142,0.002140122746704116,0.025404445535220737
240,23.986240709051632,90.01275907459176,-0.7064929935187149,-0.5859729757570471,0.809976397646002,-0.009217380034205278,0.022112142459328698
241,23.98417004496934,89.85187241447385,-0.6581555379690489,-0.5701310261834003,0.8210963988372116,-0.004057630337581975,0.027108161790671575
242,23.866515988715786,89.70155207457837,-0.6486801732873699,-0.5484161872140655,0.835559134746556,0.0033230241752835016,0.03270436444122297
243,23.61381625883583,89.42407626932734,-0.6807104507132671,-0.5449928284139153,0.8377860312445577,0.0022002588938063007,0.03305361840546069
244,23.64916831806643,89.25798186392052,-0.6541184787250595,-0.5544222293499906,0.8317291367000248,-0.00564252924359658,0.028474490874343724
245,23.587949389813364,89.14143739202919,-0.5812186524350005,-0.5476140023103073,0.8363419378240061,-0.00516420390205822,0.024987967274888504
246,23.3946804691747,88.86881025058717,-0.5847565471457452,-0.5575670648703455,0.8295404057397061,0.0014687304378418415,0.03129738404359796
247,23.452246429160823,88.77473858592462,-0.5670968410899371,-0.567777895632906,0.8224019281737683,0.0018410926316064715,0.03577625112639426
248,23.42692739288866,88.69325664359114,-0.6050536923930867,-0.5629893141095894,0.8257002960563934,-0.005023528330386796,0.03516841557295504
249,23.453653300088423,88.55140178278698,-0.5548155029701787,-0.5561397821372275,0.8302655654098078,-0.019360636386442302,0.031508719075857804
250,23.39761325519408,88.34157865604548,-0.4743051784490996,-0.5436033886482553,0.8384441174091719,-0.0197158467789348,0.03343805044971931
251,23.361662778576456,88.20532453033545,-0.4658832214107377,-0.5267259481629893,0.8490781990790149,-0.011339997462838498,0.03869614758705787
252,23.145139304998878,87.96879203683052,-0.4769838920821095,-0.5216855075857303,0.8523171574438143,-0.006429100859071752,0.03685594882863415
253,23.10270709228784,87.78599301839681,-0.5001392847872232,-0.5326447181910156,0.8458358064567872,-0.005659283231407551,0.028624556103397425
254,23.05279407771963,87.66893775224553,-0.42032138844518074,-0.5326578010026948,0.8460337227085633,-0.004331597937249892,0.02199646176487529
255,22.89079153931522,87.44338167016123,-0.4363542210350819,-0.5432544613491397,0.8390577299094027,0.00334653463933351,0.029077771741371643
256,22.847215703976644,87.27011611708492,-0.4320840995353976,-0.5591821007351082,0.8281106238640746,0.00433347635976773,0.0391074653175537
257,22.97004532749661,87.20616051807164,-0.45191205330046685,-0.5611198008360939,0.8265093302934698,0.0005226250577532265,0.04501802872795916
258,22.97145428933692,87.06259982263812,-0.4145527304702656,-0.5485090339051197,0.8348012747319913,-0.006070307989693578,0.04698747483346059
259,22.84308799278736,86.83818087501153,-0.35290387890480596,-0.5333126592867242,0.844242582604686,-0.004360515829783676,0.0530382415167636
260,22.908191621434398,86.7420606948426,-0.3322939431669343,-0.5139065905813671,0.8560495496771156,0.0005443658402920462,0.05548773126083461
261,22.726207654417486,86.59530745850918,-0.3563431069116972,-0.49840933969133755,0.8656757461553586,-0.0025474081513933945,0.04676690430762327
262,22.566633136247642,86.43051215280474,-0.3888909982603527,-0.5014888113724124,0.8644658647874072,-0.011119323610641557,0.03292569404108489
263,22.535652040786594,86.25916308162981,-0.3067607176068038,-0.5071383480661044,0.8613330911202448,-0.01857612691924442,0.02389413255816355
264,22.226887188079633,85.99708816788481,-0.29551198036981,-0.5274933670054387,0.8488606711042089,-0.016244667095083844,0.030371361654482617
265,22.33171044701979,85.89080610911539,-0.25413445058874073,-0.5502330592601993,0.8340347375603412,-0.015947042281650583,0.03708542681812102
266,22.40332622547185,85.79620829914724,-0.2672280145025666,-0.5511627263182111,0.8334739132220923,-0.014890613105348062,0.03632016983820258
267,22.34400377128492,85.62677526139726,-0.28350541449828504,-0.5469330040490085,0.8362972231984149,-0.02176203229516676,0.03158571675507458
268,22.29782149742777,85.41604758959163,-0.17755834714448643,-0.5402158046863474,0.8405714346305948,-0.023204956042434582,0.03268145751361771
269,22.284114535761113,85.31935679984355,-0.16661955518472568,-0.5227943596506074,0.8515639417675808,-0.01612778650585023,0.03556409848700628
270,22.073437317263284,85.11039615311115,-0.17387847511795443,-0.5175520158192346,0.8548683001651275,-0.016098598295300085,0.03287758244091005
271,22.012163551683646,84.95216621314812,-0.19853580412463992,-0.5229864204449485,0.8517250076969837,-0.018973572479662394,0.026262498759858484
272,21.982642160292755,84.8141887035905,-0.11144359313762613,-0.5205188312802416,0.8533980745123196,-0.017949010929953137,0.021206265771068517
273,21.726867985353607,84.57175594040132,-0.10070707609446802,-0.5274564697899107,0.8490687897016473,-0.008891666353178802,0.02815672390049275
274,21.666888362644585,84.37454481404453,-0.08814163383910252,-0.5481919894534778,0.8355979955263876,-0.007048907398838618,0.03481157100453454
275,21.783377523959448,84.31649432034553,-0.07636874992796706,-0.5576269498953281,0.8294256969084742,-0.008213252505488695,0.03221398053029235
276,21.78108039604898,84.22610273215174,-0.08107551996740736,-0.5501781998395565,0.8347043416182537,-0.014743286209067915,0.018847971156070883
277,21.68167157785872,84.04559845676329,-0.03693381564533516,-0.5393507177855905,0.8418357828740437,-0.01892619689788211,0.007424080279523151
278,21.733301553497917,83.9149701641755,-0.0054573182559011085,-0.5246465835347509,0.8512286274797943,-0.008680993763344778,0.008968081816083918
279,21.499365997650553,83.7436780725419,-0.031629702349576475,-0.5118680208411215,0.8590174066998228,-0.0041030171507944555,0.007961750885622622
280,21.391677093619133,83.54310519291428,-0.08051201713553105,-0.522404362249691,0.8526261914712433,-0.007775940923871623,0.007860958114954195
281,21.37229120111141,83.43893921302524,-0.014963840035964154,-0.5239606137158879,0.8516336746437045,-0.011883451083877247,0.00664402571249806
282,21.217795980655094,83.2494407919391,-0.02935677440721815,-0.5287882521901331,0.8485429073287227,-0.008900540973014105,0.01669428459714451
283,21.02310109560915,83.02346294340859,-0.004845783229820568,-0.5508959595768703,0.834039357574276,-0.011628168849701016,0.027509587931685463
284,21.191330539498082,82.96178301374412,0.03186104815534323,-0.5613727050133731,0.8269320423385005,-0.01605874599037736,0.02803925992357074
285,21.17179713625613,82.87789714203595,0.012611441647034781,-0.5508043452374433,0.8341835231660304,-0.02089846598999843,0.017767303259774322
286,21.062188439616538,82.6910551366728,0.06440418340499485,-0.5389264793152482,0.8418277151081397,-0.029461664106094854,0.00404454160318876
287,21.063996249597434,82.50693545260542,0.09606071021884205,-0.5281703316174771,0.8487650241236145,-0.024751162673978103,0.00462758790412048
288,20.972604673098026,82.38959425241107,0.10431408105401216,-0.5085555834675797,0.8606647369792396,-0.02494282667310898,0.0022987914131708596
289,20.78031722764555,82.21650568489508,0.07538753731927411,-0.5025622853862302,0.8640776839659977,-0.028288355612972473,-0.0008211674865588493
290,20.726214108241688,82.08260667815905,0.05911818104775439,-0.5048516632180734,0.8622900457265638,-0.03900334219619872,-0.007708079160980749
291,20.528267244843253,81.9012205858882,0.11667192409392682,-0.5101224717672298,0.8590642296755867,-0.04206425340917502,-0.0037830774657003977
292,20.382713342397874,81.68660526634028,0.148247213161319,-0.5316511232269172,0.8456935353932171,-0.04584762186747997,0.006893688038712035
293,20.547217491973356,81.55745700340972,0.207161024230482,-0.538335814771927,0.8414203472888129,-0.04622055773420451,0.00836718261770925
294,20.53991826440464,81.4364752275405,0.16683035397656631,-0.5219711030785457,0.851780329723626,-0.04471688798400401,0.004103337166669049
295,20.43198731496548,81.26146085684955,0.21796361416033638,-0.5014502966342125,0.8641752757388873,-0.04172994870167933,0.0027026262105150946
296,20.367132078821445,81.0696049672754,0.2525966922466663,-0.48456055829609834,0.8741432320918614,-0.029317357924219613,0.0146685942104446
297,20.288650820978095,80.95476323027509,0.22746861230025317,-0.45760760291620967,0.8884363122888708,-0.02643648997195109,0.024027333555674484
298,20.012322322287307,80.7773852124923,0.1896885940274453,-0.4486037349637839,0.8928154859560334,-0.03283536951318387,0.023601600000159085
299,19.872539459402343,80.56554314974048,0.17446255808643366,-0.45932002392155324,0.8869111474960959,-0.04790986063692839,0.010880134448265391
300,19.80119039510564,80.50071167494066,0.27071663000792434,-0.4579331499087894,0.8875000895563763,-0.04950150147536416,0.013799369685710876
301,19.649811100334446,80.26508739086186,0.31922007651217726,-0.4797381375132735,0.8759697649629686,-0.045157656199664574,0.02211507116357474
302,19.7690302417363,80.154909503651,0.34592923358729233,-0.4796348842105159,0.876197887029912,-0.03803229356489105,0.027949691570331902
303,19.629086098810188,80.00765818607304,0.2756414708057905,-0.47186778248359224,0.8804232191317213,-0.03539721902328864,0.03070485227405773
304,19.663242321364113,79.90860046552422,0.3007568379920051,-0.45787565188734974,0.8875242085308817,-0.039568400776935145,0.03293946478500613
305,19.524741842151144,79.7349706796177,0.3753324030880659,-0.44042750169386746,0.896024618746191,-0.03237518292070113,0.045992889486229274
306,19.47877934210313,79.62922918822647,0.3738935369209367,-0.4167423555584951,0.9070203220250376,-0.027844359295534908,0.05352229603235448
307,19.210940706364177,79.44558217354758,0.34031253328352407,-0.4185632543374079,0.9064359312473956,-0.03095090977964766,0.0471247901423134
308,19.12778498727364,79.29071868382515,0.34553223463308963,-0.4301608685858345,0.9012716222920978,-0.03990451427175557,0.03284386897406916
309,19.059374747525084,79.20035558741297,0.3991675749247958,-0.43071162467098284,0.9013704362746322,-0.0342035493105402,0.029136749954707504
310,18.88361643930551,78.97192661773596,0.40091695181632153,-0.45087240136393236,0.8913768305109844,-0.028680945128417283,0.03658998637678886
311,18.931395406412733,78.88759143064817,0.42133604587214385,-0.4605548820200744,0.8862048960999573,-0.027459375733047502,0.0421433916562319
312,18.928978004449387,78.80659005129205,0.386881442812883,-0.4542463607628102,0.8895179104117297,-0.028777434302764172,0.039874679502700294
313,18.923145496234735,78.71209913124571,0.3940409981355175,-0.44000368088700625,0.8966786265425305,-0.03407749609615632,0.03468322025854877
314,18.849731539822347,78.58357016320166,0.4648033090590883,-0.4171830479256954,0.907588467667037,-0.02970035212232487,0.036869594044910685
315,18.818755463481832,78.52066224580473,0.4630350013141471,-0.38266260862677637,0.92278551264206,-0.02887965652039797,0.034672626899976314
316,18.523861237351333,78.33157438840698,0.43871536492468133,-0.3695012988225832,0.9282075705192158,-0.03550177601549376,0.025280824729128244
317,18.51639426513755,78.24044649046468,0.4665972056300035,-0.3639817210963936,0.9303642418658296,-0.041691618262356726,0.014194827642257546
318,18.2743054191888,78.08575059018571,0.5135329948206031,-0.3556332271229104,0.9340118241054292,-0.031302841005720866,0.012924873011515533
319,18.07050166389561,77.91028633984315,0.5005010971465149,-0.3622512518309536,0.9314610759262605,-0.024534283130713697,0.023502415460163427
320,17.921606788821787,77.71154547591168,0.5163859278711013,-0.37984517583037947,0.9241877045187228,-0.025407112752797726,0.030809216743839005
321,18.081492288146457,77.62861377180006,0.4850259992711066,-0.3725218530943158,0.9270122386252835,-0.030243882978133754,0.03100138623549663
322,17.99678263458764,77.52510733690285,0.5034649088834753,-0.35040707513327124,0.9355426407344558,-0.03628615689155797,0.02565470487431361
323,17.74547008250573,77.3459255689513,0.5534850255648447,-0.3376428202641684,0.9401818291696381,-0.03187935412938671,0.0322360171793166
324,17.800708893441772,77.29771033344429,0.5789761988300169,-0.3176604970987501,0.9470131072857271,-0.02834118223656377,0.03814132406512388
325,17.517345399328534,77.11802711935411,0.5555366557437272,-0.3048543966520666,0.9512589126733184,-0.0323428162473087,0.03352939216080886
326,17.342193063217447,76.93754538782535,0.5557276109210053,-0.31861507029350217,0.9467112579174043,-0.04161962668808131,0.022136797163490388
327,17.266216955912803,76.86169432337637,0.6133473740016833,-0.32048386665208495,0.9464086102455012,-0.03511137485639,0.01918397833093913
328,17.087723745921565,76.7075482359471,0.6095523636364436,-0.3284210099345097,0.943736285646335,-0.025680253712618215,0.029017028747122257
329,16.945941887188784,76.55189055208197,0.6236653913613391,-0.34021798647243473,0.9392421342217161,-0.023796968878386764,0.03885407643323013
330,17.00914551250759,76.50490833559977,0.5984415531058043,-0.3362205317408045,0.9405567954017846,-0.025234362131362098,0.04088882032144498
331,16.844541031981077,76.37915244973789,0.5887983731488066,-0.32544318995999805,0.9443807106742012,-0.03041242711354307,0.03615090167913974
332,16.763573804886693,76.32565472023438,0.6307566144530874,-0.3062446003220775,0.9505449175465288,-0.026230367861651005,0.044615830171322875
333,16.774544968705676,76.27325293056586,0.6654474949029181,-0.27177490853242114,0.9605995830509398,-0.018079670624286188,0.05531695621300885
334,16.451322770783356,76.13364274446435,0.6347970709334658,-0.24053743193493418,0.9688327023408648,-0.017350152507595105,0.05660309992400831
335,16.174049594612082,75.95273849033343,0.6075019351318278,-0.2462088074400052,0.9677206470964899,-0.027043199583580972,0.046547155427630674
336,16.08736108328356,75.91875602107709,0.6652734713988258,-0.2391440063776562,0.9698366161649086,-0.02411953839758726,0.04056266789710266
337,15.765780488357123,75.73516259103394,0.6526172237894082,-0.2485942470766882,0.9671964204882572,-0.0178000087601415,0.04914411666940357
338,15.596539651489396,75.5903226743614,0.690784461137144,-0.265266852771629,0.9622623786286636,-0.01980715954098249,0.057378462226340195
339,15.679732269584635,75.53343384426151,0.685189536034828,-0.2637105254752013,0.9627542379883856,-0.022790388253269536,0.05515101261320097
340,15.52545608910117,75.42070630967675,0.6857354689825476,-0.24804256822223442,0.9671870823262356,-0.0338648931737159,0.04332667932480716
341,15.372697534279704,75.3467224081265,0.7007058837861604,-0.23344520255521792,0.9708899769291892,-0.031986895514055216,0.04304449578941186
342,15.295247303853445,75.31507143810161,0.7222919503999645,-0.20615782425302176,0.9767337258612758,-0.0329436674244799,0.04903972921046114
343,14.968386431295688,75.1894531380533,0.713688407857487,-0.18834818691191677,0.9801717655130594,-0.035980817991061384,0.04993647278993504
344,14.430302556533581,75.13406424861076,0.6666232102792614,-0.21911048165993247,0.973732423575171,-0.046042748763577175,0.0414225710388703
345,14.62511286778954,74.97077500058236,0.7211853758915203,-0.22486043939588163,0.9726817124898545,-0.0467691212437926,0.03377452117467643
346,14.197420828706878,74.83463759547797,0.7149559964004426,-0.2576400381463196,0.9643344835213755,-0.043110838705728224,0.04268571449107625
347,14.322225180193476,74.73555064918827,0.7545359518427097,-0.26404377789971417,0.9622243269932177,-0.04200193586109545,0.05139129574953272
348,14.238044888108908,74.62251475422744,0.7655604696372315,-0.26084683704637496,0.9634895044163413,-0.036961486778472316,0.04775720864518459
349,14.192663654974462,74.54418672063952,0.7964341462948998,-0.23861182525357857,0.9700541310691195,-0.027270612188401905,0.036272487587164184
350,14.005174943048338,74.47854027775305,0.7841379915350115,-0.21343248138076762,0.9762285473290345,-0.00941900706306977,0.03654697767855952
351,13.805017049761867,74.40317286364453,0.7696234692901391,-0.19060292789840347,0.9807801000251682,-0.006160858533957705,0.04126697339642801
352,13.43252998843083,74.39379387332646,0.7213411370374356,-0.19539398380084116,0.9797634706304484,-0.014870966654059042,0.040787094323924314
353,13.352505057778824,74.24085579445308,0.7350383845970396,-0.21182742511429406,0.9762513622428037,-0.028581914933917957,0.0352915546162014
354,13.149171610818678,74.22119761675394,0.7983438109513905,-0.2075949446574179,0.9769120560739151,-0.022718479278725025,0.04506710939678404
355,12.847636928655307,74.10754200580327,0.8340869974249409,-0.2233344604966612,0.9726457537749028,-0.018448340335016113,0.06116874330243981
356,12.790456466518012,73.96096323498853,0.8706270252941659,-0.23944759621992295,0.9688587675461724,-0.01743239383227816,0.060610633214717456
357,12.795114387951454,73.85199264681722,0.8400565328060925,-0.2322007343876961,0.971370453265143,-0.020336737126832677,0.045920350568339124
358,12.599749955844104,73.78191399108746,0.8662707365045805,-0.22226372987450158,0.9743771597908836,-0.017444718558807644,0.029726531155344838
359,12.473900851106757,73.71215569482132,0.8605879375266707,-0.21278488796193187,0.9764991868890771,-0.013007396417814135,0.03166602435464631
360,12.317709116578099,73.6186681381467,0.8665213002836418,-0.19473726074613093,0.9800986866351662,-0.0188223770321661,0.033610740187844566
361,12.032586215752419,73.5855806211188,0.8283596339767826,-0.19600465159268646,0.9797227719038418,-0.02743719118262682,0.031187614642522603
362,11.956251940504032,73.41189866706033,0.856421408932718,-0.21545158494305075,0.9754035429491849,-0.04100593843840907,0.02206934436022506
363,11.631680578771048,73.51804984099344,0.8537732251570616,-0.22393599304552242,0.9734638769550631,-0.0401868446083819,0.024612370929169604
364,11.478360166639733,73.34518429964837,0.8855718368462171,-0.25226800151114587,0.9659963394052469,-0.04416071930228677,0.03552124068694997
365,11.410704094989782,73.2023534600574,0.9062046283968065,-0.2725038559355518,0.9603719402276759,-0.04502828331318471,0.037414417347500915
366,11.317269935338174,73.1769289024226,0.8357446975213054,-0.2667321991019257,0.9618722287194131,-0.04959010395218736,0.034591489858214156
367,11.134432430736704,73.09051892126665,0.9050111268594605,-0.25228813429138836,0.9658510698392736,-0.051268330916389285,0.029222704035537637
368,10.950266067855283,73.10263694547213,0.8909378142553728,-0.23062744588840028,0.9716230837257485,-0.04077122514438783,0.033125089803440116
369,10.75773678162212,72.98971149619669,0.8944307196536896,-0.20977513242884616,0.9763026040969927,-0.04115589374230022,0.03367211692429417
370,10.544865082301525,72.86727735169303,0.8743233821996372,-0.21962046647578548,0.9741676300778845,-0.0435399717454816,0.029471173607425162
371,10.47024161405782,72.71679199996139,0.9074433935183116,-0.23867555780147745,0.9696142778425848,-0.04838330525715608,0.023263406550824803
372,10.161109350639936,72.8142591393867,0.9157231519857914,-0.24512930790610313,0.9680387634870076,-0.04252893642971054,0.03168381855423654
373,10.026713479184181,72.609693253625,0.9391511510816822,-0.2722114543285993,0.9601204386972623,-0.04198161296968867,0.04803344148141893
374,9.959206896809752,72.47784163577995,0.9714625594674424,-0.2911970156658666,0.9543410946840031,-0.03842768601645703,0.05441218624584352
375,9.874389811026921,72.42437109505767,0.9361434476547996,-0.27883070157948414,0.958512803126389,-0.03272659123532576,0.049351963746144575
376,9.714138563628396,72.35439485695994,1.0027439550247044,-0.26908374854679734,0.9617007623678959,-0.021057527140268817,0.0477719633231507
377,9.551321435070918,72.22119022394001,1.0131713774975277,-0.2600873451453129,0.963901991674175,-0.0040953968005794875,0.056839696224270785
378,9.413883313060037,72.09767799504685,1.0142253469194011,-0.24391658564234514,0.9679441516370882,0.0021936064541106734,0.059866573735786945
379,9.127763973869929,71.94462918791457,0.9652664373926755,-0.2555359431900263,0.9653438254869532,-0.0019328080859618894,0.05299947721535899
380,9.124479339349751,71.89420660030859,1.0091972213059877,-0.27333543765838236,0.9609859294130928,-0.007629179848783046,0.04166026410129476
381,8.742305416255457,71.77919653139024,1.0069003588328274,-0.28235211333427584,0.9582065988761849,-0.0019803426416030423,0.045972559302526264
382,8.565811161611029,71.58743088164336,1.0024927238663106,-0.32036788566315144,0.9454350376098681,-0.00840038499600016,0.05870639681728269
383,8.591785266568364,71.51716831953826,1.0168007052997317,-0.3437097666523482,0.9368618584602945,-0.01600385824187016,0.062428607156380427
384,8.590663786091355,71.46625353639583,1.0037876000543078,-0.3416455007028189,0.9380227543699055,-0.02072694920516582,0.05442478948478163
385,8.466684170671833,71.45594931108592,1.0285000413797072,-0.3285931476541549,0.9431773988275217,-0.01628223567948505,0.04666718822644279
386,8.269851350964572,71.33025554824813,1.0268138275939727,-0.31416791637203567,0.9479420906737968,-0.009372942907249467,0.051151353771941147
387,8.066492839905328,71.12877955793186,1.0202891430211858,-0.30584772531003107,0.9504292354196848,-0.015892420086181507,0.05374819407233641
388,7.819427938613683,70.95967849453564,0.9842925131389861,-0.3289794203492536,0.9426341923870831,-0.028521734916840635,0.04898806963694558
389,7.91019561302635,71.0115501909702,1.0666513726207003,-0.33695678253522227,0.9400230947312238,-0.03285159574997711,0.04168309887860503
390,7.486302428751873,70.77491087432976,1.0838553510081357,-0.35158366617045833,0.934841658410856,-0.022003668043225576,0.044450399035596055
391,7.369789053262148,70.61430667480033,1.0934841355131566,-0.3766833200508799,0.9247483886450195,-0.015707446516372493,0.05199394404949123
392,7.452355081057865,70.59978015857165,1.0793944339287587,-0.39348039369136495,0.9177167549308409,-0.013619240951194024,0.05276034283065759
393,7.393339497517142,70.52651843813982,1.075352980501775,-0.3927722370292208,0.9183418399228704,-0.018755770717211184,0.04501617410378222
394,7.295236001152006,70.56104313017406,1.076429906107767,-0.3824330921063353,0.9229172786883295,-0.01999989782533709,0.03960594459789792
395,7.1750919364400145,70.48709585365012,1.0890512755968453,-0.36533890063418545,0.9295485383129674,-0.0154948913643291,0.04719015729194145
396,6.916294794672153,70.27885786364122,1.0765798681391567,-0.34718640820459223,0.9361411756296361,-0.01775356779061346,0.0527835966893244
397,6.702269273732604,70.0163525238033,1.0523170588944903,-0.3581795096532232,0.931870271882021,-0.02448164328498904,0.05221000276931044
398,6.684875789514083,70.0506348960371,1.136142654979245,-0.3645016958932544,0.929670693044591,-0.022661322669463878,0.04834646460499434
399,6.257910559229353,69.76719878632562,1.1369857715149345,-0.3779656824778438,0.9241193286932039,-0.011338403868273804,0.054925857320571404
400,6.147940935841031,69.60588276232043,1.1336944843564394,-0.40201111181486004,0.9133121787312795,-0.008299245247038201,0.0646455929420787
401,6.280991047879972,69.62095229042025,1.1187043506480387,-0.41504987711149416,0.907407334747365,-0.010361491669539737,0.06510121232971798
402,6.2394615130371145,69.55367141743551,1.1065630995443476,-0.4111121205837455,0.9095262825026209,-0.018813158898312,0.058265176549678846
403,6.142763157362411,69.50982158685902,1.1766750227799878,-0.39844248240026564,0.9154830645767983,-0.02241957299521884,0.051300189458714056
404,6.0072724618261795,69.38345312793169,1.1712792051427596,-0.38186913094178015,0.9224109533812276,-0.022054357738492784,0.053362957384753724
405,5.829110389024752,69.20815912031061,1.1678754130733084,-0.36773756035080957,0.9280981368023855,-0.02750426300991342,0.05144366518296383
406,5.553817179178166,68.94411151316362,1.1184041203385378,-0.37396960160822457,0.9257348509262916,-0.03600051933274824,0.043193581250400494
407,5.577325849967971,68.91116964953264,1.2142482044256053,-0.3871095107738103,0.9204453009061618,-0.04527631339866919,0.02960962940078487
408,5.209295277295998,68.69216608786758,1.2640470081475033,-0.40244109353168384,0.9139548429313462,-0.04388236315786005,0.02832047886322853
409,5.1832568170049225,68.57266741150907,1.2812419633231975,-0.42689388817168894,0.902826708297788,-0.03980157847991207,0.03288430288672092
410,5.238397959379207,68.54068997855815,1.2742498364938533,-0.43153762820349906,0.9008344832972721,-0.03419031559742757,0.03321944410106245
411,5.115773865849088,68.38626170282477,1.2013411682108939,-0.42385839693982447,0.904470755538387,-0.035792113416310514,0.03155370559245669
412,5.01836626375488,68.29518230375047,1.310391870971986,-0.41441198742313656,0.9087878811630647,-0.0408426210713881,0.026441861416560703
413,4.955382991292823,68.20401663761436,1.3107775297660598,-0.3982742777551921,0.9158950081687757,-0.03850868856755306,0.032109415985121945
414,4.720390680277627,68.01405737934171,1.3203500548129639,-0.3900750960954014,0.9192897663930445,-0.03936322052762562,0.03461620546620395
415,4.5763757729204615,67.80631754059216,1.2958039056097683,-0.3994962144649669,0.9153165890002808,-0.03900864270733492,0.03281222825691488
416,4.508754012500845,67.66897149839171,1.348763348518922,-0.4172936049964586,0.9074640674586266,-0.040469285552162934,0.027152355835218817
417,4.319260441880064,67.48754124480736,1.3404922480330346,-0.43519269087465934,0.8991341261498694,-0.036192656752731533,0.029244428514895806
418,4.264405300998539,67.37200584578554,1.3417312389428613,-0.45380428403117806,0.8898073203308596,-0.034784117346305106,0.03308579243426328
419,4.2467651627885115,67.2928800344467,1.3344670780769756,-0.4589999164096973,0.8871137203994292,-0.03654321208795699,0.03182636431119377
420,4.130915151393819,67.15763394748355,1.287599995892573,-0.4532181110731745,0.8898682105260622,-0.04398036226816447,0.028171606719681743
421,4.105718799288265,67.06690862512278,1.4000083722415682,-0.43363111003564864,0.8993334733889876,-0.050053598386304764,0.025651536794760933
422,3.998578051517201,66.94383103862152,1.4371484842075473,-0.4055267287665458,0.9125295761249086,-0.03944741418478811,0.03580148694304152
423,3.8167441155617383,66.76129198811962,1.4055906898300614,-0.3792655902219132,0.923778467444569,-0.030859273837736064,0.04287960328168512
424,3.6225450413117843,66.55424432040387,1.3578573361570967,-0.38333653247881055,0.9223203406852183,-0.02789498673372895,0.04000202170577773
425,3.5864912878525192,66.43992641936815,1.3878054898727148,-0.3931270472993325,0.9186282162826326,-0.025682557015480632,0.030227986969757707
426,3.294238191213752,66.26868945133604,1.461843241014612,-0.40442819592827256,0.913983447421563,-0.015815189140042867,0.02867005354132742
427,3.1209797224177716,66.06930329775966,1.4283475834941652,-0.4300660729602826,0.9019333566868677,-0.01141306048233747,0.03780390237140304
428,3.1837402608890697,66.04427991096742,1.409512006488388,-0.44857991500147626,0.8926593996615189,-0.01460308110122608,0.04149706104721088
429,3.236331927615393,66.02382946054776,1.357867173047941,-0.4373113076278815,0.8981974915438109,-0.020833493702725955,0.039573374197011985
430,3.1577808155435463,65.8987718391048,1.410623490492944,-0.4217314348281261,0.9057040589877886,-0.029538881985853867,0.031148175899723504
431,3.012080127036152,65.73445170363716,1.4969408733396954,-0.4064311199565375,0.9127741532410567,-0.02418697223022654,0.03274263703919733
432,2.9365861000412785,65.61022523461065,1.4731143238470699,-0.3914141226694486,0.9193749868241329,-0.01646192816736943,0.03568785645067194
433,2.655971170813628,65.38784061818245,1.4328803507922472,-0.39578602411608943,0.9177385258571685,-0.015239169369759355,0.02961737646735803
434,2.4795715791896535,65.17359663793026,1.360451461631892,-0.4208512626835618,0.9066888579825949,-0.02210355775500357,0.017634121538676245
435,2.4966356005479335,65.15568550630995,1.4293452678453544,-0.43061004830509403,0.902008875506753,-0.02975258924389157,0.008352139786417067
436,2.462707410177613,64.85583829142352,1.3967134167560946,-0.44771082447866184,0.8933931892498446,-0.030420276348816833,0.02186855810267259
437,2.611568371855482,64.75161543740857,1.4026306618202835,-0.44934393933037187,0.8921859654061024,-0.027491942341335184,0.03658442873334198
438,2.555415398207138,64.70269753819976,1.3738978570755127,-0.428842341083637,0.9021540968477141,-0.020239168061017707,0.04245713262796428
439,2.421048776635154,64.54701002594358,1.3807154207378125,-0.4108680984561722,0.9105879987813593,-0.02013924752832612,0.04014116160951385
440,2.300947039212467,64.39360401545513,1.4167838947217235,-0.3956622285605464,0.9172795020089715,-0.016192055981272324,0.042279231399998105
441,2.1920244874852877,64.28309323759021,1.396409661203875,-0.3772648644927024,0.9249254174744577,-0.014984769294056875,0.044267943460328724
442,2.0101489253620937,64.04690857137714,1.3519375287911197,-0.3788425649621051,0.9243293248416173,-0.024160700240096058,0.03885705566150582
443,1.9069970385679833,63.9092517240106,1.3417607838519754,-0.3892691753316688,0.9200934073761508,-0.03239509031477332,0.029123683885195966
444,1.8279801785491694,63.83064736886527,1.4242681937331911,-0.3953679550019397,0.9177897290561593,-0.031359543349081365,0.019046585981298277
445,1.6646133970977433,63.588521927860626,1.4215797025725954,-0.4141788668923669,0.9094504234459069,-0.028875251895534727,0.022847611292763692
446,1.5822350450773384,63.47254634177647,1.4079477557006963,-0.43296343576954915,0.9004477490868221,-0.03172479827738932,0.02701946752550548
447,1.571746653525625,63.45526399385157,1.384591759890011,-0.4296349227576365,0.9019252212475937,-0.03550877541023764,0.026150627017041926
448,1.4619919523278821,63.27399824435919,1.396628394085925,-0.4231658521492676,0.9048581213210334,-0.04209445809488351,0.01976103367367958
449,1.3686737833296787,63.13836279637137,1.4880096581465097,-0.41263654014471807,0.9099250296072453,-0.03883428694347394,0.01610665667486574
450,1.291281985385173,63.034303163204385,1.4792795463947734,-0.3994647926981264,0.9160900062835632,-0.02902768183286273,0.019088569077697303
451,1.0963450244305213,62.77811700725507,1.4160177339664144,-0.3978122596075753,0.9168095399795037,-0.02967504726027909,0.018029561242200856
452,0.9883353371142723,62.612174862984155,1.3623071476042228,-0.4136842410115988,0.9095915917284936,-0.03722759630339451,0.011072085122253491
453,0.9018478254002419,62.586707803728736,1.450205699159017,-0.4178837010367367,0.9076497560485866,-0.0392371846834562,0.0023613747895651262
454,0.681299946775053,62.30343033645521,1.454461406867048,-0.4339329392765835,0.9001054482886197,-0.03632878624361878,0.013878236991536615
455,0.6328755854921161,62.24962252034282,1.4658714583322632,-0.4466644318772024,0.8935843524714917,-0.03331485652264011,0.029799507526077223
456,0.5910222554210133,62.232841946776034,1.4587159443100357,-0.4417029426709632,0.8958774785491195,-0.028188986876683246,0.038825698746446084
457,0.49254026205512963,62.11095592007067,1.4394378803967534,-0.43195476418473927,0.9006247639651088,-0.028694258805046998,0.038298247251369544
458,0.37988688143622606,61.94031620292304,1.4915513870768724,-0.4211851217191537,0.9057923749638939,-0.026401490505949986,0.038029304473715865
459,0.29847714241697315,61.85755877601368,1.4923728199945487,-0.40654826502092256,0.9125057906959925,-0.021523295988018946,0.03985521151081083
460,0.13549057020736938,61.605466267321134,1.4529170835233873,-0.40390806367111515,0.9137976298319437,-0.02605569113146628,0.03395981116899715
461,0.04194419678081045,61.43951411751716,1.4186106097835258,-0.41344952625146486,0.9097041455504327,-0.03085114428743033,0.023368006054276545
462,-0.06410183709059972,61.377284895960194,1.4908670876365644,-0.4202520488996637,0.9068017235233605,-0.030963056441956224,0.011838021222720424
463,-0.24676005172338178,61.13314639125593,1.4770621113948295,-0.43654007147931945,0.8988508181259922,-0.03167560725721225,0.022285166635051167
464,-0.32579454876840147,61.03553592163609,1.4908061051113628,-0.4517892462617519,0.890665187175222,-0.03496069153335342,0.0371450045615118
465,-0.3540468397150821,60.956793827197316,1.490676909655172,-0.4504483508057893,0.8909851330649939,-0.03538577059609957,0.04460519199398351
466,-0.45422915521826535,60.856830796929465,1.505423797976576,-0.4369640165557969,0.8976904065658771,-0.03492986535786127,0.04465743724283223
467,-0.5846699466285395,60.691476636975196,1.55330469643306,-0.4211816479748343,0.9052348721841418,-0.028589936730932027,0.04835763754242546
468,-0.6791456217460075,60.583308732938804,1.5325693982016768,-0.39953126310423365,0.9146557462878342,-0.02072318843299905,0.0578807830471495
469,-0.8639399485618098,60.36345215325936,1.455044455603448,-0.39133064469940165,0.9181156431348515,-0.02536287694073683,0.05727754205199169
470,-0.9890500699479924,60.177880692958425,1.3909647423130624,-0.4008829317489476,0.9139785324286036,-0.03777909115843014,0.05008849731492947
471,-1.1044947927675497,60.116395933357474,1.5343025760979123,-0.40861393548782865,0.910912677076555,-0.03728556275392166,0.04338816977582457
472,-1.255644726834705,59.87853490476131,1.5322459103485624,-0.4238793020493044,0.9034958887971228,-0.0335755947999264,0.05379772908518393
473,-1.353953847757904,59.76461854795481,1.5361561807110962,-0.43371826374057343,0.8983604280724246,-0.03177150941862703,0.06186744023033797
474,-1.4036702487118247,59.70507698853329,1.5283869345826382,-0.4314033930643612,0.8996524445648751,-0.030932659291808936,0.059663741335397466
475,-1.538729323611526,59.56371589634108,1.5373321425136648,-0.42705562418878346,0.9020642289036697,-0.03408971122785061,0.05235945348796484
476,-1.6376119167973209,59.48563998859913,1.603837371917262,-0.41711338262418857,0.9067849782657089,-0.029589202405150485,0.05368340831665017
477,-1.7269056443848116,59.35868842220701,1.589184095793398,-0.4000099517895983,0.9142583104711133,-0.025931912255920567,0.058747903201220766
478,-1.9464255052277284,59.10719005964599,1.5201573626588114,-0.3958335669679875,0.9159860115827043,-0.032784387204733256,0.05666213728602074
479,-2.0064836270418738,58.94135403277989,1.5251163097005525,-0.40946622238894753,0.9101786605856454,-0.03939368808160057,0.04858349386751546
480,-2.142723720552381,58.87727560688008,1.618700487509841,-0.4075044679369667,0.9117428562703304,-0.03075801241458062,0.04146103379962784
481,-2.291602253467385,58.648502958714694,1.5854769844110468,-0.4131570959950614,0.9091093373385541,-0.02471838556835446,0.047015191243647135
482,-2.380462232755367,58.505484343852956,1.5793369577590952,-0.42627067033978416,0.9028485278793683,-0.02748276079394095,0.04901580534145501
483,-2.425099528083129,58.47935187442423,1.5747086100819188,-0.42426425585633626,0.9039931171437912,-0.031186874063608774,0.04270438204050852
484,-2.554307809104567,58.396400414574934,1.5876025088254941,-0.4105656297987785,0.9104040421472877,-0.03690079919259941,0.03519481053734317
485,-2.678823907249443,58.275264247648266,1.6611622563014385,-0.3953415290659779,0.917143590986757,-0.03239789029617309,0.038769648077433334
486,-2.791839207185876,58.13046084861593,1.6355430129888082,-0.37591275091675264,0.9249516131659358,-0.02650113217938639,0.04951572470582799
487,-3.007156047348289,57.99422855535358,1.5570476736541343,-0.3795036045836584,0.9232732327576212,-0.03217654508760922,0.050082149789389505
488,-3.077399650981444,57.77627956913424,1.5529859826190757,-0.4023391595967273,0.9135289170001673,-0.04229452280065651,0.04241805983971487
489,-3.2323167112486293,57.75998447942511,1.6377955000425186,-0.4072549357484022,0.9118087138774806,-0.037951672103247895,0.03616569078874425
490,-3.3880444567835637,57.54801432214499,1.616131641821562,-0.42831540201224233,0.9017370050732045,-0.03501737659120542,0.04679822023719009
491,-3.4709141818245324,57.38524048409612,1.635696406769919,-0.44915796581168294,0.8910075572080293,-0.03537754329530067,0.055777093653941984
492,-3.5191502547842033,57.309692170244645,1.6187703981796013,-0.44553702513803556,0.892844883844016,-0.03669072128727972,0.05457621822858578
493,-3.625269925884095,57.16461551584346,1.6507682511948982,-0.43648200038012464,0.8974165054159201,-0.04310249357219894,0.047636689632060414
494,-3.7313449032135018,57.04156400032512,1.7155711604641746,-0.42353906659434665,0.9037609531480919,-0.039723339706432687,0.047464248817498944
495,-3.805449131580698,56.93116271146222,1.7329438384456126,-0.40310153640976687,0.9132718124940774,-0.030779339756131615,0.049963787807219766
496,-4.023965886899083,56.75270996973844,1.6740110762054863,-0.4035517100238825,0.9133073923547617,-0.03015680573992337,0.04589326175496994
497,-4.103942818491664,56.58524947594165,1.6713795612322464,-0.4173922900879163,0.9072952582462245,-0.032324987738625875,0.03942189374927622
498,-4.247478450225607,56.487523243120485,1.711879441548506,-0.42272542757115406,0.9050948808571773,-0.023337067746248167,0.03952025809536277
499,-4.40462655293327,56.25603695851415,1.6853662765004733,-0.44186030660264364,0.8954604712280194,-0.018100497977632503,0.05081718105200954
500,-4.509867890360226,56.04349784392467,1.6846401171859466,-0.46858581406857663,0.8810944066668802,-0.02013396664009187,0.06078326070032253
501,-4.488279560599842,55.90878838155388,1.6820073384181529,-0.4668605733986494,0.8817939972420687,-0.02354854727207218,0.06265793928237468
502,-4.579180274910701,55.79544491033509,1.7219568771034524,-0.45190086664098034,0.8897407067935391,-0.031535728347182046,0.05614783380752078
503,-4.688567685274901,55.61567826977304,1.7548901503355563,-0.43799316330756927,0.8966813524156012,-0.028468586592543477,0.05756805280170688
504,-4.815955755925768,55.503704435441186,1.745555710127995,-0.4193990628062703,0.9051768370343065,-0.026007807536096515,0.06389768196856595
505,-5.049688625362568,55.34278167996796,1.6794207588012042,-0.42632942894029413,0.9017858981197219,-0.03374166378334509,0.06234510483575316
506,-5.134481952748584,55.130008652637706,1.6763038152731669,-0.4435568540840551,0.8933793508940795,-0.04680192520771013,0.05422390974451731
507,-5.27681165318822,55.1164510461041,1.7195991137300897,-0.4469425761303601,0.8920719722131569,-0.04877840847569679,0.04550381193113448
508,-5.40289414902351,54.789913266387316,1.740883692530739,-0.4760161516728035,0.8765043315949688,-0.04902885958455715,0.05239227967658475
509,-5.353042944537211,54.62271368969111,1.7943790777758555,-0.4851949348135359,0.871460364741971,-0.04681219979002058,0.0543261066698026
510,-5.355032463518309,54.5543055669068,1.7761462696830608,-0.47538461104372576,0.8774353114960886,-0.04318997465069791,0.04744862286979015
511,-5.457050420769183,54.38913594451862,1.8098146909352948,-0.46068906026811374,0.8856772000025714,-0.04579065640328553,0.035280347660471154
512,-5.590214034557342,54.21122311167355,1.8091828907603407,-0.44859033662796693,0.892097770108418,-0.040330557469446165,0.03607942053025699
513,-5.711264173459169,54.101678241973765,1.8111177922628519,-0.4329911208952264,0.8995920199017952,-0.03779535336306596,0.042712974832766024
514,-5.9621975981802695,53.94090140563119,1.7830463785023012,-0.4340319624205186,0.8988402335229103,-0.043161814336151634,0.042889951982779534
515,-5.992327828650131,53.74336488078787,1.8166339610253197,-0.444896495233619,0.8935854010338729,-0.04564573921820289,0.038583754083795344
516,-6.191775770184942,53.62864041679418,1.842169994935101,-0.4483431527390311,0.8924006024756975,-0.03567715707687993,0.03656121655456294
517,-6.378713737109597,53.42817183994201,1.8068583150901532,-0.46592848954787724,0.8830290044702619,-0.02869888408062391,0.04844371934955583
518,-6.440510371302296,53.24368409788664,1.8364544979879767,-0.488287017212243,0.8703325601870127,-0.02915083007729301,0.05698466992179145
519,-6.4287694389896615,53.156284619852855,1.8362542307307343,-0.48559350666902,0.8717440447666384,-0.03362249306828057,0.05595350440016265
520,-6.541201370763512,52.98788936570075,1.8651586810530862,-0.4808047268069603,0.8743798646660172,-0.04032741206625321,0.05157874351668804
521,-6.5978034671648,52.84194913174666,1.906875160829448,-0.4701282529171864,0.879967148197926,-0.03414548609931817,0.05891799114433966
522,-6.687944131313659,52.74103753835843,1.9349467168725567,-0.4522454900177963,0.8891293657469957,-0.029253177215524725,0.063774911585241
523,-6.90434468027735,52.563929108428596,1.899102766644035,-0.4503853489979743,0.890227181517353,-0.03587267173745324,0.0579806357162421
524,-6.92936360986805,52.431605758488395,1.9343506866450446,-0.4562106640126367,0.8877967484709741,-0.040408692713359465,0.045342044491973724
525,-7.130983890726483,52.31312933208953,1.909848891721052,-0.4576995976474379,0.8875642780091446,-0.035608744579988534,0.0383763993219365
526,-7.260474046065227,52.10630822026519,1.8922451285550828,-0.4733092784711108,0.8790640626740116,-0.02950976824950196,0.04851674150310151
527,-7.341574141561725,51.94935802672664,1.92345487424039,-0.48958435373119596,0.8695926357975591,-0.027689746771862225,0.05787129056770048
528,-7.351833120099491,51.85868045993473,1.9108742033133637,-0.49075380961454135,0.8687026764891864,-0.029129931967910735,0.060562408083591875
529,-7.372821953042764,51.70723514779623,1.9633743769606322,-0.4828381696092419,0.8730007583589631,-0.037778945251242424,0.05753024568673216
530,-7.544253899808864,51.55831948885326,1.9623691922309086,-0.47114972043242564,0.8791403802930884,-0.03866172633838059,0.06029430811533773
531,-7.588932462502984,51.42090742367657,2.0150838576585013,-0.4616808989064249,0.8837592606900005,-0.03959387228149929,0.06521228417541679
532,-7.801345629288885,51.26143603565592,2.0139292555874007,-0.46058602701930995,0.8844103453730355,-0.043196798495908385,0.06174859764739044
533,-7.9024898303511675,51.08234287120804,2.008935279993374,-0.47208554600376973,0.8787522104277485,-0.046186454327573616,0.05288290233445563
534,-8.008236773834042,50.96594882097989,2.01458641270822,-0.47584336395990634,0.8772459661685518,-0.04427693510942199,0.04530078182151063
535,-8.228921059086993,50.736522134157035,2.01134036063414,-0.5003207264461828,0.863318762139028,-0.03948735277110182,0.05292102227121848
536,-8.216746365146399,50.59258432542224,2.078001270247927,-0.5215274433829445,0.850490688594798,-0.04034838948307676,0.05519711838599684
537,-8.184046929798562,50.49199945034239,2.07091144708578,-0.5248476945536602,0.8487654791365966,-0.0413486276013963,0.049217374403886606
538,-8.23999692882955,50.30203592940126,2.1125147637365584,-0.5273286897079532,0.8474394498658651,-0.047151721595676044,0.03933887355399317
539,-8.25558183075012,50.121702797667886,2.1380874517148896,-0.520000239696183,0.8522379742587527,-0.042531947558262256,0.03848661305117176
540,-8.270232122072162,50.016233974495734,2.169275595249891,-0.4981518359765171,0.8653581447407197,-0.0331070756169009,0.043634289133909605
541,-8.524102269591776,49.90067504547366,2.1522606426519424,-0.49420667855407524,0.8675685876908846,-0.03284869391461289,0.04478245005241048
542,-8.71937452817298,49.69205486973274,2.140525820723134,-0.5133572256030912,0.8562467344416601,-0.038144887522577955,0.04302157871324582
543,-8.676575267956652,49.57233005562128,2.1659771694228303,-0.5142583073434701,0.855726251311122,-0.03903900903560985,0.04179631465525262
544,-8.924263225467488,49.34583686676093,2.1680353857026797,-0.5398556400641257,0.8391767342678538,-0.0350578183335299,0.05576061269557921
545,-8.872749105431344,49.23165780800196,2.2303448759639655,-0.5530381119769162,0.8300241073414709,-0.03371995875625681,0.06381059719574986
546,-8.855995342221789,49.13553579388436,2.2263462721897573,-0.5500983523540631,0.8320403767926691,-0.03228137954011935,0.06370656684396765
547,-8.85954487299915,48.94906534074146,2.284390752253833,-0.5420862413034016,0.8373619075225142,-0.03947894761956594,0.05838626135195074
548,-8.985091785897474,48.747250652823986,2.278714392920105,-0.5302651273874148,0.844985574062938,-0.03595687311530706,0.05937489013131362
549,-9.068809597963956,48.59888718293724,2.309247594342721,-0.5200614352479592,0.8509812824247005,-0.031984575367351456,0.06590862970214957
550,-9.220446620043539,48.42080948269549,2.3182626894797145,-0.5232273331050744,0.848836446350367,-0.03521003631263108,0.06685879584538644
551,-9.321558120384315,48.22806835896385,2.3261567014362305,-0.5364609400669211,0.8407006612662934,-0.04146344596954064,0.06093308278154912
552,-9.293124828331482,48.07385016970271,2.362234405789337,-0.5342639305227075,0.8428802122110817,-0.04212696303119797,0.048376847677351634
553,-9.521721991868743,47.810281972910225,2.354014151315716,-0.547179292179445,0.834623218461362,-0.03108389111770274,0.0550699294368705
554,-9.536567134336284,47.65144384446995,2.4067569494224554,-0.561344732399007,0.824968203479002,-0.025689791477161276,0.06049453917813822
555,-9.504017904360857,47.54335748509946,2.3962231402300844,-0.5610180930791392,0.8252535869493052,-0.025044565734810266,0.05989980127101108
556,-9.517955217932949,47.36569532462438,2.4404204736728112,-0.5536994773165983,0.8300953895135886,-0.03259581884568872,0.057411198571259786
557,-9.59043591233628,47.16945060677427,2.4532890174279234,-0.5419634283204675,0.8379437342712982,-0.028554833876864714,0.05753748361600753
558,-9.731651071235293,47.0315599191644,2.477123633946783,-0.5288487203657326,0.845811635906996,-0.022962083858844184,0.06629064969298169
559,-9.9034282301478,46.854015661993586,2.4926540621223814,-0.5336059408783024,0.8424782559446559,-0.02749092499602384,0.0688428439468879
560,-10.000493350975507,46.64927046428586,2.507372150612246,-0.5503557939517291,0.8314173898309279,-0.03854892263160533,0.06608785451526993
561,-10.005493845231818,46.50692660125647,2.542627362621553,-0.5518628004951054,0.8307885221321595,-0.04246625948419238,0.05860458794824074
562,-10.152508718719243,46.28994259867011,2.5561049527661845,-0.5628398967271349,0.8231571927671835,-0.03527700565831632,0.06617416051315714
563,-10.090557288435713,46.168568562323884,2.607497889647306,-0.5669137294962683,0.8202635096129745,-0.03260236058081994,0.06865627568253349
564,-10.1115270584266,46.04046758321238,2.6073941600960615,-0.5639776326674506,0.8227479755524366,-0.032710604347824176,0.06280935390835904
565,-10.098045623003644,45.86471869723867,2.6685565297517897,-0.5594946381031131,0.826331091047639,-0.038661096559230064,0.0514586971728096
566,-10.190494170236008,45.661427208262204,2.6688890144693316,-0.5523162729526866,0.8318915493862536,-0.029666847915695585,0.04497847069586314
567,-10.26080039236716,45.52249895407157,2.681806942647228,-0.5392228141649971,0.8403268942071553,-0.019666861084312214,0.051987326640513996
568,-10.463727546470968,45.34169355151982,2.673474194411194,-0.5440144049812329,0.8367727198860707,-0.020855190971207103,0.05852182017792306
569,-10.586554735085276,45.14270990986814,2.665614803280289,-0.5592844644075655,0.8261888402399966,-0.029549572801006334,0.061153175571755605
570,-10.577287714430074,44.97536016743857,2.7250249515301097,-0.5634733192164355,0.8234272657034525,-0.03421539279883161,0.057399159601607554
571,-10.800966435837218,44.76150506067126,2.7362713596652966,-0.5825362290016702,0.8093676423655687,-0.03629246164323495,0.06525655997667236
572,-10.671414346953652,44.60798577734437,2.8248828155595507,-0.6008986614707836,0.7957393018567891,-0.04288393440911333,0.062295507805018836
573,-10.515037142795371,44.50084335599355,2.8304619117747247,-0.5972110362553495,0.7993943570862374,-0.044573250669112566,0.04817536048937533
574,-10.536405359364045,44.303356980264695,2.874804209562088,-0.5892102571132115,0.8056025184007128,-0.05035292571284305,0.036061588028942375
575,-10.71823978691657,44.09041817470108,2.888993852528189,-0.5779953676322194,0.8141213721677087,-0.044233704229753826,0.03422171511741032
576,-10.688023397951753,43.953667657123155,2.9127932524288216,-0.5660033784945391,0.822607224622766,-0.034940020177051445,0.0416740269379502
577,-10.880072042641848,43.75920870003236,2.9139180692703435,-0.5627522886959356,0.8246435347219044,-0.0366166208790791,0.043955947086226375
578,-10.991249177857135,43.570308599280445,2.9088356393623167,-0.5725731137806469,0.8178376826198236,-0.0414845010661808,0.03975664012289146
579,-10.955013451322104,43.40491328867209,2.9912203090395377,-0.5734924681693903,0.8175181139793009,-0.04277823219450039,0.030668308056056776
580,-11.152309988545237,43.18129546876173,3.0137846615994586,-0.5821752435372968,0.8117403737852265,-0.03129991601885862,0.03420331323896262
581,-11.117815923823732,42.99381780605346,3.0514820643766214,-0.5963460721849833,0.8017202298552042,-0.021704120293091617,0.03383735203535255
582,-10.991265515537796,42.86334057763442,3.0404703986366712,-0.5953155660850434,0.8029116543677656,-0.015583394823609082,0.026256615605093406
583,-11.011947949841012,42.694914854145715,3.0412736777004166,-0.5872585848407492,0.8089076630269856,-0.020254286685298082,0.019634436532049618
584,-11.204069340670998,42.49526313066507,3.0769052793146296,-0.5839152922699857,0.811159738198388,-0.02274437455074653,0.023356027176618357
585,-11.192130837507689,42.340813450917345,3.0915412814742362,-0.5818162033775,0.8120651730123952,-0.021037247222167627,0.0399686689427312
586,-11.365501840410927,42.134744720917155,3.0991826239704743,-0.5828901843441263,0.8103601576163244,-0.023251376104837206,0.05490738978086362
587,-11.463558338891332,41.92867310652242,3.097161232653113,-0.5979915598483841,0.7990071010297395,-0.023974672109360627,0.058471890267003834
588,-11.245007199125073,41.78786506181355,3.21145182293994,-0.598328276294378,0.7995371106891483,-0.024728469537347073,0.04617559108216856
589,-11.559749796218586,41.56088985609879,3.2169825911730294,-0.6075320750745328,0.7930382162114121,-0.0162367010656786,0.04161171616693477
590,-11.519999181191311,41.400367239432136,3.2316318848978476,-0.6199007819394814,0.78362171612454,-0.014791779750888872,0.03796353277359339
591,-11.414608207671678,41.2627777632232,3.228404927553606,-0.6243912994236511,0.7801871729524582,-0.02020877665000702,0.03217274795235301
592,-11.335565005089233,41.11420014851291,3.243567740976261,-0.6161089731944296,0.7865712909445618,-0.030100847780029475,0.02844778328859282
593,-11.50317003541381,40.912688709425005,3.3083031909633474,-0.6013084128516382,0.79779325422058,-0.030331743114841037,0.032157448804225046
594,-11.45177535519956,40.74466653351506,3.314727049886732,-0.5844412482327451,0.8096438088367752,-0.018058301213868425,0.05078609980791347
595,-11.797037649038451,40.554390226171535,3.2570156222439652,-0.5795110081110604,0.8124467071932864,-0.018292388628104467,0.0613410789533999
596,-11.910058823667757,40.36074549202834,3.233673892019061,-0.5940093220034992,0.8017494109561623,-0.02550798718349326,0.06082885823552037
597,-11.791786625810008,40.22884767029177,3.3420567421149276,-0.6033961623964954,0.7951809503702693,-0.034172447789728166,0.04932110284123745
598,-12.043970178332295,40.01345287153325,3.3796016203786796,-0.617736774581571,0.7844440739565017,-0.02713228995000082,0.0480896143273479
599,-12.088470141049328,39.82112254611984,3.4032315631142738,-0.6377165816886545,0.7682716367277361,-0.019382675441854794,0.0519669657738324
600,-11.832146658736605,39.67729589714567,3.4141507613888598,-0.6430556009776003,0.7640280981497323,-0.016966496574971523,0.04952471386097677
601,-11.81935005049971,39.52560159498775,3.4150140416239996,-0.6326178944114789,0.7727743181084354,-0.019042216597846506,0.04745362925499384
602,-11.949164042478316,39.336253885372216,3.476661504341594,-0.6217335178485173,0.781488236745493,-0.016751967736298744,0.04942610837492588
603,-11.842459312266064,39.2009102530837,3.5039260345503838,-0.6028743198612998,0.7954693275088363,-0.0058156368350868485,0.061133311808027134
604,-12.184929445102824,39.02449221994789,3.4499899662436784,-0.5921054860035755,0.8032275505679587,-0.0072009287193144055,0.06468958245843116
605,-12.25497078250451,38.83478313876054,3.4212570046738846,-0.600204947350078,0.7974861461279066,-0.017807702995532013,0.05876013635597103
606,-12.153036260211955,38.70102139616267,3.5501021615845234,-0.600856599148394,0.7975626711574214,-0.025986687437308347,0.04679556509008918
607,-12.418893787711603,38.49958145896092,3.5559031169957955,-0.6057692006651799,0.7941046067045324,-0.021483347250226468,0.04449735865234227
608,-12.560925747919653,38.29839062621815,3.534670863121601,-0.625426441463756,0.7785350083595927,-0.02385273990820112,0.046433327205617506
609,-12.336562305679038,38.147459716165635,3.548941742802147,-0.6387398568791363,0.7675040326057204,-0.03522372343658233,0.041330914280244234
610,-12.191991390924136,38.04148297298662,3.5365843902174907,-0.6291850836438849,0.7749509301785226,-0.05077332801567546,0.03161100279479878
611,-12.229002506577288,37.889357303948024,3.6662706641651193,-0.611999727729159,0.7881879872221059,-0.06184112592074521,0.01979154372592197
612,-12.196917369127279,37.72428544397463,3.696506418407963,-0.5911662983496847,0.8045620441219414,-0.051381207428762336,0.023712789313298874
613,-12.480089148449217,37.53157309382274,3.6705656885857456,-0.578377121344286,0.8139477915875056,-0.04598850115091067,0.02922252277289196
614,-12.656891601810116,37.342210882142645,3.6264934442555177,-0.5820045806322127,0.8113602147657726,-0.04540987346978927,0.03005350910990741
615,-12.587280749615449,37.16610878775979,3.7159722007007963,-0.5906665369919613,0.8052704552742519,-0.04667950858502883,0.021761420417414773
616,-12.770594089020278,36.96050878695095,3.752037945493432,-0.599077865112009,0.7994800793847592,-0.038909666020362145,0.02057552162061914
617,-12.740909350409863,36.777626769211324,3.7799521910425553,-0.6134244926457539,0.7888812173000922,-0.032134095905622696,0.018553077743394365
618,-12.600035837214717,36.65048479366874,3.776980789023875,-0.6175634909033403,0.7858499100874554,-0.030518106803250344,0.011130978212331189
619,-12.550850348492899,36.50180181051694,3.7550926705333607,-0.6107463782250683,0.7910539056504908,-0.034753900802452935,0.00384008060847995
620,-12.710768780753082,36.33763974571195,3.839320173357381,-0.5993998058213067,0.7995332811481822,-0.03826701652592325,0.001428483113775528
621,-12.68870770385829,36.14415701202666,3.87737339155954,-0.5936283430812448,0.803995878635085,-0.032539798754780955,0.011712340731547272
622,-12.828076888546251,35.97162278527704,3.8434978285169175,-0.587928834659897,0.8079620158081078,-0.033523103689704674,0.02032899175472877
623,-12.953246687597735,35.75211948897015,3.801940480300734,-0.5956668920132616,0.80191299205434,-0.04113050423442835,0.020610399198918238
624,-12.786940270616595,35.652454311699614,3.9149681995736865,-0.5934939441113998,0.803313588892324,-0.047602848276490424,0.013644963905942881
625,-12.982721765399818,35.414764527314254,3.986884392807553,-0.5931162436200398,0.8040798969312009,-0.03866217395769833,0.013186250794971656
626,-13.1952872672345,35.20509744114449,3.9661614234278644,-0.6044032959488145,0.7957896167014097,-0.03219989164209653,0.019460441276358237
627,-13.036522395676469,35.06008564996516,3.965859863068687,-0.6167014489469743,0.7861084047721609,-0.034152259316067385,0.02337780992477753
628,-13.047600487355735,34.94588930837874,3.928136574448305,-0.6128028366169377,0.7888352173146936,-0.041228791397413964,0.022624546807024762
629,-13.010761476575635,34.80467344776152,4.038811154363375,-0.60525356562763,0.7943267600532893,-0.049753655958356166,0.01541730446810182
630,-13.052837979950576,34.60535957566612,4.091629577755771,-0.6010091774603294,0.7978336590766871,-0.0439293022123426,0.017878407644406853
631,-13.066967899343785,34.45846696076364,4.0805190891502106,-0.592693487723856,0.8041506099878014,-0.04146126756049312,0.018362716527118506
632,-13.294055081969228,34.225556158373635,4.056066876369211,-0.5968955300369516,0.8009044271805459,-0.045941720169511806,0.012537268138415875
633,-13.19635260409971,34.06634352690656,4.090842301560107,-0.6068297357113108,0.7930295888194794,-0.05334988184493513,0.003941220683954846
634,-13.312057877609561,33.90542475461644,4.169421723834484,-0.607557135144911,0.7926719007665548,-0.050357040973273176,0.0031230904664312975
635,-13.407306539172877,33.67332778875748,4.170194844120706,-0.6196079826508885,0.7837019223971132,-0.04171281467775506,0.012541361888758243
636,-13.345343169696374,33.51025989616927,4.177132524318296,-0.6340853531319538,0.7720689784791928,-0.038485816883569904,0.019081386543583094
637,-13.269169819686548,33.4144905137196,4.142511814089119,-0.6344052743534457,0.7717221535162297,-0.03993338885583353,0.01949846402388206
638,-13.234249458473645,33.27983041441482,4.183283442217795,-0.6271940741864797,0.7770137817501528,-0.051555995608371166,0.014803904637630394
639,-13.301037994895388,33.083269578362284,4.245650611275987,-0.6193357604039451,0.7830132139630351,-0.05431465191954282,0.019064134677563155
640,-13.257924052440227,32.95967643332871,4.244508631327018,-0.6083383820157754,0.7915114947729694,-0.052451982916947956,0.0261296019251746
641,-13.474910009902876,32.71098011223193,4.23873516363,-0.6066482801292782,0.7925107798233967,-0.05676609075723433,0.026117791255042568
642,-13.474306916506631,32.51296622378463,4.22928066644989,-0.619017885639482,0.782704341445937,-0.061277505063539,0.020876745754434753
643,-13.486789993769865,32.414644283681525,4.332149171182863,-0.6200639790994432,0.7821882811943948,-0.05820850343721865,0.017717920677180223
644,-13.50448657393661,32.205982666620294,4.357767785992749,-0.6264276518717115,0.7780390686044872,-0.04159000053241016,0.022668845388991513
645,-13.523440040684275,31.991961973065848,4.37051325350961,-0.6373433952112272,0.7696565012383482,-0.02865568583573726,0.0245177150536802
646,-13.458387828391096,31.924327369158682,4.328829905363084,-0.640649144081931,0.76715313826467,-0.024683336966534786,0.020867906314579764
647,-13.494708521781783,31.743073721475998,4.324644180552675,-0.6417755204055884,0.7660411039390813,-0.03239060239389263,0.016001792414933158
648,-13.502840015869726,31.633423696255033,4.363168898047429,-0.6353349177796858,0.7711074333773345,-0.035619600208454116,0.021774125036144128
649,-13.49646074158285,31.470127169775264,4.3989531953170395,-0.6257251347919689,0.7788393815949198,-0.02988717377671837,0.03136925580971639
650,-13.60391594916839,31.270291333228986,4.389650739502044,-0.616332914798655,0.7862255777089695,-0.029938325975841208,0.03296628170957474
651,-13.66816126969037,31.037050229722162,4.366666416728684,-0.6221245716916444,0.7816089063665281,-0.0375593659038468,0.02525527309114961
652,-13.702276028794804,30.942797234424592,4.428303011086783,-0.626575220650564,0.7779639156769871,-0.043782385312216184,0.016085443966496592
653,-13.783982849251634,30.70586734749164,4.417610510964368,-0.6342933594303664,0.7717385790069102,-0.040786966711157016,0.020686304683006706
654,-13.815994025277945,30.50716204701179,4.442735847026833,-0.6455874050008819,0.7619543922899086,-0.0428032530591229,0.028465559925992392
655,-13.741625481407334,30.447914142783276,4.450316050559992,-0.6497008633330694,0.7582267578014198,-0.047073695681384455,0.02765934043154162
656,-13.76974748734446,30.302982935105828,4.457867131075732,-0.6453346723629003,0.7618516849041016,-0.05241965727147807,0.019425508657188836
657,-13.793691922820264,30.14308472373974,4.499011676288505,-0.637798585071054,0.7684177974161539,-0.050005851319609995,0.015699309834159608
658,-13.778103624268171,30.041543087278942,4.525325115115614,-0.6243106728586691,0.7800958328827535,-0.03645299884950651,0.018917033292689036
659,-13.924888298642921,29.742430435838102,4.497328412158363,-0.6164952322990893,0.786410068761439,-0.034485535646276495,0.01742355113948607
660,-13.915983866630334,29.51548491751605,4.47979854336289,-0.6301767217687738,0.7751044489154203,-0.04429451395078744,0.01133087137636751
661,-13.858599115040656,29.504036502722222,4.522362194355988,-0.6402962239291238,0.7661101086013782,-0.05564055425445686,0.00041933655585560343
662,-14.03524019981773,29.137704427733365,4.550584557785217,-0.6406697486934642,0.7659783154865195,-0.053060802016352465,0.0020111198047239854
663,-13.939132746538547,29.075355466004115,4.582615209891198,-0.6514202589303328,0.7573633804831479,-0.04414470301247407,0.010178475043790408
664,-13.965759796778427,28.95133181760167,4.576920936028695,-0.6469493797284261,0.7614714900668682,-0.03808108739064398,0.012942204893074453
665,-13.943448554346146,28.785425631663788,4.538390680056122,-0.6403649279856946,0.7670019047069454,-0.038469416959274735,0.012686257943438457
666,-14.012370242121593,28.6422986718755,4.589235095326373,-0.6281705654050016,0.7768186608105335,-0.04288968245415831,0.010723064593267216
667,-14.00418433551144,28.504460497242047,4.621594714897007,-0.6158817663483951,0.7870445634690186,-0.03166285595012628,0.015747017067503838
668,-14.142972336991052,28.218107941525727,4.6181786099776785,-0.6082350753578939,0.7931718024742824,-0.02164905432058089,0.021445356399453767
669,-14.222883206118773,27.866686639537626,4.601747408281974,-0.6234288929322994,0.7812605902253855,-0.0223645183539179,0.021636403044109038
670,-14.121365370911752,27.843153433926204,4.630929173858008,-0.6365525679953549,0.7705823734031997,-0.02708309274665817,0.016435938247839742
671,-14.249861558629592,27.66061769289928,4.646473324972647,-0.637956915553921,0.7696141550619602,-0.023149377947680426,0.013005096148344596
672,-14.255651909320598,27.39331121940013,4.660468167998143,-0.652840063339068,0.7570686361424142,-0.01805407077979651,0.01791598161376175
673,-14.248024644407366,27.312007376629595,4.67056040674303,-0.6653579458891835,0.7460245199225718,-0.019180456071395915,0.019450697193566877
674,-14.235219600393956,27.284762488897655,4.62375130229254,-0.6653451637781327,0.7458215680195666,-0.027335020783773856,0.017854925164660113
675,-14.253005488705774,27.16463511095382,4.657785591317901,-0.6574589636612437,0.7523085545495514,-0.03890170726571666,0.016315851950198943
676,-14.286898775163847,26.99427354182881,4.698159832279545,-0.647373082569712,0.7610700574259305,-0.03245556806190258,0.02504188003442924
677,-14.357125604345121,26.784463501019648,4.699242302478542,-0.6366431819724621,0.7699945341149075,-0.025372802540370804,0.03391308261412562
678,-14.447872093676084,26.371495580743364,4.692504639534001,-0.6432461625149866,0.7641895163232119,-0.030483853469660552,0.036324815609709085
679,-14.419836897789983,26.295657850854056,4.728808783976656,-0.6555550132474527,0.7535274571022613,-0.03857737401028101,0.030915727609140266
680,-14.48338443640744,26.147178317847352,4.768179646088477,-0.6579736197990029,0.7517670627456815,-0.036038574797887434,0.024864033177762968
681,-14.467278129149838,25.95800817133989,4.801368675099664,-0.6656873228629439,0.7453616996436293,-0.025911825743683704,0.024998043334542863
682,-14.461204510307262,25.78329201865105,4.811141112177683,-0.6731260460050724,0.7389068590780212,-0.020799377872693318,0.022031016252983364
683,-14.454475091227083,25.82699997043512,4.7671968808444,-0.6690077460331659,0.7427175461776997,-0.022873359871684297,0.01661600901480457
684,-14.475489947333628,25.649150135691468,4.796023358862071,-0.6570296799768147,0.7531992548992731,-0.03057459602930821,0.008250825800411189
685,-14.479407079454175,25.502391311416382,4.8142281400915214,-0.644887831928686,0.7638083971344899,-0.026056480794153104,0.006121805761703855
686,-14.545091712819929,25.219377961492594,4.817519028460363,-0.6333789957044443,0.7735148079378923,-0.02050928023518071,0.009233586814973695
687,-14.5946730497489,24.925768507077596,4.80777531070426,-0.6371548890414374,0.7702547200483747,-0.025079478950622628,0.010598742819726465
688,-14.615501834284608,24.71076311954939,4.809345938382312,-0.6494001869229722,0.759608955995452,-0.03460604767707952,0.00872081762680541
689,-14.638218538967482,24.65259105049926,4.847235401358929,-0.6524747317274879,0.7566956811055967,-0.04059404459374659,0.006363505071952212
690,-14.657109757010245,24.364950087323766,4.8899181212766845,-0.6608363261210153,0.7494443502655991,-0.03890293705966774,0.01072741450604836
691,-14.656371348595483,24.27751624971615,4.913940442841629,-0.6691335144018208,0.7419872565781976,-0.03989580508102782,0.011116461521766607
692,-14.667285084339023,24.281768659091334,4.8696596967228505,-0.6665875165043742,0.7440052403708536,-0.04511185212321792,0.009066749100528461
693,-14.675814788806504,24.084864054711275,4.891753494586444,-0.6589999612447504,0.750152564604076,-0.054298297037207,0.006471154163249111
694,-14.739015122273539,23.919683559400763,4.931096084255579,-0.6476222382812056,0.760173082644159,-0.051270003079640185,0.009680273298395657
695,-14.786993690810537,23.738558056777926,4.937446806094739,-0.6349826602643446,0.7712538797185851,-0.03923601828493738,0.02061574766508379
696,-14.89703768042323,23.362554485120448,4.934209311006093,-0.6365771362988607,0.7698750921114087,-0.03754784070725227,0.02553530391858834
697,-14.909511815143453,23.09382559083991,4.944986086929006,-0.6540235842078338,0.7549529177773802,-0.04129966798747542,0.02436351090222782
698,-14.923951259412759,23.088971500293997,5.02234916929908,-0.6591691091474631,0.7507289650230852,-0.039015848855020574,0.01949025805959569
699,-14.907007189835468,22.778410890152326,5.041050664989101,-0.6673670371214205,0.7438544863790933,-0.02476975354718241,0.02623356946134608
700,-14.924411466801864,22.648911895902184,5.06479728191543,-0.6778758898338101,0.7342616892609757,-0.015472364844039245,0.03323635948432574
701,-14.947416934061287,22.638856256874284,5.024830792307647,-0.6796503222822922,0.732645961980036,-0.016083092231050606,0.03235224814771848
702,-14.954569192473866,22.542719118421978,4.997890161144449,-0.6773925689828709,0.734543971773517,-0.030064935809952866,0.026087557431012546
703,-15.007816574349327,22.400466600544615,5.0767744088855,-0.66902777253651,0.7419284069190154,-0.03961205030716658,0.019363988533104955
704,-15.028556867919788,22.243786956516498,5.096911742311278,-0.6575766437171642,0.7521028796895011,-0.03765255304574685,0.022726663845947733
705,-15.07234883237912,21.947610742166862,5.104747158492159,-0.6513031524426944,0.7572632490451364,-0.04112100758745732,0.025799961217107984
706,-15.055827296725528,21.66308018936206,5.103110296146832,-0.6613144546018995,0.7482461312522481,-0.04651929214213052,0.025037465111924943
707,-15.063629413134946,21.699066262826054,5.1538995420384905,-0.6679843861202571,0.7422822041344981,-0.04905874465469226,0.020179913222814795
708,-15.141033254559948,21.313189309503926,5.177508346685189,-0.6707184462799171,0.740286050790641,-0.041257352628276914,0.020277072736373223
709,-15.09317149902417,21.12518342433505,5.210538627826057,-0.6849435896528036,0.727237215536167,-0.0355874721926304,0.02668038897154661
710,-15.110877088201411,21.197603533330156,5.206533273366185,-0.6906207968786526,0.7220022007962819,-0.03493166396040412,0.023141214682416672
711,-15.156069550009963,20.99660888660909,5.169762354754236,-0.6851717705290794,0.7271804931697803,-0.03939777645620052,0.013999658342582136
712,-15.197090126337267,20.920987132339377,5.2156186019084805,-0.6787035640458359,0.7331266965507048,-0.04310994439850867,0.005315228131354111
713,-15.220607791878777,20.641512089558418,5.248173705940286,-0.6689166255169648,0.742487183168835,-0.03337193817840183,0.012232934203304322
714,-15.24140766351342,20.38197699574737,5.23520115160351,-0.6665701899759189,0.744466735097626,-0.03067531555699758,0.022638179786083932
715,-15.187447354176472,20.086912974860148,5.225354541290288,-0.6779477096993429,0.7336873922587108,-0.03794306167186691,0.025495831521899635
716,-15.116126620985892,20.015797501470164,5.260142573956743,-0.6912057050656846,0.7207456753555272,-0.05027328654329194,0.01526241793068796
717,-15.314502281764787,19.754158738445067,5.325063548823596,-0.6923294755675334,0.7197934154409007,-0.05064965429513817,0.0034567134810405092
718,-15.103879397180517,19.588665702117524,5.358157989893318,0.7106362285044188,-0.7022986391020138,0.041783778103252386,-0.0051853775072641765
719,-15.168256234451384,19.500705412911657,5.358890011159598,0.7172861476399829,-0.6957900214068727,0.03690096471426091,-0.003891955494770369
720,-15.197562530533428,19.429571855654515,5.313771996742337,0.7152425352171915,-0.6979254011422467,0.036437673018138335,-0.0007390815529827908
721,-15.201260094807598,19.213900436107235,5.353563886310987,0.7070317180147844,-0.7059656424438159,0.04132691321187075,0.0032783615314895954
722,-15.220347137346653,19.08757888327948,5.402370190994512,-0.6988036787206984,0.7145291263233573,-0.03345597607129204,0.0014979676618252088
723,-15.26139321531047,18.891884232864356,5.387259542889678,-0.684516016178503,0.7283923743270397,-0.027289184547519836,0.01173341485076728
724,-15.087290958489493,18.470298736401634,5.395941026761337,-0.6834007559598825,0.7290169649938252,-0.03568249578901074,0.01498102129095986
725,-14.99852310793894,18.343387414564543,5.426801046191571,-0.6980263631788044,0.7145781805768592,-0.04522535218502189,0.009585805682269789
726,-15.16224450457788,18.200429737571923,5.491468637280691,-0.7000348784457741,0.712883067628985,-0.041816600596655394,-0.0005222660606343471
727,-14.994499610515707,17.888857460937732,5.510266331260747,0.7108028763405133,-0.7026468972458734,0.03184497262831858,-0.005701446755111248
728,-15.056837573520443,17.847066677120644,5.517180754692754,0.7240765803468331,-0.6891024191350053,0.026810075721494308,-0.011497024629348408
729,-15.120646648205769,17.740655321417194,5.470458389276616,0.7234604298175323,-0.6896669213091254,0.02926453998180894,-0.010398597976495434
730,-15.089132347079268,17.556352292663547,5.520830069552966,0.7213932601707846,-0.6912181517731588,0.04247820315476734,-0.0021984303962598417
731,-15.097180975968737,17.429109269055825,5.561778242999815,0.7205722295736838,-0.6919869186129912,0.0439260050810671,-0.0005220280893105255
732,-15.112535825598341,17.24696143758244,5.560109293758147,0.7172423606967129,-0.6954196756926248,0.043825894803099265,-0.005844794819202011
733,-15.013999704035486,17.017064872576007,5.574182455547187,0.7212978135052176,-0.6907076043306233,0.05046202508329899,-0.010298231738319338
734,-15.003619212069038,16.832322326687482,5.564967367321098,0.7296819577638384,-0.6814389491032294,0.056107501304088626,-0.007559593668316274
735,-15.16455800056435,16.788031216420215,5.6452248665712315,0.7327266778632356,-0.6780900256024094,0.05717337650301153,0.0060611669895359365
736,-14.86168439962592,16.466488930137164,5.67285654821554,0.7347215659264115,-0.6764435220653819,0.05060699047402136,0.0068785560683315115
737,-14.874731410539887,16.351003135337802,5.67854562069122,0.7473644002192951,-0.6627466541668205,0.04686158735747812,0.004161406718341784
738,-14.908103676593216,16.229518548694795,5.6762394735278345,0.751502362745071,-0.6579720054713012,0.047816935018626494,0.005529876135522165
739,-14.980687019016647,16.10463211713782,5.687328725005969,0.7453582426415044,-0.6648121870042143,0.049125474887707195,0.007248024151380811
740,-14.905507212012182,15.854932643323918,5.748130046615388,0.7367591825691269,-0.6748154775790742,0.04201277040875186,0.006701137394466956
741,-14.845487948448808,15.70971443440708,5.762143586751233,0.7380846079368188,-0.6740940586513549,0.028776279371257797,0.00048719938787028717
742,-14.76783624433657,15.489392825590638,5.790283916122494,0.7383815617973091,-0.6739437423422827,0.024300726775494275,-0.0014057146325391046
743,-14.79942174492147,15.372366812433519,5.739589718062034,0.739960799849582,-0.6723596456999502,0.01960540499382933,-0.0024798417756606
744,-14.759203197852441,15.16133235789161,5.789534947175659,0.7404467545293217,-0.6719423080170142,0.014583416878558872,0.004411616020072908
745,-14.654960979667122,14.944818198260265,5.7914073540464,0.748745744955877,-0.6627399065548122,0.01242799923898984,0.0010818988415406002
746,-14.546425881463836,14.779514234770799,5.818312253617925,0.7645075793735531,-0.6441261630480019,0.024931147129098823,-0.0028434240409723486
747,-14.744783218174474,14.755058143907544,5.825943434938521,0.7752700713655515,-0.6301419237797444,0.04317937637302913,0.003607463936307069
748,-14.839892870892678,14.619264966236582,5.872787388378353,0.7680273279671507,-0.6379279895230284,0.05483555390054892,0.013227460344512101
749,-14.741850464914677,14.412976811415305,5.909786485662585,0.7617284929949913,-0.6462422312247172,0.04482240084057321,0.011473182826284551
750,-14.993651682636955,14.388358580091555,5.927716574671762,0.7528147519239443,-0.657758758809082,0.02478661506662511,0.002998034216792357
751,-14.989886029000656,13.85931013378657,5.952339961490948,0.7466873254984858,-0.6650209514438021,0.013764656936044922,-0.003963117476342035
752,-14.800361439368984,13.712382327894773,5.888088337239945,0.7612195498164094,-0.6482351751562719,0.01591071706852413,-0.00909965657516468
753,-14.902030125441163,13.58135854484657,5.960078240829777,0.7709419322408972,-0.6362227656246544,0.029369632380873596,-0.002560138160354861
754,-14.665516352621077,13.298626961059737,5.971248007815004,0.7836853858624986,-0.6199520235019408,0.03849965657907519,-0.0038053889011591406
755,-14.707991201600771,13.249204012206176,6.020077395489771,0.8020578397067731,-0.5953909420664917,0.04615669596639164,-0.009077845974993585
756,-14.845590897552542,13.275001443030854,6.042473035163241,0.8081774489585782,-0.5864793834665987,0.05376729217096997,-0.00047122822964878075
757,-14.87755251883121,13.129435954190805,6.033852937924075,0.7993912365049788,-0.5975916740828037,0.060842522925467324,0.012491175685958719
758,-14.878411546469609,12.951016374489505,6.087675677636332,0.789837308019142,-0.6099047395483694,0.05966872165082948,0.02475639703322522
759,-14.777356073447049,12.757848261730905,6.0922356572665555,0.7837443466400759,-0.6190162257887454,0.04582238891609229,0.021541123322614604
760,-14.65524137730441,12.514444253000246,6.094756627815185,0.7805367191697989,-0.6236569903402366,0.04114409158916463,0.011025069374249288
761,-14.443015832617277,12.299850568755595,6.084845791338859,0.7889686010004624,-0.6125491485671244,0.04788488014445321,0.004373268642057208
762,-14.602075561808062,12.237136753342124,6.153403506262073,0.7965340290928313,-0.6019437594522647,0.05591241754949087,0.00842926553064029
763,-14.437815136478532,12.017964772654732,6.151688550210208,0.8004462816684543,-0.5971654531512903,0.05124461072264065,0.0072912000140434394
764,-14.426298013006638,11.873925100361488,6.167237567651072,0.8074805664509448,-0.58829492442625,0.04317897538575155,-0.004448908069469098
765,-14.411136430715992,11.792001193872755,6.173920880052855,0.810089561327151,-0.5848281756668331,0.040513639830185015,-0.009463221581347499
766,-14.360270729180147,11.609695989672256,6.1656474256566325,0.8049666210748375,-0.5915454316616735,0.04521829140377355,-0.007618881682163516
767,-14.3676720265161,11.466644003819875,6.215830775517395,0.7995807195959962,-0.5985644132113569,0.04859866002854494,-0.005430131740838475
768,-14.269316128412914,11.334511759714799,6.239569912061179,0.7963075528380428,-0.6035509453849549,0.038153152696263154,-0.012840348801744913
769,-14.253661634209031,11.12890651627847,6.251110517833955,0.7885338711022312,-0.6139128375961758,0.030842584472645103,-0.01934158582405177
770,-14.071239694963563,10.943881760936776,6.248313881935288,0.790902010809178,-0.6106595595118033,0.03465698499726293,-0.019178244595083334
771,-14.052169669468991,10.846267907106094,6.3126938615667,0.7969942255250834,-0.602540457828403,0.0409422437654579,-0.008302640246389987
772,-14.039566344294832,10.597472399651041,6.332684548464638,0.7991001896305608,-0.6002208784422003,0.0342575665262748,-0.00045072183535161845
773,-13.913833228046258,10.407710708387071,6.344284510112358,0.8103711494530946,-0.5852665057765981,0.02732585990087812,-0.0038748846174982373
774,-13.87542856328184,10.290586265868715,6.38075415220323,0.8222581079550014,-0.5682899246431498,0.030463707070846297,-0.003182452332121646
775,-13.909570913293784,10.192473103787966,6.361184798333588,0.8239413312456808,-0.5652453714065526,0.04022785371343755,0.0002693588197158896
776,-13.860085487918484,9.997105384961968,6.398937739516757,0.8198310718784402,-0.5703998406823836,0.05011521200944661,0.003082346088177631
777,-13.795279692459086,9.880084474097648,6.4066732411951435,0.8156205047682246,-0.5770903795633214,0.04151003020088144,-0.0026083346814249264
778,-13.73456851177951,9.668808020853398,6.4419813391825835,0.8094057645979609,-0.5862703058725452,0.03264532619541095,-0.009149828703187009
779,-13.576232995590516,9.425593635123603,6.457344634317841,0.8158973323103238,-0.5770958294304557,0.0338132663090609,-0.011340626278298755
780,-13.493419785570246,9.308141527574127,6.500267849930909,0.8304904023122046,-0.5554542748089553,0.041333920929783365,-0.00690993808514403
781,-13.540605023961179,9.108526521820165,6.478003362339033,0.8363483580549406,-0.5463449201921995,0.04502083019346832,-0.0013330445134275798
782,-13.371400874698683,8.909428335014042,6.5074548702614665,0.8502031353172959,-0.5251048568133769,0.0371980428786924,-0.005985286429057244
783,-13.350834159711622,8.868236519520458,6.550513148728735,0.8584586176614861,-0.5117262190798127,0.033905851091926405,-0.005955814868022367
784,-13.312953681075708,8.799656276011168,6.539482782403324,0.8563309267536321,-0.5152854103043861,0.034309008845908026,0.0010870716248888611
785,-13.254738692714545,8.630566279924494,6.569363006840402,0.8494229990053237,-0.5261157898709047,0.03972883086470594,0.010215889948492823
786,-13.14970233641548,8.467508861396913,6.568889689505143,0.8438310773583714,-0.5353608839948685,0.03466401158036479,0.011672320831772111
787,-13.086846189225207,8.324748544356835,6.587638855387,0.8367385352166073,-0.5468297562854266,0.027562138627933403,0.0092827710648179
788,-13.02680603045083,8.08741137984729,6.612750225747355,0.83613714134022,-0.5476018037727868,0.030375973950514338,0.009178539249418648
789,-12.935511420772967,7.9669945763641135,6.6432276392554135,0.8446304354578802,-0.5336589774610206,0.040415710952350595,0.013194452686850674
790,-12.828021326288056,7.762626151346721,6.647384777625739,0.848888361380535,-0.5258478003231621,0.049960378973900425,0.01940621912547991
791,-12.734567285374087,7.54106276368323,6.662081283560355,0.8611198445886614,-0.5059603486901614,0.04766543014189681,0.014308933514348707
792,-12.653658281157181,7.447963986550983,6.720217318231804,0.8769210502736836,-0.47805258165864883,0.04888474492006659,0.009245673069083133
793,-12.577854495665333,7.423116489637276,6.682161398354454,0.8783530400110887,-0.4750251823078788,0.0530465401412217,0.00575133512247554
794,-12.4702434169745,7.272718524007433,6.716861036463481,0.8734070472117128,-0.4838399149130224,0.055015562015857646,0.005688106359356933
795,-12.322865819874325,7.093239596595464,6.696935382969068,0.8680981607249614,-0.4943270952494451,0.04511017297898589,0.0033732094496281085
796,-12.26913276618138,6.910546324187339,6.731713279889909,0.8595004872389167,-0.5104052630501468,0.027301416141736395,-0.0001120867114594503
797,-12.216356667988046,6.651224338646396,6.777123184145684,0.8637884703654671,-0.5032435563214617,0.024801178455497626,0.0005504832721124127
798,-12.141637094785288,6.500441190562794,6.794150584705467,0.8735042196604993,-0.48561611643044283,0.0338215478835713,0.004844439810359333
799,-12.011990389999585,6.3287533841986345,6.804281774065184,0.8815631851367352,-0.46976353918284125,0.04541891454888337,0.010280567454511759
800,-11.85074988513974,6.141619265345843,6.802838050439008,0.8951995921531534,-0.44399313849034294,0.03816248950567119,0.00560424634115313
801,-11.754204779823887,6.072356218611681,6.8653832015299185,0.9053703834070332,-0.4235484410792165,0.030139289067892133,0.0016763541538271803
802,-11.689067182291247,6.021185229370272,6.858601136723363,0.9061238550883923,-0.4219896223326278,0.029252887824504848,0.0029302623164031874
803,-11.611951581497715,5.877496447031654,6.900803781985478,0.9020126939741402,-0.4301305240984492,0.03645483426511942,0.005645990348059849
804,-11.450689966149408,5.714138939888653,6.887563138598343,0.8975879998104482,-0.4389332185165098,0.04060627781420618,0.004954036848088708
805,-11.34768489937961,5.570238443715876,6.915752535770452,0.8928951020282886,-0.44909601982706193,0.03230108241108862,0.002782413422764969
806,-11.275016817533022,5.394395412200145,6.976106532007781,0.8928904750077203,-0.44926854518421266,0.03004246449484587,0.0013506574786282207
807,-11.190757622131581,5.247301542075527,6.997884490794013,0.8974898340294326,-0.43964020105478135,0.0345600069509829,0.00583929361145925
808,-11.036068601726152,5.154228467206971,7.035166729107993,0.9045946657374848,-0.42362165790427797,0.04494969425173593,0.015254725838064634
809,-10.90464351532542,4.910482933011479,7.029149287005514,0.9123103478623644,-0.4069036125322748,0.043178380634028755,0.015965798985928332
810,-10.770352723428806,4.796722517907404,7.10390888232007,0.9275560282414118,-0.3712777238440439,0.0406401958294935,0.011876057137935592
811,-10.639017597736771,4.877825903048315,7.119016837787803,0.9343605442153436,-0.3532382253750471,0.044346208839412704,0.015051355721848859
812,-10.552493964154344,4.685383967500996,7.138058989224223,0.9273007466604547,-0.370092735181967,0.05071083590504716,0.02393958500695601
813,-10.367086014801279,4.497281412167805,7.1108040455959305,0.9227129554007242,-0.3808839821843852,0.05251363643892036,0.027758098619805924
814,-10.231926144948249,4.392297257611923,7.11729115198959,0.9205622492699297,-0.38801912259653487,0.038206944469084514,0.023378090444670492
815,-10.112190574670825,4.1777453107315115,7.17937647643469,0.9214482211766637,-0.38684798013752403,0.03172495691502814,0.01659346445501453
816,-9.985330450927242,4.031913322214769,7.192682489072272,0.929206262026052,-0.36774056717674886,0.03431601732519736,0.01284557585442429
817,-9.856412939722565,4.032017519516904,7.253867758191706,0.9374901429703764,-0.34441111996653,0.04730423767241905,0.015985035971649696
818,-9.67420280781628,3.7334248359430853,7.233104384857533,0.9415125260039356,-0.3330634420880324,0.048700032904380956,0.01584972293993126
819,-9.53575370709907,3.684183411960254,7.287441162762505,0.9505877436338154,-0.3076860307699419,0.03982163399609539,0.011246581173464434
820,-9.430818361908509,3.650326324641499,7.3155583660948995,0.9522584369949735,-0.3027910476388833,0.03678180328230823,0.012982664939803462
821,-9.320423737037565,3.5242173228472438,7.319355980512858,0.9481276116192213,-0.3149880010574008,0.03872683939417364,0.01835274327264411
822,-9.141439266174098,3.3772450220791437,7.331327261992196,0.9452813825974343,-0.32270819259142225,0.04330694997385199,0.02066490341189678
823,-8.98001063041468,3.2894791317541396,7.342711973473664,0.9433117010828099,-0.3297754107922232,0.032885844653159885,0.01815858635808871
824,-8.882277783654962,3.1151698216166324,7.387950769375212,0.9413834785352025,-0.33605931261755156,0.02570876432082469,0.014154299031638005
825,-8.745975375153067,2.988026294227379,7.413689893410185,0.945058348834777,-0.3254005508842139,0.02881974759403501,0.01219101843780962
826,-8.6110154318356,2.9193155309855396,7.4631574646816,0.9502310543637771,-0.30854898807722575,0.03901572751686031,0.018336801399224452
827,-8.459668042859736,2.7746035281319834,7.43540440267337,0.9537711822530845,-0.29675252199576213,0.0425184168428907,0.021228679230755734
828,-8.28506892618786,2.6793823476371976,7.47263058908262,0.9635333162858177,-0.26531405430321364,0.031318237561326075,0.015204242582187909
829,-8.177347381873314,2.58508179803905,7.522601992822359,0.9701208378934265,-0.24083936663912522,0.025447570106542413,0.014641739565149662
830,-8.060099118681705,2.4528068623737362,7.5223348701091055,0.970260474056552,-0.23995413230209542,0.025943128646071224,0.018535936738046238
831,-7.895764988360428,2.3948165077916195,7.5440317057619755,0.9683065058915632,-0.2467777091884842,0.031467843532620624,0.022204677866667032
832,-7.7410368096910585,2.325732022583001,7.564568734055483,0.965352215063288,-0.25883424584646814,0.02250001990301293,0.024365614169512734
833,-7.607197134453054,2.1703993297130744,7.573691037049023,0.9631646091229311,-0.2673098254314198,0.016098738923374302,0.02449946052410953
834,-7.440267566496209,2.1084862046740604,7.582398438856471,0.9670600785261282,-0.2526627216865082,0.020084051282059194,0.0235156219374373
835,-7.2854034349929035,2.023561533533746,7.614430382861471,0.9712583357189367,-0.2347490629920437,0.028574656595972185,0.027085267605490047
836,-7.097805352674618,1.9531299286183776,7.628005321759154,0.9750390354336722,-0.21821525735434422,0.025470214435729662,0.032128632323046497
837,-6.9189881223028165,1.8900534757963579,7.653101060109688,0.9812225929502179,-0.19004340663194944,0.012966818320922214,0.030291720030511726
838,-6.746111301355687,1.8736690194984416,7.694089767855731,0.9875278294642955,-0.15418671923394353,0.0061586534493693005,0.031261999825681876
839,-6.684001251295994,1.7918468128911482,7.692886095686266,0.9888527260124609,-0.14396827537627105,0.008926206754987957,0.03692891517326957
840,-6.514402369663878,1.7284525104634576,7.713045647454043,0.9873753045994837,-0.15153232356109494,0.017597809108787135,0.04264129334135125
841,-6.340589242824784,1.6658270412617646,7.714237213680722,0.9851338666501509,-0.16538839916627768,0.011084642242127924,0.04511178234677267
842,-6.181365593372375,1.589501769811643,7.72702578713509,0.9834824693322892,-0.17595481239370456,0.0005496668125108746,0.04244801971770116
843,-6.005891981858374,1.5479036858929904,7.733222885467607,0.9840009012374776,-0.1740863253390196,0.0008853353759425725,0.037886592286202676
844,-5.851319675970815,1.4970577056739376,7.739544968505245,0.9868116144749899,-0.15724167111691442,0.008850072736576594,0.03741083551835351
845,-5.6692635621199505,1.4490908494812753,7.77100800647861,0.9896690934247494,-0.1363020210375584,0.020411756429569872,0.0394994275954934
846,-5.4336072288716135,1.5008687929769444,7.756942329328635,0.9935990551330584,-0.10653332299976341,0.010043408468376406,0.03620357269191909
847,-5.310984549421912,1.4350103760162471,7.8414345722728465,0.9967546985295415,-0.07079332741810276,-0.002456472663144899,0.038240573928899735
848,-5.219343133699006,1.3292645337323958,7.837455182122221,0.9971651347260327,-0.06129514511693391,-0.0023145024398304923,0.04358029773146307
849,-5.0553623835128265,1.26571224807549,7.81484210157688,0.9967817398460606,-0.06679320139652015,0.004866692043995201,0.044058446014507445
850,-4.9038171874098255,1.2400315371583217,7.8452231823214635,0.996234468646472,-0.07503213249716924,0.0003457061489933138,0.04343895787041279
851,-4.698598459771913,1.2164619185041348,7.843569069461269,0.9954023446208203,-0.08607840780216919,-0.011251103397549714,0.0404733579772508
852,-4.467732490314163,1.230745867357048,7.84378091920651,0.9961001245440881,-0.0803939046740973,-0.012258161879943243,0.03422133021712176
853,-4.304010820125849,1.2206204097869486,7.85943704026658,0.9976582962825126,-0.059217062853520006,-0.005546449649131878,0.03377129286785319
854,-4.172230974429976,1.1833131790945597,7.9451823350022766,0.9982103173608181,-0.041570222970662006,0.003163554357955328,0.04287272793290238
855,-3.9068273727770277,1.2335781604428402,7.918720807294768,0.9984395175656228,-0.02271119037698281,-0.004681700777327826,0.05080170541250117
856,-3.7172241077685935,1.2434805522936212,7.9316285400188065,0.9985324997719409,0.008836975768210223,-0.013589974574677024,0.05167269442878398
857,-3.6327469270098747,1.2112216249171444,7.941114987233063,0.9979523768650507,0.0324857374420136,-0.013433766008827126,0.053434673228762906
858,-3.5035620446062103,1.1286723027714831,7.9270504082755275,0.9981551731626487,0.026970737129704783,-0.005099553920200818,0.05415555536727565
859,-3.354140016852185,1.1186839791415473,7.957462568790633,0.9983521818458043,0.019947296580215264,-0.0040181189946575735,0.05365520554995284
860,-3.1645359252520104,1.1387955925715114,7.973138237640493,0.9985684640677727,0.011899026784892306,-0.010780621304973505,0.05102170063003205
861,-2.9694923234894066,1.145672655867215,7.9745519631889135,0.9989379710286459,0.006884256065330431,-0.008134229055583697,0.04482601223921966
862,-2.760412610028386,1.1903493430451784,7.98301567538394,0.9989844137398559,0.016035759422998386,0.00011199774432472763,0.04210680445093418
863,-2.610070873172507,1.2227207132567008,8.0386548911045,0.9983697357060518,0.031457472675849675,0.008263117302703474,0.04690436154046199
864,-2.360764855132325,1.2286644078074085,8.036723647869152,0.9974009184803484,0.0491366293041494,-0.0030026432502714773,0.052611629975658825
865,-2.2157997564846865,1.2583652664653726,8.0751350818606,0.9955456595147434,0.0742983149767668,-0.01582725961956721,0.0558399325384834
866,-2.085167115394147,1.3236720067734522,8.07675531986283,0.9937026346327299,0.09231138380798377,-0.01572342387942819,0.061534187935927714
867,-1.9996668833827405,1.2877231683673342,8.021040665312084,0.9941514267932167,0.08633120839519921,-0.0065039342342827575,0.0645566565236489
868,-1.8413248462251453,1.2994796388924965,8.04214151961224,0.9953333445330214,0.07350299141306887,-0.0016136963274579234,0.06249991598556499
869,-1.6538532767882193,1.3506761275075736,8.065530725370895,0.9959948993975843,0.06668943489295441,-0.010091103628454851,0.058692838363926025
870,-1.4110856687499667,1.3430216405215347,8.0520251814117,0.9966961726972714,0.06304394619362032,-0.014657114599454346,0.049064948492434236
871,-1.1778794945086157,1.4198071555877592,8.038502993285514,0.9959550004531801,0.07963536310210567,-0.01277170585613944,0.03960719057729413
872,-1.0290079269912384,1.5183806395539154,8.085341264030111,0.9942071986172958,0.10119484528451388,-0.004546157699988539,0.03593023734348211
873,-0.8970612861250147,1.468810208503912,8.15797007361784,0.9929961871883414,0.10916212290979385,-0.006783653636321448,0.04467868837136801
874,-0.737093231188261,1.5500327077751583,8.181994251864909,0.9901897495717533,0.12713075741053734,-0.017043047266209675,0.05542170065176117
875,-0.5772624497533889,1.662166914745165,8.172085318686301,0.9871723928602746,0.14419151759652818,-0.016074152013527968,0.06664153858349817
876,-0.48845195738160785,1.6685672547462505,8.089150024053172,0.9871149504456491,0.14269419443329195,-0.008004032324072236,0.0719609404348825
877,-0.3221338255570342,1.7320968306124476,8.087187219392444,0.9873827069125088,0.14282451651209677,-0.0019708814821777537,0.06835688114151786
878,-0.20496897433163014,1.7478268362805924,8.108801384493308,0.9884271999087595,0.13746808097039115,-0.011972749395493367,0.06301468453273308
879,0.002692239115745121,1.7570575007798148,8.085519466385437,0.9905109156087756,0.12570917814858829,-0.020628403910031377,0.051573225041644286
880,0.3057323995924011,1.8384519306892786,8.08970016688742,0.9899696068569602,0.13460536241203538,-0.01997570086179834,0.03798085418312949
881,0.4719345356542666,1.897259556204328,8.123032094398667,0.9881146132765112,0.14942353229165262,-0.011286158213054572,0.0342745045140841
882,0.5101472851201385,1.8465737142820553,8.217716863361797,0.9870215316708144,0.153495687844957,-0.008641888908193528,0.0463992196841846
883,0.7853003971970738,2.002101998010095,8.223881354078184,0.9824844030149248,0.1751882478674537,-0.02259310849690588,0.059355093210150305
884,0.8759365665082792,2.075922338016708,8.210561297692811,0.9792069508179989,0.18781766059191846,-0.029829485682277505,0.07062914146035441
885,0.976401425705521,2.138510506571872,8.137444571346666,0.9788237235726555,0.18780892566692425,-0.029653411190480164,0.07584590177435978
886,1.132002924123126,2.2068257910502607,8.124574652218886,0.981008939843418,0.17807153876464338,-0.024484248050239698,0.072886957864213
887,1.2893887255969878,2.260205109886262,8.147472522416765,0.9826817852755365,0.16891065744158495,-0.029965159225659604,0.07005560593497727
888,1.4717949043198757,2.313569271178961,8.138127115414362,0.9844416756256328,0.16005815545842905,-0.03542257846258903,0.06325515866475566
889,1.7171122093084845,2.3941890051353405,8.136952891702999,0.9847269074379497,0.16303275105400422,-0.030760762939326246,0.052792189903862155
890,1.887671318310249,2.4572261216037177,8.122774900059222,0.9829947827232204,0.17639923078377445,-0.019117664857077814,0.04731895400612657
891,1.9224577702321164,2.495468577619157,8.187738772670375,0.9817077207094238,0.18369263610696568,-0.006969921695969978,0.04958212108345081
892,2.1631403140118195,2.6173300593802087,8.180301850055274,0.9795088961898237,0.19480209356527953,-0.010004092384789286,0.05014364130310004
893,2.3267976596501576,2.7389664870182697,8.190359503128047,0.9758336856899114,0.2132947162128888,-0.011711970645732052,0.04600882145958488
894,2.347822474101157,2.7537283078041033,8.191338856449443,0.9745327013356022,0.21938400985108505,-0.0037889296073730307,0.04628514082967914
895,2.487342777377445,2.796991511078057,8.177117318150266,0.9782403946574203,0.20145986904459862,0.007464908548118707,0.0490298538178102
896,2.6428150277570692,2.855042694692075,8.22733226872569,0.981151772624474,0.1853301402007547,0.003308309891767973,0.05461678583257504
897,2.747310048375123,2.927987746964076,8.23600464365971,0.9832060504762665,0.17115903088538237,-0.010499005023728566,0.062451736138793415
898,3.0752438163418105,3.0507153416382664,8.170900341411992,0.9847840511376327,0.16195100594721384,-0.01523005697512854,0.061157907601326084
899,3.286852502407842,3.199230720601169,8.104270893001285,0.9804899647981091,0.18896693312511192,-0.010197143300873988,0.053169026547357195
900,3.350221702916735,3.276033297956675,8.142922196622635,0.9763396687202378,0.21058465860742767,0.004167243541328853,0.04896516030522949
901,3.496092956057185,3.291695133994664,8.206201695565785,0.9731982017597619,0.22328634831763572,0.004226495436704413,0.05486896648256464
902,3.593495937992115,3.392082648845683,8.215431364474103,0.9692075290652741,0.2384944035275952,-0.006528117229815183,0.06094726224069632
903,3.7033232316697777,3.466096176838399,8.188293157042617,0.9699448948891635,0.23416950083263094,-0.00686236282327365,0.06576057888072404
904,3.8093460580598344,3.499637975614192,8.131617202709538,0.9749752144694093,0.21174812849885133,-0.0005328046103153972,0.06771836801644494
905,3.976173385685561,3.5580438517742485,8.17577345310089,0.9785693882358872,0.19258761305546906,0.0010569246523915283,0.07287555567896063
906,4.1372662108341824,3.6411475363549366,8.203504354947826,0.9812491719240913,0.17496186811520315,-0.011011077089272146,0.08010719995891447
907,4.371220439372105,3.685084215763002,8.164244213434513,0.9844612596859881,0.15500878882008837,-0.019247683150317267,0.0802360907531762
908,4.7007774688618085,3.7558025596477855,8.114332778324904,0.9833766912928295,0.16425542037992347,-0.019313659502819353,0.07494946600470735
909,4.835416690445351,3.869836042282202,8.10165542080091,0.9809107471567354,0.1814518648038911,-0.010247422007043877,0.06916875894372294
910,4.981459419062185,3.8447907201939557,8.13543088937985,0.9788075605636533,0.1920818473485204,-0.00944061374561569,0.07036475051271156
911,5.179215986411971,3.9774595301774753,8.136347479143538,0.9730158201544651,0.22031469756592872,-0.022958589897935137,0.06461076470268153
912,5.301642561776385,4.03438921224087,8.139442965914057,0.9695729686288813,0.23630940475565837,-0.026928168354180906,0.05797411040536656
913,5.348023198461149,4.086197466342815,8.098335132554654,0.9697600713520032,0.23706102781676855,-0.021157830081564667,0.054035352576389147
914,5.451945428532929,4.116688806143216,8.130881837170618,0.9746842461212498,0.21630405393539479,-0.012860332252393442,0.05511613619007344
915,5.62092453783627,4.206501108287976,8.153375409466435,0.9784356694247788,0.19716655374798622,-0.018153913129358185,0.058816888038379235
916,5.841796934079987,4.282698323881781,8.127180776934104,0.9815100137455645,0.18182997983760157,-0.02150402546618368,0.055798998541092736
917,6.119621754928527,4.384760118620047,8.077529510642329,0.981491195304003,0.18465550289215202,-0.0162383465531056,0.04810088246162645
918,6.31689890026624,4.519963153682099,8.04399200440133,0.9777735525295708,0.20581691006813999,-0.0027908489315109997,0.039880956181454166
919,6.396393399873489,4.503827127004952,8.122975906708186,0.9748458233428081,0.21857379125502951,0.002879584282589494,0.04350662572350108
920,6.552071237721564,4.606038407766545,8.125511394006791,0.9704671432712629,0.2364000908979645,-0.0074161645223293545,0.04747126876465458
921,6.701894657592802,4.716733267388973,8.12391047092204,0.9665206130243893,0.25122503775456667,-0.013165738750890933,0.05050295364944892
922,6.762749668242669,4.685241045328898,8.072440626716242,0.967270704694015,0.24754035606838817,-0.010576204523361186,0.05476586396797895
923,6.960922224364763,4.8190155211231085,8.055029159420958,0.971622606205892,0.22998081566315548,-0.003995237008687076,0.05515771585031624
924,7.093679126891798,4.880752234556291,8.08410436981703,0.9739879689532691,0.2192195454004814,-0.009838143663037495,0.05651051387093713
925,7.297903159774075,4.975077334850918,8.07207262997134,0.9770167446230299,0.20585993302493133,-0.012880528478374073,0.053796474673585726
926,7.50057290813267,5.078843072777607,8.05891908890305,0.9786809641785252,0.19891077978009308,-0.006920299798542173,0.05069695742907762
927,7.640175093465272,5.184969388549405,8.07448761847232,0.9779627664951668,0.20186354809086102,0.0006182506077842602,0.05328745694320929
928,7.7690261228319715,5.181892813324109,8.104227274852365,0.9773122564078651,0.20105002602446703,-0.0062468449010866425,0.0663371497677591
929,7.960872763498297,5.333723349582361,8.069470105786525,0.9753186239339541,0.20891950053863703,-0.02382958557924468,0.06736746212665318
930,8.140707238175985,5.410439769206278,8.046918359088354,0.9723877444900496,0.2228356683189986,-0.030764816665602737,0.06212781459146099
931,8.23594689030702,5.3736487797349195,8.009176796382699,0.9722365805163218,0.2256004584791244,-0.025810099576570832,0.05651816875824996
932,8.417475706601001,5.459425635624179,8.026669749157923,0.9766698308706577,0.20868661611311964,-0.009939045815320019,0.049670444840139834
933,8.533372700931503,5.554931823492363,8.091511889518497,0.9788893688864417,0.196303409916624,-0.0050416626104729054,0.056702348931343655
934,8.707113272136842,5.589028963988945,8.035629736161935,0.9815287953804549,0.18199457034500519,-0.008050371744015801,0.05843279660185118
935,8.881882730012732,5.927833102182284,7.966047832868743,0.9809554035011928,0.18720819559174776,-0.0029604537650047627,0.05168001120935493
936,9.039775311729672,6.003903890193016,7.938870210737747,0.9761831053931459,0.21224334158249855,0.006925003042539693,0.04439992152864338
937,9.181664544594828,5.899735651964754,8.031968672011866,0.9727656285141613,0.2257029765468799,0.012844535755107248,0.05118804802454647
938,9.307917000724755,6.110234977811783,8.028661051499432,0.9678358562682116,0.24539185057338045,-0.0011321410798229917,0.0554555069431782
939,9.474023954983556,6.133868971552509,8.047167883350626,0.9641046092125601,0.25903472195104327,-0.011510406289333218,0.05719113450436719
940,9.603512837748102,6.100959763010895,8.026000215103094,0.9632111411887314,0.26133354601618547,-0.013439674849749575,0.0612245894754814
941,9.800413293207347,6.127947941304118,8.027123637334988,0.9697977031656525,0.2357978059483485,-0.0063482776657234575,0.06206052703005865
942,9.923868680471923,6.216875159820414,8.048751184111783,0.9744071632655907,0.2142474051683469,-0.009693273354166733,0.06734070096914603
943,10.102980769761174,6.2494874001792535,8.040387702333978,0.9796607574289021,0.18854919808258544,-0.015610198010153202,0.06686046645311092
944,10.324449278947283,6.484256858386461,7.96876352183368,0.9841545670251957,0.16721093348129037,-0.01197991020745165,0.057764813504299434
945,10.506944016354849,6.674447869911255,7.89156916678266,0.9844353331800787,0.16991352301785917,-0.002753688770883222,0.04482060553406348
946,10.612492801884759,6.633757077129495,8.037200869240445,0.9811166493073245,0.18800458351219257,0.004155474171180694,0.045245210407161
947,10.744295614980853,6.7778016556196015,8.041608633333228,0.9788210636781376,0.19771183013331975,-0.006742535380919347,0.05266778656797259
948,10.906136786749894,6.890239350304518,8.045909271887773,0.9758072623001924,0.2100329428072066,-0.011910959500667704,0.05953552571130602
949,11.036825598737883,6.872587230729679,8.007422224400782,0.9738386696437459,0.21667017172953504,-0.006443075855304513,0.0681965465600402
950,11.228387236589041,6.935204211487235,7.966785149195301,0.9769138175017171,0.20265995388559244,0.00577216475893283,0.06734254509080476
951,11.352536168612211,6.968430752364982,7.999302576984447,0.9795867055683399,0.1880683950321114,0.00545207986521892,0.0707844607873471
952,11.532563284922666,7.0144401238809735,7.980558487835325,0.9828486856455277,0.17258328085311442,-0.007818048593203931,0.06451628020141817
953,11.759979343288192,7.219490258354193,7.93980147102937,0.9857211368890629,0.16036455041350461,-0.014050496551703625,0.04939265944913534
954,11.936194295665551,7.318372726742612,7.912611197817057,0.9847222088536864,0.16888562999473578,-0.012900115523703957,0.04041537320219995
955,12.07346127796059,7.26838395391644,8.051711055334199,0.9828584225275203,0.1777627724306368,-0.007930650242535314,0.04823715156617992
956,12.220684252019504,7.479143372871098,8.050023888527353,0.9813901205389093,0.17889885216667112,-0.019234875212215837,0.06707198802512954
957,12.387494413011996,7.548180072167333,8.035538609669164,0.9784275789371538,0.1883091303082256,-0.03224345453235972,0.07860982036335516
958,12.519987985458798,7.6065349348199245,7.993599769968961,0.9764605038858876,0.19437847804520178,-0.033070605011358764,0.0874541405991292
959,12.70825556392621,7.621098446063268,7.915405473451286,0.9790527419800058,0.18365250886933707,-0.024527026026100546,0.08441510173982474
960,12.86957568910167,7.689507540502444,7.963298724345241,0.9819796362681827,0.16981705396958824,-0.016500360280738584,0.0812766894398588
961,13.025815865398679,7.735842320437987,7.943264943963305,0.9841185264193119,0.16040569291124251,-0.02395412535913679,0.07215912636822401
962,13.250789726455329,7.908962191834891,7.906447476933643,0.987205774978819,0.1490596819234227,-0.025450762714981822,0.05057892595323495
963,13.425974830440852,8.03763576606932,7.886246063523663,0.9863630070649285,0.1600315364286557,-0.02034338183860851,0.03262012350504248
964,13.55787585944253,8.148677287565905,7.9470743702710855,0.9832903892637116,0.18012342834365797,-0.010010324618626972,0.024399884105775354
965,13.726219508975241,8.128610591728425,7.997166708936609,0.9816064995497196,0.1876222873496861,-0.00870069353090025,0.03421776239761278
966,13.859736635769835,8.189034839622277,8.010404656937279,0.9780302203464847,0.20418980763453823,-0.016238755095189,0.0387261330387558
967,14.015343485575704,8.268290600542255,8.005858855000884,0.9772427882384124,0.2067179554190048,-0.01389038392337345,0.045511284071768215
968,14.144516221691322,8.247290052894494,7.946966754727394,0.9789331869561797,0.1978355038450036,-0.005818802308888578,0.05017041392993483
969,14.296514162588265,8.26157873633429,7.9667943167476,0.9829833035198338,0.1747767255309539,-0.0019079352530920347,0.0565091231305332
970,14.472383997997888,8.33005159331272,7.968130010965111,0.9864437869799975,0.15340878559240712,-0.014700514041166688,0.05637636489300945
971,14.704913952814412,8.41197921326922,7.927062563105551,0.9898764792853415,0.13268155730493736,-0.0229953446235006,0.04484834706474581
972,14.889445242294686,8.550391062443948,7.898263328866118,0.9907502273784368,0.1300859461965515,-0.0219786051341759,0.031758061466027165
973,15.067676530657456,8.664107246555135,7.889689089378834,0.9899954517787432,0.1379283088469407,-0.012164918305451182,0.027144093992008084
974,15.197978121891438,8.603624889172922,7.963619540813258,0.9883304008481738,0.14656726451518573,-0.006868933201173994,0.04091299901622263
975,15.337831510818381,8.728546276808586,7.934872199104909,0.9860357768327624,0.15632326725849557,-0.02147547857123826,0.0532474106372876
976,15.476234197101435,8.748279243446511,7.941858313143559,0.9847341575502692,0.16018298500156555,-0.02966826807929496,0.061317567946919206
977,15.627200291450002,8.771554526281774,7.878200255324412,0.9864560688298225,0.1487568643524237,-0.02649057890921106,0.06382843258221213
978,15.795728501612047,8.849540747329584,7.892000983846114,0.989766787334268,0.12853721011012795,-0.015900548222599023,0.05989211027612383
979,15.968006514048321,8.90773271685351,7.96584377289809,0.9919575901960624,0.10755237157112735,-0.01641976244757626,0.06467625548075583
980,16.149847423379814,8.900438602286563,7.928752188801773,0.9940586869399564,0.08581274109886092,-0.024970987649808842,0.06212849716597635
981,16.371436712256905,9.019910781114252,7.885870806354441,0.995394997538928,0.07527078870343758,-0.025572157024507283,0.05356465278104274
982,16.56862993921577,9.094125229945362,7.85551435730158,0.9946987388319785,0.0870688176042221,-0.023558704143598324,0.04938043566179427
983,16.753217477676568,9.121955958200699,7.966377908980536,0.9928369750980762,0.10057064017654814,-0.026603405813545474,0.05875836971616204
984,16.910873841803536,9.209074496328887,7.94266450298667,0.9902711540607473,0.11838259907132291,-0.04112861432023502,0.060473454973330586
985,17.06266340386038,9.269902580011316,7.896532701492873,0.9882839512730976,0.13537379306998218,-0.04483440808751665,0.05439341556954479
986,17.166573356580585,9.304451210510774,7.846790109760862,0.9882255997641494,0.14156740082671487,-0.03457042699412918,0.04662317633322426
987,17.294756389256523,9.337856562742802,7.882315543718706,0.990004034841341,0.13456996693221313,-0.0176279128676297,0.038369150181611994
988,17.460765168812866,9.387733594323436,7.95968467535654,0.9912331712376453,0.1251941724117224,-0.015954498069597887,0.03909825346037884
989,17.59614541408457,9.416745847164977,7.951668605216102,0.99261605504124,0.11297675695437791,-0.02256272622643068,0.037954486528849966
990,17.833578885950917,9.472294502925857,7.900865004689095,0.9933937663572923,0.10888758777667712,-0.01985088600924417,0.03030281365315282
991,17.983792387005888,9.52461028930177,7.865620150411262,0.9924355847841975,0.119748451575117,-0.009464999564151581,0.02534427317286322
992,18.134362849290305,9.55122708937903,7.984969270357537,0.9916952581674603,0.12416387151118687,0.0009715538017839732,0.03350976011161546
993,18.29011547035273,9.645939885528461,7.982493245994936,0.9906020055981061,0.13102966696082427,-0.0035016784861455668,0.039072127263880575
994,18.49420041253246,9.697692515464048,7.964292180837275,0.9892006932356717,0.1419623843491617,-0.007228021585159421,0.035727099461500746
995,18.59424335913743,9.73656246381797,7.947770840599654,0.987918987319786,0.15134611501538503,-0.0012525194761217316,0.03329953690008306
996,18.765579627819392,9.74214957512928,7.948281569532291,0.9898142902962515,0.13857810223374642,0.010571695094285816,0.030854814364290297
997,18.937234560507882,9.781217953626303,8.016518335843525,0.9918408560538962,0.12251803451092909,0.009573387695459857,0.033902768764298846
998,19.08318445590102,9.814536861775279,8.018203100470156,0.9935708718011741,0.10794362532936239,-0.0027376414327683813,0.03402354741050403
999,19.32483102592371,9.850427645709654,7.997174034144986,0.9953050224477749,0.09180557939385871,-0.005917592593694267,0.030077067348515583
1000,19.507998371133738,9.901106874630054,7.931800720996312,0.9945881421881572,0.10012031501712443,-0.0010633687934828245,0.02773480099786001
1001,19.6371471668043,9.945824211723174,8.030020036078431,0.9930485103198656,0.11384794667308835,0.0057676904802868925,0.029326352250852564
1002,19.81864941331906,9.982935386691183,8.04675377913126,0.9920844227685884,0.12118519274663608,-0.001103048754484544,0.0328851097356002
1003,19.995689324206403,10.042808394242199,8.050908215132695,0.9904008009756201,0.133989801429974,-0.011308919098802715,0.032017103061066275
1004,20.130339222526004,10.080740252250598,8.052886607937348,0.9897250057693017,0.13769745252742432,-0.011305121443203872,0.036824159889506304
1005,20.31092014776991,10.106518330299489,8.004649591721705,0.9913547076407817,0.12474659789376831,-0.0025864293042621935,0.0405886725065584
1006,20.48329992128866,10.159730231389393,8.066965319450732,0.9929135935261386,0.11064314741476992,0.0026366141627816187,0.04328669526448163
1007,20.644264231475315,10.211530771163625,8.070247655557656,0.9943359269882713,0.09324397513393629,-0.007231868962440719,0.050490845436643735
1008,20.86657693637293,10.25564535083992,8.04740090280245,0.9954186263282175,0.08156552477515407,-0.011684673576177787,0.048500432270407026
1009,21.039428171163063,10.345664818871304,7.99071530161435,0.9944012797226882,0.09636145604843897,-0.008117210128749625,0.042599009070992476
1010,21.187148243838934,10.409217159444305,8.033196717197393,0.9926140025683714,0.11539637758566369,0.0029687486173228628,0.03731359640869859
1011,21.367633146931478,10.429375484876717,8.001310398691365,0.9918742840652255,0.12134477464988307,0.006274881320565096,0.03770246861517413
1012,21.500847262842093,10.487442906504644,8.01923854085069,0.9897486276565637,0.13724402722485482,-0.004117799420779364,0.03930362287349762
1013,21.64684811109317,10.5239473026611,8.0390353893877,0.9895661553387896,0.13696549554577708,-0.006867936207103714,0.04418267409473439
1014,21.799633316771878,10.524581139566267,7.989679773044163,0.9918723267279768,0.11791157063409022,-0.001375657573237862,0.04779389655670248
1015,21.994258974635144,10.587394050187621,8.004373365681074,0.9937213772995699,0.10260218100142136,0.006506972283605959,0.04413928027616469
1016,22.156732408549356,10.658353971134462,8.025466494958115,0.9942040416081099,0.09870138461226305,0.001945876452351433,0.04257433370651643
1017,22.347171393277126,10.664977037872895,7.996639561572249,0.99523449467221,0.0889253693729958,-0.0018013025700251775,0.03996666868126924
1018,22.547595957057293,10.72679592934934,7.983123995132521,0.9945209968184612,0.0969600700511814,-0.00018070400498644676,0.03907299641628154
1019,22.703468636527074,10.791881040913115,7.973264915989973,0.9921084027819221,0.11774432027038777,0.004990766963940231,0.04280519149214684
1020,22.850791106621287,10.809483850293523,7.973939377922652,0.9910123967923314,0.12483989637986692,0.009236805047614908,0.04716048248581679
1021,23.056883304927425,10.88000171676935,7.972885079284175,0.9885368904958055,0.14306348079267966,-4.344032420554703e-05,0.048245773963162444
1022,23.180842118312597,10.94898064011154,8.001436946116119,0.9856863778960134,0.16156837700203303,-0.006422846361250639,0.0477155218748156
1023,23.29000856035987,10.965328585985045,7.981438698781141,0.9867914421974876,0.15404232688323877,-0.004074465076201147,0.04997008973919131
1024,23.465134227616296,11.043599104345894,7.972615055654018,0.9895171505879796,0.13434346146865592,0.000308145855068682,0.05298630105034259
1025,23.667139302105717,11.110866263690385,7.9751830494151426,0.9909678251482835,0.11894620591989463,-0.01063592314502338,0.06100366183268221
1026,23.834982005598764,11.128761176761328,7.970337313408446,0.9922620167106201,0.10243154364462481,-0.021549123167975,0.0667795204433508
1027,24.077689088063774,11.179955773202426,7.9572468172573645,0.9925225033325974,0.10243862632404326,-0.022434857750410382,0.06246667409872206
1028,24.219429447017323,11.230810356220664,7.950978186779656,0.990858507732465,0.12149550445239453,-0.01603788765686559,0.05640076428166936
1029,24.388087045424005,11.258635580484073,7.933777210312779,0.9898959814966888,0.13061546444560876,-0.00874000196564067,0.05448998651133875
1030,24.57513599079851,11.312502329179702,7.918813830188876,0.9877343639784699,0.14634247012011675,-0.020528579010039898,0.05043099343676213
1031,24.679438780823862,11.378270832188848,7.970456242695696,0.9852269873777172,0.1619459516912668,-0.03069244048700927,0.04646790473422183
1032,24.75627193868334,11.407512071509364,7.977451664187795,0.9875104207431019,0.1483400264711503,-0.027317434731092306,0.0455210196506267
1033,24.988506931207002,11.440123577704618,7.9654157718663035,0.9906459315506198,0.12810607482872172,-0.013745669118651039,0.04495028892747235
1034,25.140269312764566,11.52149181396037,7.95526538498176,0.9901744314777667,0.13227708272473404,-0.01185017452794661,0.0437828961715914
1035,25.293950628061033,11.5401690831701,7.964305717597837,0.9902845914229794,0.13102949985043993,-0.01412779565985317,0.04436331309719471
1036,25.474634340806762,11.58471810540098,7.972133765592159,0.9896669286878793,0.13692895958982906,-0.013277274523029231,0.04041712840352636
1037,25.637886838001478,11.623886975783158,7.958437702628193,0.988104050245183,0.14889239864035428,-0.008880956270377646,0.0374508762502348
1038,25.791497268362125,11.653715377899372,7.962232440160434,0.9870673806526822,0.15581539021687882,-0.003652399427147316,0.03749946934876977
1039,26.046924658446528,11.685383827202479,7.923605859283527,0.9852885028028155,0.16697751910360267,-0.014491753364690614,0.03339256568473086
1040,26.16096341116188,11.761377242132841,7.986683086242822,0.9807920229586624,0.19048849299710757,-0.029951625765710446,0.029394588793453993
1041,26.204167095333755,11.838880972706253,7.993793735211468,0.9807082577637717,0.18967619453710685,-0.034306331684659075,0.032516610927512124
1042,26.407099800294763,11.85291938765449,8.016416653259911,0.9855969260970779,0.16142854468695572,-0.028620924506228888,0.041477305947366996
1043,26.566387778227163,11.945811016559668,7.994211373966912,0.9872001180028716,0.14837720523722045,-0.029085767236868943,0.05073608307063981
1044,26.65221009422114,11.99253083030884,8.007268241342254,0.9909999770338177,0.11079620019525624,-0.03554512385368316,0.06617999479821417
1045,27.004144982709455,11.992975863602208,7.9900594127300355,0.9931651554100565,0.08553308679041013,-0.033141044702456754,0.07217157542587337
1046,27.273556764432325,12.005291209232785,7.947668859094711,0.9919621323582356,0.10591286062477677,-0.024287326893151853,0.06483609854058324
1047,27.30020803285003,12.077314350498693,7.985585011600299,0.9902731529650368,0.1251839268540292,-0.014717819489832749,0.05891903566381921
1048,27.649094531265426,12.073180675149217,7.971309769315386,0.98797832626153,0.1415888974092711,-0.022844376407110775,0.0577022134277609
1049,27.777807539320637,12.14657272194956,7.9909976738164,0.9827300139348067,0.17317222975870494,-0.0402261531573918,0.05133181425053002
1050,27.80480038871511,12.28655700316998,7.987550333425564,0.980733041042829,0.18371589797056537,-0.048450138158713185,0.045428571980145604
1051,27.96583497751463,12.305326931709985,7.996716344982613,0.983680375949322,0.16837360674400115,-0.043022160359587454,0.04660837094569047
1052,28.13680914528175,12.367964067424069,7.987666237506162,0.9843870900089955,0.16575550688415602,-0.03386498348625638,0.04858324664607929
1053,28.273214197130965,12.41738918391033,7.989669126329854,0.9848513649015871,0.15981518439658915,-0.03960542479511944,0.05439031360971486
1054,28.45479073446222,12.446696892814096,8.012374997924429,0.9856379782762166,0.1541167293532488,-0.04300400920044158,0.05400430265930898
1055,28.661271005379426,12.479956136676572,7.999433365750575,0.9844861002927483,0.1651132314805538,-0.0374272567262828,0.046086218920308626
1056,28.67348248217476,12.57206147591053,8.018428219679365,0.9820895107202925,0.18200893803431026,-0.024965046620065188,0.04182924641990606
1057,28.941214098986663,12.554363844747007,7.966873689059995,0.981901940624922,0.1847318048452597,-0.01756045614316249,0.0378730729631095
1058,29.109665624303467,12.603263377574194,7.9998252090993525,0.9775450538962749,0.2075919044925503,-0.023586492248545723,0.027476283873442257
1059,29.168732726599007,12.709357319032383,8.041339829571644,0.9734941738712002,0.22668676409168,-0.022211651180349835,0.020708620821167697
1060,29.202729877387906,12.797236474491285,8.010182176431307,0.9764765333734685,0.21420134956124603,-0.010281058377534427,0.022486917434630344
1061,29.371475846846554,12.858697085510018,7.981501386419576,0.9807472306829562,0.1934757241212869,0.004219262155418901,0.026157436998297923
1062,29.506711238613708,12.937808303880374,7.939193325474157,0.9842737579842231,0.1725712785143574,0.001014810576280829,0.03772656007416113
1063,29.76306114732746,12.941770588103552,7.964336583819814,0.9874432713599188,0.15147605472229253,-0.006086364424674317,0.044426870921558816
1064,30.02271743683089,12.961544458615164,7.9857935065942325,0.9864605735530013,0.15848376821485854,-0.002769425625086045,0.04208042679928181
1065,30.086645441425397,13.070957019401199,7.975423292265937,0.9828503629604768,0.18022754653898473,0.008929057387439075,0.03799299186914456
1066,30.275013201350603,13.098983635706619,7.939089762433298,0.9821513230880804,0.18386063888088497,0.017123288316847143,0.035788783492373195
1067,30.44682978495826,13.170900981289087,7.946799397871063,0.9797232309490483,0.19667002183451832,0.006054600982929826,0.037770822830662354
1068,30.545107358652864,13.294251149945657,7.977122802573302,0.9788330447067426,0.2002159044910569,-0.003067867053834326,0.04230898687863004
1069,30.673793686811496,13.385670235512263,7.933363994481966,0.9813923549164709,0.18541709564805,-0.00411407832314596,0.049725453366422284
1070,30.86294406310436,13.441274399495052,7.935787355758473,0.9841487736729018,0.16915985296543376,-0.0014253126058934665,0.05323630252761682
1071,31.020097963359778,13.528182989806737,7.924873025766196,0.9860751967280007,0.15590704913358835,-0.007212050740412279,0.057416763688047566
1072,31.179414740900405,13.567965229284095,7.95660378048598,0.9880871214596507,0.14050442772573232,-0.013653708494133776,0.06128558100730763
1073,31.47437767465443,13.540204038848904,7.976600860879904,0.9888386512365716,0.13604369907492905,-0.011399271928904145,0.05966816875134534
1074,31.64058270658149,13.58974413101028,7.953611419720659,0.9859017476230653,0.15688754550334952,-0.004391100871217696,0.05800655422328638
1075,31.7826463165096,13.635698013036794,7.9557343297101974,0.9840952757445189,0.16881417124256068,0.005562272112798208,0.055021132067142056
1076,31.998779381003693,13.676365624573188,7.940866262065845,0.9812832511002798,0.18596265945832463,-0.0032572723492678914,0.04990451456626946
1077,32.069968003842625,13.807273427202139,7.989038999636528,0.9771700606617393,0.20683598057958394,-0.012741906151882608,0.04685289224403854
1078,32.133696039500556,13.905689741701753,7.98579007198392,0.9779182189886217,0.202811059872394,-0.007691761449253565,0.04984443569111815
1079,32.300896590145555,13.953943963967836,7.974933904452848,0.9804920440674713,0.18892125198952778,0.004384829533525475,0.05408220906234438
1080,32.48523482407552,14.034038660760631,7.917512238882775,0.9818472171452256,0.18185518024579972,0.004897296075876031,0.05367263821621745
1081,32.64957290386235,14.081610809845019,7.935760168235177,0.9828803848701496,0.17550515789921234,-0.005305829221973785,0.05582057653362607
1082,32.85911451584147,14.077964296278697,7.974446064415389,0.9826916724775079,0.17842472039316054,-0.005941612219385333,0.04946102748847179
1083,33.00570301054931,14.135023392166945,7.968629898393631,0.9781079973041775,0.20432869906754028,0.0021499462166679525,0.03936884654448485
1084,33.156244399159625,14.181841379226723,7.951132050698113,0.9742610537486891,0.22251865717054825,0.011959691002919652,0.03402663883818826
1085,33.32693166390194,14.261947449131863,7.920120353273196,0.9706233111227603,0.23804876454012142,0.005022499850780006,0.03461138687282
1086,33.44187912188217,14.376260344860832,7.9476383562773005,0.9669444018009886,0.252438595444742,-0.008972460688074417,0.03482490925781688
1087,33.51736104686389,14.492546529532348,7.967280594583491,0.967041202347713,0.25095651459658735,-0.01432032789119168,0.0405840972858989
1088,33.6672020610723,14.552495694317011,7.956569910659823,0.9711536359436433,0.2328485592537514,-0.007994739201154082,0.050776451156014465
1089,33.83431559843615,14.637922046273358,7.905449141079663,0.9746446375183676,0.21512124849049238,-0.00654743796205512,0.061219360178908125
1090,34.0117490039364,14.675026875587715,7.919381342491523,0.9773718241912894,0.1990789109750102,-0.013309562348899991,0.07024784717040075
1091,34.18778811825223,14.70427618755092,7.975056474651237,0.9789439775272283,0.19208864615185242,-0.013642954958287238,0.06770901463412496
1092,34.3262800340677,14.765734217048156,7.9666221194768765,0.977832281965835,0.1994906152388517,-0.003728894504516223,0.06351077170753161
1093,34.44105345088375,14.834819806695336,7.96101849987347,0.9756969548301717,0.20925783752087193,0.01239859277910154,0.06381915596681147
1094,34.63278714153929,14.866288842181985,7.915551158232445,0.9742654486167147,0.2165724192524649,0.019584665735928226,0.059326753819994846
1095,34.752309790876566,14.9543064075067,7.953941480226443,0.9711034841268428,0.23199055030860286,0.01933144310167542,0.05258044305466842
1096,34.86884871289823,15.022629425025084,7.982091460171981,0.9692573024077213,0.23950871928189812,0.02779063404372731,0.049025868444115064
1097,35.01653524370494,15.055724582746308,7.969720042356743,0.9706446972606755,0.23185538635614392,0.04607563910096315,0.0443732687415821
1098,35.178378127912325,15.120706742203595,7.912255502176628,0.9717340424110331,0.225731235807959,0.059118664089964704,0.03582378478528049
1099,35.29241990457564,15.239302253783961,7.885431914595392,0.9725868480952609,0.22433981978490647,0.05084855053315882,0.03407188107044405
1100,35.47493608437897,15.290265546450142,7.910393090696932,0.9767173881607228,0.20903712736100938,0.038577962703074765,0.028954513341327558
1101,35.66190765774433,15.335568230610106,7.882492646565287,0.977978577515444,0.2055304921147316,0.026717024807308126,0.02452181309346132
1102,35.726613767009745,15.535290776094843,7.889753753518185,0.9696705181531604,0.24205126814604694,0.01892107052502549,0.028147165108742166
1103,35.92451051388729,15.575983835199048,7.856780164755159,0.9674757832032538,0.2512231991332617,0.011173390529430557,0.02743480411042295
1104,36.0692942159438,15.681726491665028,7.880549471344971,0.9656244576266543,0.2583550337061578,-0.0021940834355629836,0.028587923845527934
1105,36.20707644638448,15.747355140750692,7.906120027092005,0.9665012164705561,0.2541987452558137,-0.006778799962445173,0.03482017148686188
1106,36.36922547382345,15.794836423175452,7.893270475398193,0.9703307491506091,0.23812048173681108,-0.003945053794206156,0.04172900646801435
1107,36.513654016493,15.885634245017863,7.86940309848901,0.9728807529704744,0.22820762293316801,0.0057689876950509774,0.03729665019502569
1108,36.684480763997286,15.947788766771266,7.854056737816671,0.9755901538037245,0.21684386707786676,0.004081893161873364,0.03443729461146139
1109,36.85026889842632,15.98877996284843,7.90240457466469,0.978213906729645,0.20491611470509039,0.0009782679265665352,0.0332563017601096
1110,36.94771757220511,16.073428520552355,7.925563166467414,0.9776015401889321,0.20797473210990494,0.008362054242384984,0.031173955040843398
1111,37.10070712082893,16.133278909893416,7.87352929240822,0.9769980219720814,0.2106858711189745,0.01634728010674413,0.0286198393879311
1112,37.22886555808723,16.286484000436435,7.809868356338544,0.9743372915588351,0.22313037613002523,0.013006142475709352,0.02665553945746792
1113,37.4232788711454,16.321203971416733,7.817771674279808,0.9712100958115345,0.2366435894707231,-0.0042771622454693,0.02706413196996422
1114,37.5328730892057,16.471204520257103,7.86832251361686,0.9688061201523237,0.24440235380739275,-0.015762147985091714,0.037864834605518455
1115,37.68208146422121,16.525103192768334,7.858911263194938,0.9703578584975954,0.23504958575298263,-0.0155736008650043,0.05398871776037559
1116,37.84102188071125,16.62770199763627,7.836079434821565,0.9748740160049736,0.2133823065670442,-0.007505164948421931,0.0635005248920004
1117,37.976639988397096,16.752011706456425,7.800537172849513,0.9765149888019365,0.20301192131455217,-0.009860082029138625,0.07146618243411869
1118,38.173547822535035,16.823069378084895,7.80621951684222,0.9780767875482081,0.1920145442318326,-0.019775993099973573,0.0781352837054347
1119,38.33277861819257,16.922750677246043,7.809738962555082,0.9746585505765661,0.2086557450196506,-0.024285669357448185,0.07690055995987599
1120,38.470253939866154,16.997682839169485,7.799261808167938,0.9692047520845317,0.23357649122541757,-0.021621239603829848,0.07494460141716482
1121,38.66107396542648,17.07184166811407,7.778681889885164,0.9656680372618491,0.24954643185344924,-0.013975234760660765,0.0708273462261874
1122,38.80279027489056,17.174773925910255,7.7685056643004105,0.9603525236535044,0.26935639415395474,-0.02306586766847068,0.06810381038844569
1123,38.907106121873404,17.266725999424935,7.841511017002739,0.9544374147119978,0.2895225379248658,-0.027071602666053105,0.06703021528022964
1124,39.00312358168444,17.315959299350435,7.854249300607104,0.9540811205211919,0.2912672604424361,-0.016962403081031224,0.06785923180453378
1125,39.15135361053498,17.390859389976093,7.815817734671865,0.9581984878672006,0.27804354254275104,-0.000647458101594187,0.0674316475943927
1126,39.31574275026588,17.498021216538575,7.763713832559301,0.9621302089586493,0.265126064566435,0.004740711310038272,0.06317560093086007
1127,39.475608313445,17.5695495878858,7.7620026403878475,0.9666769614250512,0.2480366765240181,-0.0035229449063457494,0.06325383947347724
1128,39.63252233783517,17.64006748684364,7.796386597445548,0.9684848581522066,0.24287655330659125,-0.007910096843217621,0.05463963535513115
1129,39.77625549936841,17.7126401565755,7.7821810510789495,0.9654142621856708,0.2577535785853352,-0.004541254864830736,0.038958594676951536
1130,39.91250852794226,17.769992034960016,7.77331421085243,0.9634823533589021,0.2663842351801872,0.003277237504410415,0.027026907477513917
1131,40.08097909250498,17.87494793069087,7.7351723879633,0.9638774379910497,0.2650144027521569,-0.005623788978276976,0.026000458904709402
1132,40.204224717718844,17.977844394719124,7.784896800651405,0.9641056265335565,0.2625621874373895,-0.020309285550888394,0.033896482632333594
1133,40.30348294819437,18.092565220222323,7.77847348553559,0.9664340974054747,0.2510739157109664,-0.023263754215994675,0.04925263405550946
1134,40.51946954701287,18.134292853311262,7.73740745942455,0.9709119339748039,0.23083623865009054,-0.020752907421119265,0.06011625591098272
1135,40.68987910735045,18.241333316183944,7.703811684450288,0.9711457973877633,0.23090628979766128,-0.021502261955565267,0.055639718535935544
1136,40.82669917496133,18.33275113405245,7.714592417255626,0.9705235859489209,0.23249828019087906,-0.03431245254317522,0.053396389630795425
1137,40.988769860678204,18.409636917953854,7.761152500254887,0.9697188703299897,0.2354118737804379,-0.04100120136899879,0.050452588589789335
1138,41.11972465532033,18.530565937071728,7.763248254878999,0.9651446204851516,0.25488777765947257,-0.037084550113719465,0.04639847509618092
1139,41.22944360802079,18.63757482753415,7.757247116881951,0.9614465851721462,0.2690930431693078,-0.026887854857208602,0.04986422805857746
1140,41.415081189116584,18.738298670219763,7.702098901746242,0.9590021786615256,0.27602420964737995,-0.02745790052834965,0.058064797507284244
1141,41.58378522169902,18.80996555462262,7.738339548430588,0.9559423792016453,0.2841286494266563,-0.03591767659999586,0.06445927961853277
1142,41.65301113483927,18.944112700165128,7.766278145178159,0.9516597901127241,0.297506119219085,-0.0330893103625991,0.06883930889784631
1143,41.77765696999656,18.99986210580138,7.734272177217023,0.9551887837014443,0.286719931869051,-0.019352519419280824,0.07093340646048647
1144,41.93392473622243,19.093155240366723,7.718944755082184,0.9600231820685473,0.2720312089707587,-0.002718041718928485,0.06593271938956087
1145,42.05686584036773,19.212064065406334,7.677674385298774,0.9642495601555424,0.25648113428345515,-0.0029534540734712646,0.0665694419801703
1146,42.27122285887477,19.245143879907026,7.695786396621175,0.9689854697234134,0.23756829006111857,-0.012213223405474843,0.06692760414343456
1147,42.438178642749854,19.335757010695712,7.689686911232548,0.9675560552335685,0.24438947931288255,-0.017919421137464555,0.0615463786760223
1148,42.5644852182788,19.43347763464184,7.699951559463263,0.9640567328131865,0.25837749615833566,-0.01707476080316081,0.05953266279974808
1149,42.7358195370449,19.52197900534348,7.668732208738911,0.9629709811425575,0.26208092308781344,-0.010456506185201305,0.062379008562003325
1150,42.84948553110238,19.667048728328886,7.67542346043807,0.9601822706884277,0.26967605387549654,-0.017923642667164615,0.07073596012846005
1151,42.96141656579913,19.76126666467057,7.709511704203487,0.9602658120425085,0.2666609669646522,-0.017874883490306016,0.08038648804386454
1152,43.0875687488079,19.845125839647967,7.672598078237735,0.9640268170560451,0.25149809660458267,-0.008763847285214758,0.08558153061160004
1153,43.26090937020114,19.91841412000238,7.639600209367656,0.9682561131793481,0.23708974610719946,0.002696129180827637,0.0791282659299791
1154,43.40097675812056,20.034354038158792,7.615307465566916,0.9704951630814155,0.22990823033522823,-0.0021511212695815695,0.07264101277504273
1155,43.55398366102957,20.10836909633594,7.637670835146001,0.9727792646809729,0.21978000401974557,-0.015205172473290313,0.07187527231171942
1156,43.75573032838105,20.15513893211105,7.649385756475929,0.9725258628289958,0.22141265531006826,-0.02191141079831173,0.06848191202127456
1157,43.87458219576826,20.255276557693367,7.632694463993583,0.9690405930352155,0.23699156101147525,-0.020867361699024995,0.06602940462418373
1158,44.03031777702845,20.34418790858335,7.640399221616274,0.9667600958351977,0.24581608758332243,-0.014590995127843823,0.0688220244335109
1159,44.14979126887757,20.46343813507229,7.6411432018024685,0.9626955464514876,0.2597754829996443,-0.018984303996191807,0.07330470296340855
1160,44.26647489540085,20.56934130916278,7.669097825661165,0.95844339962621,0.27520954257085245,-0.01956100375933934,0.07254877340673833
1161,44.30452390164438,20.689054143194074,7.63352370564458,0.958300818909066,0.276618228199902,-0.012469736839039564,0.07061446005546936
1162,44.46814338187404,20.76984951389462,7.617099877519061,0.9621175928569295,0.26459867748451155,-0.0016761329214995933,0.06568460981892524
1163,44.64537358391982,20.872409740076506,7.592949997093149,0.9645757239197688,0.2565402206241333,-0.006396492327345984,0.061154500346918154
1164,44.765464771443646,20.97705192506331,7.595016909780041,0.9660388244879328,0.24998256692346102,-0.02030230259306317,0.06217332487288982
1165,45.00804781164907,20.972898507097693,7.616330459661759,0.9649847620299749,0.2547195053640339,-0.02815737978475599,0.055942332814351375
1166,45.080359963370896,21.118947525173756,7.600407864406292,0.958846945717971,0.27852474574807223,-0.029034870619907095,0.046834570366080325
1167,45.19333306398679,21.22560531690667,7.626823448725464,0.9548222786376132,0.2932848933145763,-0.01851065644458876,0.04422378510173265
1168,45.40127187359864,21.301826143895827,7.594790619406133,0.9499756448356134,0.3078300289456642,-0.02006891002315008,0.04882813071329752
1169,45.44528820674533,21.473239982846017,7.606747799336536,0.9451740187771199,0.32049206144922054,-0.031059173997271122,0.0544632030580722
1170,45.50874425635428,21.598724577704818,7.588339449067464,0.9471628256894892,0.3130913274456023,-0.032069867170465255,0.061870234603737716
1171,45.679239726146065,21.66175759748242,7.545153435699035,0.9522230955092041,0.29745342494998483,-0.026719667483363577,0.06386466733626105
1172,45.83865855429359,21.764204616382376,7.527304032752463,0.9560230049873026,0.28679612405144034,-0.02445407749168446,0.05630271093073024
1173,45.994142211494925,21.84756289224882,7.543384950308222,0.9587271170330643,0.277652989152306,-0.034732511381369624,0.050445865374691035
1174,46.13967187943744,21.907183762181162,7.575205317671658,0.9621206470289291,0.2659761696205769,-0.040405354898610836,0.044135530472832966
1175,46.31262367681827,21.97756067905996,7.569912053043018,0.9621766861366633,0.26718249417977763,-0.037750042789740854,0.037476308893952814
1176,46.401313183904925,22.09771159463153,7.5746559372528965,0.9605874536462394,0.2738326393440724,-0.028049027577818898,0.038738631612793784
1177,46.602805815603396,22.16932818306747,7.548249092185741,0.9593342332323399,0.2775098050528204,-0.02376483456117999,0.04584069901674555
1178,46.763767378072096,22.260534735293245,7.545833159337189,0.9562790113534397,0.2860067769356247,-0.032564165107286464,0.051673505228977776
1179,46.821750931043454,22.397072413786468,7.5377293865815185,0.9539358693041267,0.2930849946907467,-0.03484120643768647,0.05379250390223282
1180,46.94501824206171,22.47431453992218,7.492452237835818,0.9569603399482725,0.28380686357861945,-0.029379257844407546,0.053079479653302265
1181,47.08311723187459,22.587007501092003,7.466044933013856,0.9607622471928635,0.27297576947140684,-0.023095443185210025,0.0434365532068458
1182,47.209214947399175,22.705804556974833,7.452971528863412,0.9654373341348104,0.25542813992141533,-0.03379930726715225,0.03930427487204557
1183,47.42981732000394,22.742062927497773,7.470844296883858,0.9703185407813718,0.23338819078509013,-0.04743043402125958,0.04197899172832014
1184,47.69658507454402,22.75168054170658,7.481366546261703,0.9685223225381501,0.24007436497806606,-0.05032640124838678,0.04237998776630833
1185,47.79196717531185,22.87027407149175,7.47370488429746,0.9635485779937754,0.26034787241028573,-0.04433271229205044,0.042752003443597246
1186,47.94561878974254,22.98488727785404,7.46105503746275,0.959589545820662,0.27398349766418445,-0.039401670714308876,0.05067992604884762
1187,48.07966586910624,23.110886057568678,7.4514356796418895,0.9535555577208776,0.29058507706485626,-0.04917958143002655,0.06223728863957014
1188,48.187329091572856,23.237352456886647,7.4713797723021464,0.9476690496709912,0.3064005440030068,-0.05547757629767232,0.07045791267471617
1189,48.22293642750044,23.379190771622078,7.434226383445462,0.9471656908399538,0.30737294435236495,-0.05248267571808316,0.0751305259219029
1190,48.37684209931126,23.467304788197797,7.4120606493653325,0.9521892201315477,0.29351294268165223,-0.04429764734378467,0.0722741999847641
1191,48.54064714860056,23.560593101072175,7.38957347024675,0.9570522535702918,0.27767524455936016,-0.04944497022825103,0.06710169456916104
1192,48.67446636716272,23.64397691818282,7.402480310182009,0.9607880893822986,0.26319041637793394,-0.06166098979270655,0.06176547875395706
1193,48.908931870872614,23.663876885858052,7.4200341137334265,0.9620708197341774,0.2607911175657582,-0.06167661196847393,0.051026721929798395
1194,49.07295774370615,23.73800597578783,7.413982467015228,0.9575421523538659,0.2803654394814324,-0.05239758561599282,0.04198499531408588
1195,49.15922432330692,23.85325674685747,7.445417257141849,0.9529058058073018,0.29822684496940854,-0.03624531692927574,0.04144334927374682
1196,49.36701640035937,23.96254045969631,7.427753958906963,0.9451654585035083,0.320757771079931,-0.03854236911765511,0.0478664196121426
1197,49.43768860128062,24.110120455813867,7.456448802927071,0.9358072982206973,0.3455421480487456,-0.043268645867501836,0.054709677421189054
1198,49.48454061920402,24.235548453885738,7.4331731930771845,0.9328170947178769,0.35305072821874384,-0.038580331760486024,0.060983679026154716
1199,49.59671104714392,24.32108783995603,7.389997619196682,0.9367333882615837,0.3429870216697222,-0.03240252464117663,0.061972079834264
1200,49.76202119797694,24.430897561742054,7.350021036263604,0.9429470191737058,0.3248278916772661,-0.042645426515996974,0.059322233750877765
1201,49.885569044201,24.54739167519439,7.367351363650309,0.9484159635288241,0.30482732697676745,-0.06371962933762089,0.05939082158858548
1202,50.11401175858981,24.58609664759307,7.39215384179632,0.9521408606027241,0.2918500419690056,-0.07192198893666413,0.05548479143682729
1203,50.24331789969023,24.681790976053918,7.399123846674591,0.9513052424991559,0.29643299358975356,-0.06701910755176414,0.05151946358420666
1204,50.37889456058341,24.790476707546517,7.424065045747555,0.9484561731234188,0.3075906290690858,-0.05111293893608308,0.05662472998858083
1205,50.550840318484234,24.917120789643395,7.404000744888295,0.941723908868284,0.32531690312043576,-0.04802182825985876,0.07084416715968615
1206,50.67866839853544,25.019880417941867,7.421463578780669,0.9337823471131645,0.3432280994331064,-0.05222548031123773,0.0867035131100665
1207,50.71181437486012,25.16933254091942,7.4116503411645125,0.9258692182632328,0.36158625194495925,-0.04877142664118747,0.09819837585423578
1208,50.80650815138263,25.23424898257622,7.350745535234905,0.9264157722769546,0.3600513075767592,-0.03994178119223973,0.10257449441235864
1209,50.957446861803405,25.38535318653795,7.289845889233556,0.9254082884086271,0.3649514613857426,-0.03510151292152285,0.09590523639325467
1210,51.11741894491652,25.459758276100843,7.290866738344225,0.9252911425377799,0.3657226608968416,-0.04495039966508245,0.0897925298541761
1211,51.2446254716788,25.55493036550105,7.307050689155293,0.9230733308948047,0.37227630500789693,-0.05396645148497733,0.08020972905176378
1212,51.42548613546291,25.63700795634303,7.311874930645807,0.9183248329563046,0.38719586603895456,-0.051747878968984425,0.06388285779714693
1213,51.496756653269856,25.760566356675813,7.316905860494526,0.9094051755757682,0.410415867552126,-0.04339388871996087,0.05155591837220907
1214,51.665238384088596,25.872881212253837,7.272310624156674,0.902182434535968,0.4262174421137569,-0.04070087772177588,0.052430767736484606
1215,51.78336257222638,26.02262802491403,7.271244813340532,0.8905246963148351,0.44787971526753817,-0.05497671537764856,0.057854011715046165
1216,51.80720732608067,26.17673926793883,7.326295326780989,0.879018738801582,0.46794234092621184,-0.06275846032683256,0.06646350924814781
1217,51.86924609998619,26.225677109217994,7.316108620794819,0.8796383651907331,0.466311349001939,-0.05544509323701336,0.07560366335373768
1218,51.97586610930156,26.35910481791236,7.247578088115931,0.8865539322833142,0.45399871331961356,-0.04339778676453389,0.07761395210313732
1219,52.12854689548355,26.503471457959424,7.186733871589662,0.8924663138676149,0.44126101997329625,-0.04884736827339343,0.08004077383709915
1220,52.30843294942658,26.61826650129319,7.166338197586066,0.8942937386831107,0.4357344870108924,-0.06541287363542216,0.07807254155139959
1221,52.44537423497337,26.744061560159075,7.160964117562949,0.8889350761402328,0.44704335789286326,-0.07498850682472108,0.0657524936077
1222,52.58163575424887,26.877998684486332,7.163586791235298,0.8792456405020481,0.4672173966909843,-0.07490509352172685,0.054993043668667224
1223,52.69906177971779,27.00505354705594,7.201514736417059,0.8712930697891245,0.4826365477654994,-0.06941267253412392,0.05560782490005258
1224,52.72332552385415,27.228227822689675,7.22523954448112,0.8592525967299112,0.5005045892201764,-0.07806762621390469,0.07131323102884278
1225,52.78811712693728,27.389456133329727,7.251809938097468,0.8481907458611572,0.5155041329391488,-0.08097104535968123,0.09094854243752708
1226,52.783251077324394,27.46221185275148,7.21418203185167,0.8436483760133837,0.5218903886671573,-0.0712516187244566,0.10397618331121879
1227,52.87673299668646,27.583289651992168,7.129039817176409,0.8477296646352279,0.5172672387307654,-0.055863219778257846,0.10328756028341055
1228,52.97218443743191,27.760398925678675,7.102709141702875,0.8506617456653321,0.5146472310916661,-0.04450139480699332,0.09763425552296094
1229,53.097439129328365,27.901920059401295,7.049947797327513,0.8526467523637412,0.5111692856798804,-0.05260735050748249,0.09450896112892533
1230,53.195139977766715,28.11036135401654,7.045978454244402,0.8451172145439855,0.5243027557443843,-0.06290457067938446,0.08322577117637255
1231,53.26036059705796,28.25856459670494,7.05182090793472,0.8333712670642865,0.5434597868775922,-0.0651134486082271,0.07683768664510515
1232,53.26950466012728,28.400539892949862,7.06402678564487,0.8203822926114509,0.5645518980782078,-0.054590427720785394,0.0726218530962572
1233,53.40558927892493,28.622599742918908,7.022358836040867,0.8076801226438369,0.5819383022133623,-0.05485131449022973,0.07740778514955772
1234,53.408275293808245,28.734667723443373,7.071485373480098,0.7905539028721476,0.6035032252043895,-0.06212424077596457,0.08336043743602356
1235,53.40263842628083,28.8030162671763,7.0725277627930225,0.7843654379573572,0.6114680499067707,-0.05486976305156925,0.08869606972035823
1236,53.51170451578778,28.897972636543233,6.988982714946131,0.7926117098406523,0.6012164881164096,-0.04532060406201622,0.09083751806331268
1237,53.5778207605727,29.135841787616553,6.963877791843339,0.7951527686839538,0.5975576879065387,-0.047890592347321355,0.09145149119974424
1238,53.607666343804695,29.2989535517415,6.9659989601096575,0.7941673347201462,0.5971916094354276,-0.06269343653345794,0.09343425013905843
1239,53.66821350370093,29.495794693478583,6.939029201109052,0.7929366589694656,0.598867787858924,-0.06814510324634078,0.0892472544723134
1240,53.70357241404758,29.736175912068163,6.8837990956207635,0.7830738835456749,0.6134951200231126,-0.06443424047163569,0.0791660234656568
1241,53.696803737631065,29.90321678135819,6.881765494806545,0.766999088386268,0.636020808494757,-0.052852507542404864,0.06630642519989874
1242,53.83756185434916,30.045894227985798,6.8877763556969835,0.7550316855909948,0.6510573085171709,-0.04661038692093897,0.06228167155013618
1243,53.82833678410369,30.26516759810201,6.892886927442346,0.7339134678761483,0.6742635494187591,-0.05455519433304441,0.06134670624007446
1244,53.91173577023125,30.30585345298619,6.922710371133536,0.7189138099444,0.689984113167264,-0.05473026317062119,0.06394885254080485
1245,53.9775144485295,30.43502331907847,6.838373704457417,0.7290602263919777,0.6796622994364919,-0.04691542297645204,0.06579732597088815
1246,54.021485973187765,30.606766304550995,6.849819927857703,0.7386900992275482,0.6690632265700007,-0.04409877862239437,0.06889581902370906
1247,54.07394731731018,30.806055917975435,6.833156708407582,0.7468809088403389,0.6577834790023773,-0.05458374641166809,0.08068715752228055
1248,54.070540078982866,31.100196465823174,6.767615796184081,0.7463198730315783,0.6572656788884829,-0.06510820585288699,0.08227633927204488
1249,54.06537720510537,31.306971052570333,6.7314087109050975,0.732605843344238,0.672839416410846,-0.0688106312181108,0.07642574862672387
1250,54.04101767551436,31.502857325627232,6.712299648536192,0.7148708791581856,0.6927402151959189,-0.06404201183153808,0.07049284433532182
1251,54.09637481241305,31.668534613271092,6.729470302423017,0.6986530696998373,0.7089759732245372,-0.061081046565769404,0.07420285263886187
1252,54.08112896352725,31.838652940221582,6.744580692823969,0.6783350579191793,0.727729250072823,-0.06116766136135374,0.08080968376261016
1253,53.97120961932271,31.972380110977277,6.753856337327602,0.657881982818424,0.7463969246842096,-0.05022350556619894,0.08695129092483525
1254,53.994727657456416,32.01080470989102,6.695091470438898,0.6581671969810773,0.746435105581952,-0.033377643657038616,0.09239321878166072
1255,53.998835309009806,32.191943506614265,6.674893725058554,0.6648908553141621,0.7403685568834777,-0.022800721315721573,0.09620123494717532
1256,53.98443919436335,32.40921984761661,6.6127596841757095,0.6650405267143885,0.7379402124551651,-0.03553636095116757,0.10909861465400475
1257,53.95794335315621,32.69233788699241,6.523857235980763,0.658898562647639,0.7413355783207579,-0.057797905715895555,0.11372619114152699
1258,53.924149712024715,32.91958777574456,6.481980669847334,0.644337571762753,0.753508341570165,-0.07412401718705494,0.10751698877438812
1259,53.870650645424,33.10908801801383,6.453407424249674,0.627163084479145,0.7690794549765347,-0.07393383823730956,0.09857507272683337
1260,53.87620873411111,33.20572923702521,6.534371920944903,0.6157421154162761,0.7789444025491569,-0.06559658223809378,0.09901693511065228
1261,53.79466727276162,33.43721029355676,6.492684276911654,0.5991869214951079,0.7909226236211359,-0.06738992011295211,0.10428343694299862
1262,53.721343739980625,33.617320170934924,6.476664803516582,0.5771015700649119,0.8078152219048368,-0.06443952729485818,0.10117258724312683
1263,53.69847662342308,33.67473810779278,6.431219468405787,0.5671332140815862,0.8162698427521758,-0.058726726888593414,0.09281504645142581
1264,53.65354452988055,33.809664837453184,6.399765380496188,0.5743254537662552,0.8126797464284995,-0.0562799162622986,0.08083609296968401
1265,53.599798945928335,33.9578042221848,6.403931955797295,0.5839899182462306,0.8044538197909391,-0.06822853524277216,0.08458542539441462
1266,53.59053889258189,34.1868291260587,6.362218034532552,0.5967095834666181,0.7930782068418776,-0.08362640650498843,0.08928188487386383
1267,53.48455100987209,34.43497128275352,6.331658960876666,0.5915758561395041,0.7966788524534035,-0.09196416441881355,0.08296628802766827
1268,53.44905009692042,34.655883801117376,6.281653283891473,0.5789425312154747,0.8071831791347275,-0.08815724485245595,0.07422372297182263
1269,53.425037097335576,34.71412790126474,6.362520713163578,0.5675838063879506,0.8170716789481267,-0.07370540424454364,0.06935421812841126
1270,53.29765541563155,34.971990847025126,6.311268516724243,0.5505547210288102,0.8283506961273545,-0.06776226074883454,0.0783128303435847
1271,53.202883315867176,35.079673388824496,6.3259294835815485,0.5323355508366592,0.8400365235064471,-0.06032862022137344,0.0855450645731139
1272,53.14425773455427,35.12759318692348,6.2944462874140985,0.5313399826585725,0.8410018356521747,-0.04809254688527203,0.08989350472725048
1273,53.09151297189107,35.26213792536383,6.2309744044707855,0.5484051651858459,0.8307594467987137,-0.03623295523728063,0.08819120878496582
1274,52.96827938060487,35.45703239169302,6.171143070670445,0.5582526585842362,0.8238161896867032,-0.03680038975693134,0.09125012935580915
1275,52.92544602007589,35.67971927411202,6.111527080485184,0.5649362036493801,0.81777715808279,-0.047628242952783166,0.09909165452999733
1276,52.82686377878284,35.910411902622414,6.075532676502178,0.5529906821930769,0.8257792252472698,-0.060411725004111336,0.09295375215493878
1277,52.76113449963362,36.059329907757125,6.059383734931482,0.5340872678429402,0.8387939597719698,-0.06652856973598627,0.08215493160490492
1278,52.675790756063975,36.12651778801077,6.133280383486736,0.51766333486823,0.8504558282042544,-0.060729970458562925,0.0711437045325925
1279,52.546801100799954,36.36097451990604,6.07069165570466,0.5095406891088688,0.8544402020006934,-0.057766815856488955,0.08344592460555593
1280,52.43216621250488,36.510294442562866,6.10854059620932,0.4963141105515185,0.8606683593398277,-0.05597564350137764,0.09893940687790198
1281,52.3043735925563,36.57764445366654,6.089327316680331,0.49068382829708856,0.8634780744529386,-0.04744702741869221,0.10669477576661619
1282,52.2460636815027,36.71704218111334,5.992377505872935,0.5029085276635114,0.8570203201865273,-0.03988417298087209,0.1049210957640717
1283,52.11235959083291,36.90887578595536,5.9438758109055065,0.5074640969563703,0.855124868334148,-0.04182014570763042,0.09743061772232667
1284,52.05848813556553,37.05185712147624,5.911240583356461,0.5182644313852495,0.8471701294639191,-0.05280321145121001,0.10448239930940333
1285,51.959603627501814,37.30357842551141,5.86840238230895,0.517794965192598,0.8468602411077323,-0.06732477535589079,0.10091323340092011
1286,51.86358185379849,37.4722125112304,5.850942550328596,0.5059980116590312,0.8539290081732331,-0.07853009291360627,0.09275928904624954
1287,51.781885111009125,37.568659230649835,5.912675895354604,0.49710567780679,0.8600575740471659,-0.07688926064029863,0.08529335269845899
1288,51.6521668386325,37.78819929117749,5.878655610881879,0.4910150366544859,0.862761738065226,-0.07368885970849424,0.09547967880510536
1289,51.542238038691835,37.9404921523766,5.9398266538847135,0.48130153421893035,0.8667993457974079,-0.06924784377946995,0.11051001500128264
1290,51.43474218047588,37.99035460019299,5.950195640049296,0.4772548439942392,0.8692448884261375,-0.05511512995569403,0.1166338727773069
1291,51.34771513608089,38.11025771676534,5.849878415516381,0.48498700305808207,0.8657406584118192,-0.042057040614784734,0.11624080424763104
1292,51.212128350470735,38.28645386925553,5.780559644798145,0.4858691057271134,0.8661564119024447,-0.03905189417317191,0.11035955682089801
1293,51.12937170303279,38.40579200975574,5.757657945839987,0.4889842061222926,0.8628237338725131,-0.046552916631624544,0.11942561024476821
1294,51.05023781771804,38.6098444436173,5.722621035871466,0.4866857880960072,0.8633457725538217,-0.057743088623887856,0.12015305403936614
1295,50.93863791894258,38.788016600627664,5.717929509510465,0.4747580263251724,0.8704481593628269,-0.06493455743295742,0.11273119156950119
1296,50.830465797071916,38.88292126031827,5.739459219541564,0.46765065403837913,0.8757861144207484,-0.06101920008594402,0.10285040002914697
1297,50.72436162506919,39.078090058955475,5.6692133015790445,0.46489202322291884,0.8775233647193771,-0.05912128741653208,0.10165050166868878
1298,50.62418785933336,39.21870018873995,5.665575581106157,0.45597522868271717,0.8809893714757415,-0.06697097898224688,0.10704768165953507
1299,50.521073294936,39.32791892707337,5.683777689719382,0.449676903342845,0.8843740858035212,-0.07040942388166484,0.10351653002215522
1300,50.439935924807735,39.395524090777336,5.652799237582566,0.45537446471819787,0.8829656957594985,-0.06694456449827035,0.0923260650016911
1301,50.31459856161197,39.52243973274026,5.599680126184266,0.46300369907409383,0.8799625552703542,-0.06506682982943829,0.08402251853950754
1302,50.16892881736868,39.66304172832703,5.610260321176543,0.47123375436097553,0.8738178314965285,-0.07029950982042553,0.09715515955713468
1303,50.10460251048149,39.85134900366004,5.58238325806961,0.4811617189055393,0.8664559217172687,-0.07523921009828984,0.10989357235403009
1304,50.00836270411439,40.05667181020604,5.542270059041937,0.476583962333039,0.8688009206834265,-0.0784156974193939,0.10910392048318399
1305,49.88544988646259,40.24262493861679,5.5294197742410125,0.46006885714409984,0.8788115240908272,-0.07479370269281335,0.10214134250526627
1306,49.771004075517205,40.3122172914256,5.560410632023074,0.45077697422902646,0.8853024947416582,-0.06153887588858331,0.09619032728652865
1307,49.63639663869233,40.4711350818568,5.525202040360782,0.4371738460900254,0.8918222102673949,-0.05470149240651413,0.10266411396945439
1308,49.515640911445004,40.53007259047313,5.535720510264177,0.42781498363170434,0.896286300386793,-0.04882845040682625,0.10611781165303104
1309,49.42038278800228,40.511205954274274,5.47840099754126,0.4394107912137164,0.8911071480566035,-0.04343847308391223,0.10468670547639085
1310,49.32313849360617,40.71798286679262,5.40879004515113,0.4575857081053096,0.8826690812798595,-0.04246873730953229,0.09852420535921638
1311,49.171684307463714,40.837991629925874,5.403075437091608,0.4692050729175859,0.8754811863079052,-0.04768217081345661,0.10538359718581637
1312,49.10002170872788,41.04626860038707,5.3837702461205215,0.4828303263652029,0.8666104254563689,-0.05293079008256829,0.11427851020046632
1313,49.04347471739788,41.27947595087654,5.3330905056512785,0.4842365059843707,0.8664208649236506,-0.057998337594513526,0.10707980170543233
1314,48.937017524091445,41.46718530103883,5.2899072112852785,0.4702844614959298,0.8754944967591354,-0.060967821186066806,0.09286999623008313
1315,48.81897853387614,41.516086770496756,5.327041975517187,0.46698231386817707,0.8785719095579513,-0.05670206615940554,0.08260625862047441
1316,48.6922827768597,41.79352677106552,5.2690217359378275,0.4545398594105682,0.884305055402393,-0.06137784126430136,0.0873547125146989
1317,48.582757576777276,41.97018545195803,5.273415656304339,0.43627606943332914,0.8926920310595216,-0.06844403567395989,0.0898862776139547
1318,48.395852006960276,41.86843590882553,5.283896055057682,0.43181905415852034,0.8945947287677318,-0.06960338339671432,0.09158572348548247
1319,48.30201253630009,41.983621322891956,5.249859216106683,0.4462953441331416,0.8877236635746848,-0.06580214258512637,0.09185445534010377
1320,48.18093285241622,42.20953883677634,5.227019637503738,0.45761780756268217,0.881557103976845,-0.06384919318406208,0.09677962161130077
1321,48.07794180904926,42.2704742341936,5.208638661908904,0.4688677858943076,0.8743970951206239,-0.06698397537642205,0.10538437473342574
1322,48.01676118384308,42.55244059603532,5.144108117408575,0.4717827720263498,0.8731859832211525,-0.07246731401882188,0.09856846921881171
1323,47.90892311813647,42.70273351312991,5.1296682456385225,0.4645530266319467,0.8776968046362127,-0.07610787164667313,0.08970170818826785
1324,47.810105845913604,42.83185288221722,5.155478277854711,0.4606802277690886,0.880793396964332,-0.06932123197466596,0.08468344823026434
1325,47.66044655927,43.081652626227076,5.086703971490402,0.4470369575793029,0.8869081315147987,-0.06878858546902261,0.09391514957843551
1326,47.53583997724883,43.2105901307542,5.082614476974773,0.4328934036364258,0.8924190959316592,-0.07381418545813105,0.10364807923807962
1327,47.3602750054656,43.18320483011887,5.078211691680727,0.42931630386998954,0.893936560638122,-0.07378355278443699,0.10545579227525702
1328,47.25175220002467,43.19812827875591,5.02234928154243,0.44515874156626234,0.8868610553469025,-0.07146740077326978,0.10101274148756079
1329,47.14161197971948,43.38391653241117,4.994316144868496,0.46363614355308574,0.8773396974250133,-0.0728150300613204,0.10007273909800565
1330,47.08261457080297,43.600768328219694,4.953989618419404,0.48078368997838766,0.8663389759277014,-0.08287152764434044,0.10693985293238785
1331,47.01166575700107,43.817758956231906,4.933065511712598,0.49007777381774975,0.8604914863358556,-0.09405423178029987,0.1026254307545956
1332,46.96413146634837,44.15173543475165,4.885925333468797,0.48652496380475974,0.8631508792711469,-0.09860364962246777,0.0924193675013686
1333,46.82108960807893,44.143225802492715,4.952731486357914,0.48337632122500207,0.8661965088323822,-0.0935745880343839,0.08540923041318169
1334,46.68088208546771,44.42427430715531,4.919249665720718,0.47569224890274364,0.8695171109526701,-0.09173874249393323,0.09612950233931265
1335,46.65304611562522,44.621429904595274,4.936755127867607,0.47084746625516766,0.8712759027784008,-0.08995680587621697,0.10530307609618995
1336,46.45525089925418,44.63980135690743,4.9247246342354645,0.46052505879711847,0.8778432925246479,-0.08118181172695374,0.1035245740591361
1337,46.3994401708948,44.72138351340432,4.832115337563374,0.46407412536672626,0.8776217005542338,-0.07453747268806737,0.09412503411249445
1338,46.28247647318718,44.89428230152269,4.795171353372935,0.46466768631953453,0.8780709040568359,-0.07590459445564089,0.08552146677756657
1339,46.12674329536548,44.901322031705526,4.826545967662985,0.47470120229963864,0.8708133527142653,-0.08590859639528231,0.09467093712016793
1340,46.08430353518884,45.13052557667979,4.8131201557464305,0.4882430415854962,0.8621648953401567,-0.0922094182231473,0.0989335573877177
1341,46.02631578560326,45.384456262322836,4.7679611705810485,0.48638522605094536,0.8635110295464312,-0.09247442533704602,0.09605516326370231
1342,45.87817919318042,45.493081950291185,4.773719028065725,0.47927162941369617,0.8690496437206962,-0.08544471524179181,0.0880376205114655
1343,45.866412434098095,45.775838108146196,4.727527353980396,0.4709794553772884,0.8738711909443387,-0.08045403774815577,0.089747657685614
1344,45.75711685204831,45.8968211078183,4.732593990375403,0.4564481846331435,0.8806466041787122,-0.0824586059563487,0.09652560073548337
1345,45.522276629785395,45.85386707710354,4.755352877122914,0.45051291269423516,0.8839953101954511,-0.07825633376829047,0.09729518628046652
1346,45.455508299132084,45.85942137355451,4.693318224762372,0.4671353985532125,0.8759707262950197,-0.0711632378516085,0.096930901528782
1347,45.36311009090121,46.071280869592115,4.648036806331346,0.4808705575959279,0.8688350263349652,-0.07026332654543373,0.09461642982945033
1348,45.242920277344936,46.22314979651605,4.656469378871809,0.4918786588837126,0.8610446554935103,-0.07633836137889563,0.10406700131553509
1349,45.19431789259161,46.395392374522345,4.652704483356993,0.5058801265742222,0.8522206032905058,-0.07916918666221825,0.10741313116960169
1350,45.185866576128895,46.70835278550419,4.58543537600669,0.5076012193207552,0.8522209745660282,-0.07678444007174187,0.10081945455456909
1351,45.054044762044455,46.82522869431308,4.575500576168732,0.5037381957659883,0.856567870464254,-0.07070524787471749,0.08683364173944587
1352,45.0432641901412,47.06299514722686,4.528760071588182,0.49876718955085475,0.8599381919020485,-0.06744509272837182,0.08478653314435422
1353,44.91700671798441,47.16687769754521,4.542870644994204,0.49006890958730187,0.8634171903597786,-0.07408164415320542,0.0941016963008453
1354,44.74337167420845,47.290046852762806,4.553417374445788,0.48392394712988057,0.8665912141970877,-0.074387277970353,0.0964562789392954
1355,44.57314345273572,47.27236884207454,4.517344223269712,0.4935971345025234,0.8617459002488265,-0.06903372228328795,0.09481675697339148
1356,44.51881451907064,47.45604905177548,4.503281645383474,0.5096721495464146,0.8532913091020411,-0.06350636352150986,0.08997323813188116
1357,44.349997962278536,47.57998404295867,4.500924906401833,0.5209882120607449,0.8451209555658609,-0.06334110929700719,0.10163541326830551
1358,44.42870483312828,47.875095173402094,4.459548073597029,0.5313483500134328,0.8377082520884996,-0.06679480572017893,0.10701527577704319
1359,44.39425402986795,48.13005845048574,4.409499873234642,0.5220047919325311,0.8439966505787148,-0.06958356765617163,0.10167978227565548
1360,44.30280202132744,48.24507772003132,4.3897976326585235,0.5118211218591722,0.8516815120681193,-0.06815853121611067,0.08962229545510789
1361,44.226424088588075,48.403067241610124,4.403641183585661,0.503639989012047,0.8578849957889485,-0.0604089777697164,0.08204176298056388
1362,44.11963930418122,48.50572059762856,4.395294325415958,0.4965944332999143,0.8612902635676746,-0.06138166470612393,0.08834784624973836
1363,43.98556435441047,48.676991891711324,4.383673117303413,0.488206704285816,0.8656465689293745,-0.06364192690693227,0.09088419406451265
1364,43.76390909534709,48.6366811252499,4.359925058256182,0.49449820485603924,0.862553097162569,-0.061965005543440164,0.0873728679706476
1365,43.667306004679524,48.74060109165446,4.321485408760649,0.513766198451674,0.8525029989729044,-0.05871175907784917,0.07639279689017854
1366,43.67083023317668,49.00832472920623,4.312789034254109,0.5288550487284258,0.8439213068514312,-0.05483190376143445,0.07143267884185597
1367,43.5104652875814,49.055395016593344,4.299717714317096,0.5436912818254215,0.8339349703493281,-0.057650681908709527,0.07502435718455823
1368,43.533795107351715,49.340294495743315,4.279204488981476,0.5567393511178643,0.8255610695737455,-0.058846761222033465,0.07090327224317562
1369,43.534539254536256,49.61948120341404,4.229634881210895,0.5561256303220653,0.8266108022735826,-0.055781237310017225,0.0657823565074488
1370,43.5241386433416,49.79870762458763,4.2287799983800145,0.5521509582267503,0.8296623888135845,-0.051057879891668954,0.06467405057970395
1371,43.39347610037703,49.96230922881074,4.197238501724895,0.5406591166766501,0.8359504958467635,-0.05813296179761782,0.07412858288549298
1372,43.32492991612474,50.179516089443375,4.204499879826783,0.5320270850226844,0.8404038511009717,-0.0658596543924019,0.07956791929059517
1373,43.00055144376492,50.02985285581262,4.205099600867109,0.5382753627156007,0.8365005015444782,-0.06514571259049223,0.0792627336161307
1374,42.994728059605286,50.23692557867167,4.158141107079789,0.5557981949001048,0.8257192985259971,-0.06170687075090696,0.07394774296522649
1375,43.04196880638802,50.51649643367691,4.131879589118354,0.5640680192717317,0.8196130645944473,-0.06570216583977992,0.07579524645336196
1376,42.850685882267086,50.52992377483838,4.161584907663054,0.5726665685315184,0.8121329593804913,-0.07220043859917108,0.08532381988816762
1377,42.9280210594215,50.851614011788335,4.113704272052729,0.5805827851748345,0.8060261420622199,-0.07615670955794093,0.0862881420603871
1378,42.781143853011145,50.95383771857251,4.0901520031584795,0.578014751068537,0.8085174637874275,-0.07636411217533814,0.0797933623153913
1379,42.835838735904666,51.242720233910276,4.07740376491374,0.5738267077975826,0.8135477480812964,-0.0685159029305344,0.06456424750318751
1380,42.82657840201072,51.47738348105139,4.042044218635425,0.5554018454834162,0.8269728115001252,-0.06861894362297376,0.05418671100243098
1381,42.73481103561319,51.5589194738784,4.077731074790246,0.5410884931256333,0.8363042100533707,-0.07360699706826793,0.048995110333898466
1382,42.391119604028646,51.31330794409958,4.128796044535714,0.5467229629536,0.8331208808398052,-0.06841807922940943,0.04819300906253798
1383,42.331821475485306,51.44131726389852,4.063863369391665,0.5746333473107842,0.8147633802211396,-0.05834441396596031,0.05052800973712513
1384,42.36238680580156,51.68450673421665,4.059844984885294,0.5978204869886179,0.7982273519966205,-0.05127165297441495,0.05305636118719643
1385,42.32023133469853,51.89504026179495,4.051035122325512,0.6140051147947189,0.7847468647118505,-0.052350846163657636,0.066554235303202
1386,42.28573814359377,52.13984657521691,3.9885935996524573,0.6276683646992306,0.7731417426629112,-0.05532951814527218,0.07226973176761027
1387,42.347234973580875,52.53129671090317,3.920623823638222,0.6281834460837684,0.7733018958551774,-0.05640910003438907,0.06486716709106374
1388,42.213538687198096,52.62211908905912,3.9141606995934453,0.6187055079358973,0.781857756822415,-0.053702965151146205,0.054935726812152585
1389,42.30002723707499,52.92656469154585,3.9029370356691166,0.6115195476993138,0.7875026702477298,-0.05283923893421032,0.05560037736540502
1390,42.1831275971955,53.01082358483473,3.895267181822874,0.5990425164150293,0.7957564371459928,-0.0630502724848465,0.06280461294723226
1391,42.04877679177228,53.102502923140456,3.886227041185931,0.5905541411331566,0.8013985385685466,-0.06847858741687038,0.06570290584188378
1392,41.88215723348993,53.02371131769848,3.8376896283190662,0.5986768123398679,0.7951649854069633,-0.07083214882316158,0.06543337865655502
1393,41.91742435588862,53.29311742613744,3.833162251674433,0.614046169503889,0.7833799486091894,-0.07329828074805121,0.06237403204896021
1394,41.804280075107755,53.33835119182075,3.861327049049018,0.6268552212412101,0.7713412915457091,-0.08031984966944665,0.07505907878670248
1395,41.80597540393798,53.66931186536148,3.7993630832674303,0.643668399995843,0.7562116365891769,-0.0835375837941961,0.082803524247085
1396,41.78403745539083,53.967242300006895,3.7407853052158044,0.6438995568898916,0.7572764937502726,-0.07982237282701844,0.0745255757881747
1397,41.72818405180105,54.100107501463434,3.7104013035706274,0.6389529362006315,0.7640171698393824,-0.06702872330367925,0.059363791687280135
1398,41.77413792453759,54.27503997114107,3.6999548894890943,0.637495449670974,0.7671419131971979,-0.05263578778951911,0.048190357009697614
1399,41.74041941188474,54.52026056726155,3.652739910052891,0.6239384966077618,0.7778525008775602,-0.05691731642369027,0.04905770500641877
1400,41.668062600594205,54.63330423161989,3.6631267885043135,0.6136335159868794,0.7856732034007413,-0.06350654250963607,0.046243319237154634
1401,41.56033680551213,54.51309401705834,3.6792907523076113,0.6157902228372882,0.7842765567839954,-0.06167234726451778,0.043694456398131944
1402,41.518136970753034,54.633180680685406,3.6232870475000967,0.6399039544285477,0.7657080255822415,-0.0523215376021147,0.03842662317460094
1403,41.56941129657934,54.879366755426375,3.6611727768164846,0.6574196241260195,0.7514910622643967,-0.04370867648526023,0.033914196889190784
1404,41.496879410664114,54.933075410106625,3.6645792464088833,0.6771416837967098,0.7337573414228106,-0.03835125709480196,0.04010592290839399
1405,41.53319356697423,55.255046535793284,3.6203233906674384,0.693921870332595,0.7181636922779163,-0.03223420176158789,0.04091827470283475
1406,41.54527720561883,55.52796918674025,3.5521851235152986,0.693444737880811,0.7190574433545185,-0.025480567486226208,0.0379674774307819
1407,41.522243991328466,55.66297733689573,3.555527688793131,0.6865973885130255,0.7262315925292374,-0.013753854576120429,0.031345359845440554
1408,41.591037582970344,55.96885407675368,3.517170585524523,0.6757894079235064,0.7362382965921179,-0.0133646440350377,0.03291250612381375
1409,41.539096467572186,56.13645289441896,3.509516296584016,0.6574925866913283,0.7521379845513357,-0.023555613218703423,0.03790888717559073
1410,41.36607096992255,56.01863389486037,3.534948536201868,0.6541002875434487,0.7546850060018496,-0.026016277456326016,0.04389201361160522
1411,41.35199920783213,56.13061599303475,3.442284418358431,0.6791629420940302,0.7318367969248428,-0.0228104457329841,0.05130579225029115
1412,41.426533915344564,56.50391897061341,3.40972686917666,0.6943266893256211,0.7173385256928843,-0.024626119824842866,0.05224406444041613
1413,41.38364468177965,56.62443153443685,3.4103015281337927,0.7016594186665961,0.7091116370338211,-0.03403998523876353,0.06063023853337196
1414,41.40599448100344,56.90210618752693,3.349091807049068,0.7081541203556159,0.7022721949498512,-0.04028368685018381,0.06089934808713823
1415,41.40393284243848,57.17612809574339,3.2971441135322306,0.7019717773407185,0.7093355290347051,-0.04017645782007318,0.04964456972519469
1416,41.358155596257475,57.19243566844091,3.344094194128301,0.6941303487588976,0.7181007654427213,-0.0312278362642321,0.039232280645960294
1417,41.420576813406264,57.46423255229972,3.3456005428675515,0.6873599060539917,0.7242064860650153,-0.030987244020747512,0.045837929695933706
1418,41.385021996015894,57.551057957254905,3.3412612167828977,0.6825234376146254,0.7275816207123076,-0.03823388981712562,0.0576620497191891
1419,41.29741438348659,57.7173175287585,3.316942897970966,0.6761541796082476,0.7327005497745266,-0.041264330296175114,0.06528923956987341
1420,41.26551687541359,57.767351137603036,3.2346334859784296,0.6843713644016615,0.725171643108376,-0.03764015286428062,0.06591769497532617
1421,41.23416221351553,58.00969764331502,3.1931464864003325,0.6942250908367842,0.7172191038238683,-0.03298407362950929,0.050599715903838584
1422,41.23602194116187,58.12633211424675,3.247837188533129,0.7010636141414451,0.710541968875387,-0.035683977901746246,0.04864743687730512
1423,41.24800629067095,58.30608144572155,3.2228184794596704,0.7122006300830185,0.6984250323483518,-0.042576576113444196,0.05621362704016717
1424,41.1325889969357,58.536678088162205,3.1711845151249367,0.7116990351386678,0.698506602855052,-0.04793795937865922,0.057227276723554675
1425,41.0811354324615,58.64149808506113,3.1370740894887437,0.6947851381303405,0.7156255936721645,-0.04669553166662905,0.05452658834859143
1426,41.10625454371138,58.83105170221352,3.150519037323894,0.6845712340044715,0.7253004885683512,-0.045944308469376326,0.0564849305158207
1427,41.091971643036004,58.96225037548991,3.156092741847613,0.6666071030696081,0.7401858448521917,-0.05534656324013984,0.06853205932333631
1428,41.03965704557219,59.13369590280474,3.144302863351123,0.6577735284078768,0.7464071181818525,-0.06181128325824173,0.07993600262261956
1429,41.02657474955119,59.21506076830745,3.095153746349363,0.659205202590937,0.7446481118282705,-0.06081573972372855,0.085141859443454
1430,40.97751653254009,59.38498440254492,3.0505161583357623,0.6701936679466807,0.7361414563109784,-0.05507769591914946,0.07682871310105152
1431,41.003952887942276,59.5526008655576,3.088063111061604,0.6821533411047709,0.7250502778698702,-0.053209598324537366,0.07834317089934355
1432,40.985258734896846,59.71525779967447,3.056262137970158,0.6910386062754896,0.7148473735404072,-0.05735914161845161,0.09038144749894629
1433,40.89722327399104,59.991499905778056,2.9741123390924695,0.6965934937386143,0.7092790033476235,-0.06038400533708682,0.08963577294073811
1434,40.84660193937541,60.16488053758554,2.9052305135919214,0.6838653913671817,0.7226954416620969,-0.06032096550385862,0.08000503866457716
1435,40.905130400765806,60.26934151210192,2.9521112064400774,0.6777720750872196,0.7297893856553547,-0.05390066541571912,0.07160436498207944
1436,40.85342987574492,60.4538208406024,2.9183424543214382,0.6741558088732754,0.7325714440927744,-0.05733867409752011,0.07460094580489741
1437,40.810012514045816,60.64796506871907,2.910998532651705,0.6662261137127622,0.7393167276146551,-0.06126020200426531,0.07616251917278147
1438,40.80671100583103,60.73062394722154,2.8751951622084455,0.6654129919466109,0.7403894881172298,-0.05813038595568169,0.07529816905349954
1439,40.77009258662369,60.856577418607635,2.8013709349683187,0.675621636614419,0.7322420828661245,-0.05222565525275832,0.06803982033892862
1440,40.78800443954454,61.02188005545525,2.869773771392887,0.687219136686747,0.7217783816644789,-0.049797099696856,0.0654681204488853
1441,40.77914583370882,61.190055255552394,2.8400314803495745,0.698920435318324,0.7094026829334144,-0.051074899875251614,0.07516257808278874
1442,40.70481833437337,61.46157784251442,2.779579848404789,0.7065663053940846,0.7015807338471671,-0.05373084334936245,0.07524311562654644
1443,40.69289402980836,61.6337299329447,2.727866907047145,0.6989549348799308,0.709848604155185,-0.052611950058143495,0.06934652764923956
1444,40.722303956161696,61.82244162225955,2.755089364695012,0.6958313759642147,0.7135556457964722,-0.047566587056412424,0.06629069596505797
1445,40.66206079739338,62.025867600439085,2.7217802898000776,0.6799628753999819,0.7274942232043291,-0.05580168449733322,0.07272424141494074
1446,40.63480902615163,62.214124963921826,2.708530065667388,0.668683551395983,0.7369269977192631,-0.06455554052015909,0.07505658074465622
1447,40.60759221979408,62.26684318774192,2.6902881237832075,0.6590273167469198,0.7459288416984777,-0.06473514854415797,0.07129179087867088
1448,40.60393548493682,62.407720352289886,2.665631284251959,0.666096934327573,0.7407162229067805,-0.05746508535084816,0.06597056288786311
1449,40.628705291728345,62.59104648107026,2.707986548706384,0.6756388834590376,0.7315224195872583,-0.05676224372877037,0.07186860570724682
1450,40.58418429063374,62.81702098226515,2.668169250543979,0.6837775711859845,0.7220494683308288,-0.062459325873578414,0.08480348481979648
1451,40.533815566315276,63.078328137553314,2.575793609094631,0.6881330249451778,0.7177539739501327,-0.0647117328632018,0.08434787779448305
1452,40.49612968221016,63.30314859588263,2.5241315127733,0.6817920349794832,0.7251903549888188,-0.06161802925024785,0.07390391424709356
1453,40.49742779356508,63.37728298239025,2.543453127293233,0.6755932052590404,0.7331050408163917,-0.0495643160033791,0.06061516902995566
1454,40.493717547783945,63.651295314119096,2.5203453661228923,0.669797256543365,0.7386664434455428,-0.048551582575816384,0.05819161695534911
1455,40.4619319794182,63.81053912109282,2.509216440051717,0.6566412348491623,0.7498673198201753,-0.05725432826707895,0.05694939206137138
1456,40.46480376991613,63.82291800276701,2.518254538396685,0.6525682519815285,0.7535115456156851,-0.05825087041901981,0.05460643941020508
1457,40.45606648952904,63.95191337831465,2.4544134184885724,0.6683156835892455,0.7401502625342724,-0.0528920716200968,0.05228924075583523
1458,40.449665561951065,64.130337614775,2.4739171869017107,0.681916002909035,0.728028253299541,-0.04963111608261959,0.05002179215679652
1459,40.44517744086618,64.32357371038451,2.4933020504094436,0.6933946044797109,0.7160055353778784,-0.05273006100184834,0.06131505894479881
1460,40.39537092301926,64.5739808923285,2.408886931050601,0.7038243077035079,0.7051581458488899,-0.05396112798916863,0.0668694989869837
1461,40.3361102265026,64.87989272427582,2.3415094986431284,0.7003312256959315,0.7089163824139377,-0.053890941347827064,0.06379266024406664
1462,40.31488704260268,64.98394478682964,2.3285028042915914,0.6881125390614703,0.721536484816874,-0.04934910430733853,0.05874436627072095
1463,40.330722190065394,65.22695332399188,2.3130631059511293,0.6789456687730164,0.7297210237761982,-0.04963044408301064,0.06385002218873187
1464,40.307137807103665,65.37403789530006,2.304146379512108,0.6637733079173391,0.7422093738848177,-0.05931344361190047,0.07079658481083934
1465,40.26112919454613,65.46846608612852,2.3097940832268162,0.6536010789007615,0.7509531584509179,-0.061024165338109344,0.07177070932586693
1466,40.266514987754405,65.48575832022377,2.2526394592913146,0.6582140410545638,0.7478071904351639,-0.05361393086476478,0.06829515729036621
1467,40.26732678084861,65.69169676938037,2.2407777354157266,0.6703883504952339,0.7378785606839533,-0.046382693037114675,0.06295502354762177
1468,40.26897210387653,65.90240989669441,2.2376999053907567,0.6801312638700932,0.7273144498367051,-0.05522916942102408,0.07338183569701982
1469,40.23702647878086,66.10641494587463,2.1684311211372718,0.6874303787601923,0.7183489136969522,-0.06871833467860147,0.08180527505623895
1470,40.178849401094205,66.41113455779511,2.075536585767264,0.6878731995433842,0.7173980352174991,-0.07875493622676401,0.0772539994818262
1471,40.147035180868905,66.57415376844246,2.0419248295670163,0.6745606639646775,0.7311530632569581,-0.07928587501569251,0.06400670858977295
1472,40.18526010140087,66.68501384332787,2.1145094617062608,0.668847966418995,0.7372661257068319,-0.07418178521858895,0.05981739248910695
1473,40.153247971967204,66.89825508728036,2.0939289794817757,0.6579961088122263,0.7455459264786481,-0.08223263957673718,0.06663471533146754
1474,40.09749837109166,66.99959529891696,2.130546049904995,0.6462700479418048,0.7546598217315399,-0.08626207387056219,0.07336506804309166
1475,40.08523444984324,66.9412169452716,2.0911993273638694,0.6518025106058642,0.7503458841476729,-0.07639694184656616,0.07936024563363894
1476,40.040929068029286,67.24537632595371,1.9964706666872507,0.6641613920736297,0.7409976665356344,-0.06482525840896913,0.07489852695329467
1477,40.04902434654203,67.3452890784119,2.029540706048487,0.6706072594635464,0.7349304287425201,-0.06438024227006685,0.07757804372613915
1478,40.00919453521013,67.5567950344163,1.9783278617341118,0.680016813864839,0.7249757963497265,-0.0682628621141006,0.08560028752395633
1479,39.96355750664051,67.85271765526261,1.9089763604925631,0.6824180711989115,0.7225848776975814,-0.0723350255099053,0.08333255491349006
1480,39.925374496998586,68.05341378402665,1.8500261280731303,0.6706173811212872,0.7344356426396212,-0.07123422712961608,0.07617282877640248
1481,39.93384615116094,68.11514258022308,1.8882587947971545,0.6579903107667006,0.7473907940583338,-0.0622158418032585,0.06771219183209416
1482,39.896659060177946,68.42388193149175,1.8518074057096527,0.6516781394457818,0.7524013054190675,-0.06215090000001344,0.07311049036462189
1483,39.83993270642409,68.46876696970463,1.8708082918877609,0.6359731447375332,0.7645477555136317,-0.06624941829565682,0.08133820312256494
1484,39.82307367471798,68.47996974801697,1.8631842318111909,0.6369364496323378,0.7633543610693988,-0.061576001861909015,0.08837688929117503
1485,39.79438062941341,68.61799577744391,1.792744534269173,0.6514932479686529,0.751410764920794,-0.05383670336983909,0.0896661562835752
1486,39.774168445314565,68.86088964711973,1.761260043146455,0.6647293223177634,0.7389275524854602,-0.05812541510284781,0.09350099650771761
1487,39.743581097007954,69.01429662974539,1.76612093204602,0.6726737967435921,0.7298609120050736,-0.06705382128304885,0.10157163655776945
1488,39.699910299851005,69.2870733336087,1.6834705141768047,0.6802009300525909,0.7229322258477833,-0.07021531137104933,0.09882055269743589
1489,39.637181011622054,69.57888033798373,1.6140438432807531,0.6715141527491224,0.732510395134636,-0.07142293566076731,0.08600016243546232
1490,39.654633742606244,69.63552517706961,1.6885417195842594,0.6613201615039821,0.7433689606395034,-0.06407169512060308,0.0771560122768413
1491,39.61457903875724,69.87407019758682,1.6789463977055576,0.6485373675408111,0.7535969579874509,-0.06158877332948552,0.08773671304000538
1492,39.557777501438125,70.06514698547541,1.6774392052020888,0.6333661878576519,0.764816241383169,-0.06057749670270582,0.10116202789793065
1493,39.4986757120891,70.10664376652909,1.6524279686802719,0.6226227290575412,0.7733079392580228,-0.054424759962205735,0.1066476152781035
1494,39.49011220798454,70.10835969666127,1.5853424460860006,0.6306182048741834,0.7677038640623328,-0.045523999838177724,0.10430255137703556
1495,39.48688875051885,70.264737838654,1.545986401163152,0.6457234793130895,0.7558670847113589,-0.04199269826419764,0.0997133481848915
1496,39.46334562866674,70.51703110141987,1.495097646345144,0.6586436841321235,0.7433178724399898,-0.05433550946157628,0.10351178810020448
1497,39.422271129010234,70.76479758132369,1.4329752326087808,0.6640334088584592,0.7380068591494685,-0.07015159068101479,0.09738717622497582
1498,39.39289313239042,71.04850412612232,1.4113371131622292,0.6604015971161193,0.7418875912780433,-0.07983483334805208,0.08425515900187143
1499,39.34770825453561,71.2155775123598,1.423290133950518,0.6461972339234437,0.7559498404507184,-0.07438915954294044,0.07372398886874167
1500,39.36422952001885,71.37874820603831,1.4514689986961042,0.6387475436926032,0.7630564162289012,-0.06418983923690795,0.07500763705991437
1501,39.2972036401422,71.61913543379403,1.4204483314257146,0.6212906820374355,0.7766922502723964,-0.06457745420211174,0.08109740556290108
1502,39.24294919109983,71.72122347681277,1.4257222674581531,0.6026273455309409,0.7914616365132876,-0.061333731343778244,0.08165129359348659
1503,39.208507573416895,71.66980006691804,1.3916087609876053,0.5974510336079961,0.796282416779792,-0.0524876566131072,0.07894061737366327
1504,39.19125911344988,71.79138069776899,1.3577545616353452,0.6137074087449808,0.7850969204798387,-0.04227866650566527,0.07210101430006054
1505,39.18166594741206,71.96354217160608,1.316526258981782,0.632558474795455,0.76964989987973,-0.043222297899625034,0.07510419791093872
1506,39.1405103297272,72.23750455666337,1.259556863415808,0.6484308881867878,0.7553855379157941,-0.05334271473835608,0.07800402000731735
1507,39.09918325124873,72.5137364625643,1.2158931753197058,0.6515581675773585,0.7524009649898796,-0.06334441447761553,0.07315891811680081
1508,39.067410325487074,72.76451168571042,1.1598192636956557,0.6457121786218962,0.7578019445241551,-0.06606860947948753,0.06653520944748496
1509,39.0355579916552,72.94033028658154,1.190893586590366,0.6302255069708984,0.7716513317524859,-0.0606378961907053,0.06077070111043984
1510,38.97129917604334,73.18991372162922,1.1688203889641877,0.6100905108304416,0.7870491308000898,-0.06294420522456136,0.06619109706087623
1511,38.90293034338354,73.28344441908396,1.19478837488211,0.5867104126464716,0.8042220475501748,-0.062224732484791496,0.07159519951510432
1512,38.85063117668904,73.25288401863969,1.1649351699882429,0.581458671004145,0.8081189422590763,-0.05466339402526544,0.07656044951411782
1513,38.81143993722127,73.37588825897022,1.1092204074396639,0.5969872429594558,0.7970128445826056,-0.04660504303688219,0.07877009126274633
1514,38.77216636335343,73.60271263605382,1.0527745036755132,0.6129872599240651,0.7834746935546916,-0.047178008562085046,0.09048900064805901
1515,38.72080649377821,73.83695584493532,0.9913396274674852,0.6255633828410668,0.7702928120826777,-0.05849080311588991,0.10907916232287306
1516,38.68413555884853,74.10859497234112,0.9179200188551854,0.627951135352085,0.7668137138109392,-0.07001591598761722,0.1130127047279087
1517,38.65226201395913,74.38065569690461,0.8552268917700796,0.6155912055959452,0.7775524650576309,-0.07363932060343785,0.10505656636687022
1518,38.61404893515021,74.46080808713258,0.9109669222969192,0.603507315464335,0.7883191642984582,-0.06676986901811638,0.09936599001728784
1519,38.55004694211698,74.69759781172829,0.851705943009661,0.5921034385786997,0.7959985133335722,-0.0686118081941559,0.10532001030360262
1520,38.48742348955507,74.90002240211682,0.8407800338942919,0.5742170094072574,0.8082984155693879,-0.07413472516105875,0.10692305654393143
1521,38.367049195888484,74.85533023601764,0.8538927801203448,0.5643368416440603,0.8159825360811612,-0.07068306956280784,0.1034424170780179
1522,38.30418482917401,74.9582683765781,0.7849413951279826,0.5753574253099011,0.8099251936961704,-0.06240261001980157,0.09534635818791973
1523,38.26383432998456,75.17971691205058,0.7847170813649526,0.5853910839149302,0.8035363932582946,-0.05832209319733481,0.09080240650685292
1524,38.18436828975407,75.3175343892937,0.7488684526260698,0.5900722600024377,0.7984588239026845,-0.0657679847354392,0.09976375439705741
1525,38.172366380387444,75.58386224397422,0.677012335344718,0.5899658105881054,0.798246712744553,-0.07337825779810488,0.09673757911044653
1526,38.08219188727137,75.72562279421977,0.6378817611997019,0.5698095033420318,0.8135773196935847,-0.07997706993133512,0.08374212241463683
1527,37.98478799957977,75.8051145776923,0.6629982416251373,0.5539855354143489,0.8259285782273215,-0.07886771555869389,0.06871603642255189
1528,37.98652621368992,76.11698169576968,0.6041754733052144,0.542357662119767,0.832812291059952,-0.08530172064340519,0.0706786435546751
1529,37.853696849775396,76.19791711192988,0.6355187015261886,0.5220349952131168,0.8430173964158962,-0.10165647125442334,0.08041825019921432
1530,37.693558709832025,76.19521446100164,0.6894550412297189,0.521103550422096,0.8426768106921441,-0.10317549461673416,0.08775932867675532
1531,37.59666813054097,76.27776800801452,0.6228506600134954,0.5389817246861298,0.832380445016781,-0.09067847331739784,0.09175461669505512
1532,37.517315068395426,76.45975676042524,0.601054408382185,0.5555265778999292,0.8232922646361694,-0.07879347805994004,0.08585834876270966
1533,37.406903545075735,76.58576761421858,0.602215049624581,0.5666176186701856,0.815180296865434,-0.07474310202832296,0.09401609710094701
1534,37.393538361867336,76.80034125738278,0.5561940747910045,0.580594889289142,0.8045931475683604,-0.07381692839204465,0.10045149326979143
1535,37.34236916043075,77.00873208729577,0.4915297607361651,0.576750923351527,0.8081171063037672,-0.07198943531180686,0.09551249193625934
1536,37.30346705518013,77.21460527476462,0.4342347651975731,0.5641228949704146,0.818613479753462,-0.0680527517882732,0.08370276644275632
1537,37.2133274931692,77.33809821440171,0.4520789198510687,0.5496544895036087,0.829503886918776,-0.06454339416215985,0.07508258137009895
1538,37.14013432738364,77.50987334197274,0.43705847822019994,0.5325437132657967,0.8398678559378714,-0.06976470824900308,0.07843509103922262
1539,36.99214002223209,77.55237107196132,0.4645561938933378,0.5179435558094118,0.849065250793374,-0.07006964328004298,0.07689550039693438
1540,36.84758627927438,77.53554258582264,0.4338037835020456,0.5228322141593382,0.8470415969721651,-0.062396959884284606,0.07261975098612744
1541,36.77124608025114,77.66305579223243,0.40714166180205885,0.5408261678349562,0.8369709963302941,-0.05261731158468574,0.06494633175499911
1542,36.70578338365368,77.84423411815717,0.4102462416325202,0.5556202594555305,0.8269784578162138,-0.04956697792263076,0.07025576339420822
1543,36.63763975429669,77.96527830263992,0.37960629950567987,0.5726075865150125,0.814572549132728,-0.04992352056629667,0.07810093571224529
1544,36.646283786248496,78.2635510198458,0.31484283275629843,0.5772579835943702,0.8115207255335672,-0.05049568909881929,0.07521647285315841
1545,36.57568243488165,78.41576031144587,0.2736810030393534,0.5630320750948125,0.8222297756019585,-0.05041747134957462,0.06626580649699644
1546,36.55037284936046,78.60524811307863,0.3078646753374337,0.5546522242886087,0.8284038484719995,-0.046106035307398215,0.06310473386927704
1547,36.424233304245156,78.75268358219525,0.2793762062597226,0.5359671958883596,0.8395642748448627,-0.0507253561247408,0.07278689155202964
1548,36.319942863303396,78.88529798708899,0.2862990508862489,0.5209772481722063,0.8481729293723402,-0.05374696184873117,0.0793514515235206
1549,36.175168923280765,78.8149339277215,0.2530322300809759,0.5197935049151701,0.8493021719118283,-0.04950765823344644,0.07777869123413414
1550,36.095964416636455,78.97273786103398,0.20052945880172207,0.5340019695317301,0.8415649474603866,-0.043436248262499,0.06872865544377176
1551,36.02956234975511,79.11301301561885,0.2063275364958989,0.5489223133938506,0.8317893222876599,-0.04472249553155788,0.0693593222285855
1552,35.972363717361496,79.29632608176775,0.17541100292071243,0.5658135372117203,0.818945244186758,-0.05156433851871759,0.08077652582885392
1553,35.939815355637585,79.66816031280592,0.09366140182738333,0.5681969690258566,0.8165526693885362,-0.060717383897159256,0.0818983626025005
1554,35.849502882016864,79.80753822268035,0.05346338195873317,0.549479744721823,0.8297338533478461,-0.068673348473238,0.06998366922681601
1555,35.74041550343858,79.82439099063676,0.09240113763190647,0.5316129213183832,0.8428991515889779,-0.06594216463297337,0.050599931437046546
1556,35.772247681368114,80.19793950908698,0.09039427367057469,0.5220521702457656,0.8491264936713834,-0.06343649419235356,0.049209150486589366
1557,35.570531684291076,80.09334930985594,0.13705594785835254,0.5000097750840118,0.8615443850643139,-0.06731615338339407,0.05656883309961809
1558,35.458977241257756,80.12391539737988,0.12724668581517237,0.5124515761934809,0.8538216800213559,-0.061522871485288996,0.0678001258592545
1559,35.38021866643734,80.2509185025169,0.013812012608950555,0.5350674289789772,0.8395308699293275,-0.05556807670427557,0.07617712079700403
1560,35.29247650147617,80.40659812954964,0.03975281411468981,0.5544489323383527,0.8267696213784018,-0.05285102963157919,0.07902621882360912
1561,35.23758553089838,80.62307113263728,0.03680881883618454,0.5723329918268035,0.8129973618600913,-0.05256915241405857,0.09330980811029085
1562,35.186508867919784,80.83130419941979,-0.02231986968401494,0.5865440318523237,0.8019678522032331,-0.05151238223790221,0.10079750595689183
1563,35.17800266555651,81.21711807449843,-0.1280426743552366,0.5834147812902672,0.805464353237828,-0.04699265561882042,0.09298418657539732
1564,35.115380192403066,81.37652307974217,-0.15907500646450148,0.5649802231791166,0.8209062835240182,-0.039373834089525064,0.07321149005689237
1565,35.049466011883894,81.51223799285563,-0.11307766641300647,0.5444583345833663,0.8355784031385093,-0.03419333350294865,0.06484342723177001
1566,34.94427934362186,81.6313168214156,-0.12324259760939574,0.5223191940321791,0.8486868025725058,-0.04191791920042462,0.07180709390260795
1567,34.83571449808179,81.71503310229467,-0.12816358022135949,0.5103384042040963,0.8553072706291343,-0.047023648637459996,0.0761115134009184
1568,34.70382633376191,81.71000523116486,-0.17279350837331048,0.5119096907643895,0.8544374929494467,-0.04605337681504866,0.0759218389378359
1569,34.614757641075165,81.83640064051966,-0.16990144821806655,0.5277276713485649,0.8452644911833043,-0.04102327183678568,0.07313368584623602
1570,34.540504009593754,82.00664624936122,-0.15394392086340042,0.5429704019389684,0.8345633758881968,-0.041168846266977116,0.08361961696502307
1571,34.46575932287555,82.16978905603762,-0.191478287463472,0.5567754266425781,0.8241743050094715,-0.042314912813255605,0.0945901020336516
1572,34.47967160626487,82.4782259368121,-0.2703028710664979,0.5613839221182154,0.8212682587229935,-0.04185886954830104,0.09281365331356085
1573,34.38183341127716,82.56833706243665,-0.342411691680231,0.5493952239533764,0.8304680937276634,-0.043241129173218984,0.08135009493162992
1574,34.36812411936082,82.78164421782704,-0.3596658431845048,0.5384161301192941,0.8394022147442577,-0.04228664761160276,0.06102320987600195
1575,34.399062653674754,83.07107443419535,-0.3761602916740463,0.5185554230876358,0.8519074019459796,-0.05295104832618444,0.05049988294255982
1576,34.20725114006676,83.06157224313847,-0.33558944469613367,0.4921513267675957,0.8668863357393793,-0.06606570064614073,0.04393717864612913
1577,34.01612459819495,82.99840774491412,-0.33490197624793117,0.49345594895001765,0.865743972633665,-0.07192420501675796,0.042608790490048974
1578,33.91645521678177,83.07687247111888,-0.36443529027001453,0.5182210885068415,0.8505357434566292,-0.074982241033503,0.04912754888102247
1579,33.862589238100014,83.27926273939896,-0.33156376411340077,0.5436894204557081,0.8325670481910148,-0.08111416876267538,0.06822328031527711
1580,33.76605466708993,83.44849622944812,-0.36349949700892814,0.5641405915022134,0.8156509805160551,-0.08870416518688536,0.09268463778441612
1581,33.78034706825497,83.72897104533594,-0.46860270649389785,0.5806218401971265,0.8027348924713951,-0.09077372550792429,0.10126747677538074
1582,33.77978395879807,84.00885463177303,-0.5668490526633504,0.5709950102778412,0.8113301320486345,-0.08560683580302596,0.09154007172570423
1583,33.68437389438143,84.11383480138151,-0.5640064532437565,0.5489321944717317,0.8291984119535232,-0.07550106659602943,0.07350529524507615
1584,33.67365087544444,84.31071110013319,-0.5305695773636184,0.5290110378639454,0.842928379742893,-0.06831139570755333,0.07037486524760535
1585,33.552704298524645,84.44276663050134,-0.5406629622037427,0.5046314916198188,0.856985969512251,-0.07188237262424767,0.07586191554800452
1586,33.34905951284888,84.43124363703335,-0.5279049811406046,0.49526399156797796,0.8621347260326097,-0.07103454737703602,0.07994614377048259
1587,33.17224591951485,84.4320684971034,-0.5966981671298299,0.5135463500704005,0.8517772682714034,-0.06318491688378822,0.08217845133527489
1588,33.129867136517426,84.61102210608698,-0.5990122999749259,0.538684679820974,0.8368735056590829,-0.05270587073112338,0.08175354697213844
1589,33.04737537673933,84.75962161051926,-0.6164015448848603,0.5598116605694863,0.8216444561332992,-0.051029579719561395,0.09437835763295795
1590,33.06876691944633,85.03577115849528,-0.6883255289739888,0.5784099790914362,0.8081436765278943,-0.0516187746478606,0.09839307028076541
1591,33.09759198556372,85.34692274508647,-0.782460438831679,0.5730495830955917,0.8132693047089478,-0.053692683842632614,0.08558217708126169
1592,33.02131225605449,85.50486999591553,-0.8151041893034073,0.5541539687936983,0.8279467605679608,-0.05615597212976231,0.06529967327157277
1593,33.015366427889916,85.63063782351765,-0.7321716396951317,0.5400020776685869,0.8375465859469109,-0.05875923368021609,0.05882877645844052
1594,32.8872088443475,85.72144974354424,-0.7118446577022319,0.5196514579499274,0.8488175257140297,-0.06786766869790732,0.06975062606700054
1595,32.71776742963931,85.69241952804548,-0.6911132455513588,0.5146280411560933,0.8508174374137539,-0.06812128524054725,0.08140735805632766
1596,32.61140091637224,85.77969804727338,-0.7665941308518706,0.5247424080874746,0.8446506988138435,-0.058303830359577556,0.08838136406078935
1597,32.48799493107706,85.89034079330388,-0.8291104478119279,0.5353187403782291,0.8393067473590259,-0.04852035254888037,0.08150954193228321
1598,32.42700850845265,86.02910047196363,-0.812100460013273,0.5497249961500177,0.8302726454004977,-0.04496245373952464,0.08017568622246642
1599,32.35888606178375,86.2127946618388,-0.8679786348953124,0.5634982996688785,0.8205272401760837,-0.04760834921644156,0.0832956150357718
1600,32.33949641530071,86.55805681275889,-0.9309563996759334,0.5654087048672689,0.8196431535036887,-0.05325447532604631,0.07524664931140591
1601,32.26269733491303,86.69993884514113,-0.9807594379136788,0.5522142154852253,0.8292423060539726,-0.05895145511455143,0.06278044286402883
1602,32.206857644276866,86.78129005175165,-0.9372296630452165,0.5407649150008528,0.8374403521579904,-0.059634871047558505,0.052063859218874374
1603,32.125146081627335,87.0553383784774,-0.959635277438856,0.5219472650799059,0.8484686402154777,-0.06616569535044585,0.05739442312016812
1604,32.004011411065505,87.1359542583246,-0.9334605200252702,0.5032577126154794,0.8587088536453693,-0.07505809063237034,0.06096771600375163
1605,31.83960901274323,87.09993982028563,-0.9497695630756215,0.4944621627357576,0.8639630223236544,-0.07500819323986645,0.05872679649823098
1606,31.721890260750133,87.12770183216769,-1.0102715138139746,0.5083842412503535,0.8566805850288742,-0.06952228208425587,0.05301406206550675
1607,31.68798913892071,87.24864870545188,-0.9748361346377233,0.5309157123283517,0.8425402904626685,-0.0707116917969577,0.05704578856649465
1608,31.573853777047574,87.32291487110518,-0.9695516545509603,0.5545787538056177,0.8249982644292617,-0.07728902111814571,0.07646356472669048
1609,31.556972342103954,87.69268661208663,-1.0537782682829775,0.5802880305667837,0.8054898456209648,-0.08076835929039321,0.08904146404892431
1610,31.478882284657228,88.04752087210193,-1.1610975869241202,0.5814962745277473,0.8046673201762957,-0.08383325588404471,0.0857004770029311
1611,31.36613059041074,88.13922496124155,-1.185987365051196,0.5686450317485257,0.8155409362974712,-0.08314361009305819,0.06799227302757077
1612,31.439192730185514,88.4541888950498,-1.1776609503491375,0.5549228523961472,0.8250484139083193,-0.08756083891174968,0.060735838554850846
1613,31.321782237188273,88.43139211344821,-1.157666965736771,0.5361362012583448,0.8359722927970282,-0.10087391397021551,0.059436965402690764
1614,31.210251977610778,88.46037106953933,-1.1372704072753488,0.5368337606883284,0.8351970160693097,-0.10457091724828371,0.05762274724447078
1615,31.12020731998544,88.49274333059657,-1.2056272766173362,0.5529514382431647,0.8255229086734875,-0.10080439579473108,0.05094220243118195
1616,31.040972727055134,88.49965382128586,-1.2122899234248985,0.5759229481988694,0.8109748725938448,-0.09619490969612951,0.03713560431544593
1617,31.044259170083137,88.65345042579098,-1.1430293239303386,0.6061151937216196,0.7885201481668039,-0.09580845437174598,0.0410010724945357
1618,30.998828288452312,88.77701640291286,-1.1846892694612257,0.6383796998813245,0.7620425791698852,-0.0964993827996782,0.049500862930061736
1619,30.9511991432699,89.1598790021615,-1.2605891010190524,0.65995693891945,0.7439185784039063,-0.09345283069156977,0.04804743399301696
1620,30.933415998539335,89.53406918633105,-1.3626011200220174,0.6593785175596174,0.7456667735273831,-0.08729623621262657,0.039754252366925535
1621,30.91165097481575,89.5075438737458,-1.3032858323061074,0.6490661885211999,0.7552840301960353,-0.085191664633565,0.03164643623473293
1622,30.854843142387235,89.65212773113072,-1.2843276348935064,0.6427210340728654,0.7594426018268544,-0.09189705873482652,0.04137073224698982
1623,30.7765833846625,89.66680757520618,-1.2622357500767005,0.6476086788413917,0.7540655203523174,-0.09525908104814464,0.05398052966541544
1624,30.687542826327334,89.80514196841753,-1.3412528001789497,0.6597653029103152,0.7436398922370321,-0.0896306474386429,0.06062839919612937
1625,30.596566606044828,89.96713252715107,-1.4578247920180145,0.6749530834624116,0.7315052887612827,-0.0818009816499313,0.05144848919028721
1626,30.630202661220153,90.02614124301836,-1.3742207228241772,0.6928650390768609,0.7151234941486557,-0.07927677381886382,0.04745122626982644
1627,30.593240151862954,90.062009575077,-1.3547546623194664,0.7138825295299911,0.6936720639449245,-0.07749606239478792,0.056437239900202975
1628,30.57969220748676,90.39508075683453,-1.424101886667206,0.735745286814387,0.670724240758385,-0.07294492663650438,0.05905000819219684
1629,30.555783773557675,90.63909894283633,-1.4675524664854926,0.7371847923897787,0.6701106926558843,-0.06770420910659129,0.054096039843417806
1630,30.53984443195481,90.69547725949951,-1.466485547053814,0.7360717669961458,0.6729147908755053,-0.05560972609388475,0.04787062163696439
1631,30.59758482627122,90.92762463339032,-1.490360764322078,0.7333001515512326,0.67600545088782,-0.050066693530429994,0.05273371126541643
1632,30.577889158783638,91.02051051107571,-1.5069958342596257,0.7245962297805053,0.6842117594912882,-0.056572543389471076,0.060117545659806676
1633,30.545170921061434,91.12523020282254,-1.513676805399749,0.7263847568604167,0.681823861249801,-0.05839503020507779,0.06380773995836009
1634,30.55689711997273,91.24126111820618,-1.5886768028233558,0.7391935745810887,0.6682611662969316,-0.05557645841568666,0.0626987255649313
1635,30.499330113840774,91.41270675733995,-1.629394672246816,0.7498341539455637,0.6570181494820205,-0.05488940099596246,0.0553447963793014
1636,30.567439909249835,91.49076047978868,-1.5781901491545614,0.7643466254281441,0.6389602918281051,-0.0594508458581224,0.06300459181920721
1637,30.606657152034856,91.6794866404424,-1.611456359122055,0.7818871752131034,0.6154170947095798,-0.06387762280654817,0.0763799324500774
1638,30.53542924146666,91.93577453888295,-1.6727349649239664,0.7897231642410616,0.6049075381063471,-0.06561522596029856,0.07822299102810103
1639,30.51622129587116,92.09511302786592,-1.7208306872947883,0.7846171790849542,0.6127232885092028,-0.06283782339440869,0.07069272914727764
1640,30.619087782557532,92.23651997311948,-1.7237063480411974,0.7801730857440262,0.6191458875051271,-0.057666638583850516,0.06828532097436717
1641,30.58015791266978,92.3637603511329,-1.7522099826325976,0.772439677793929,0.6277248360556914,-0.06301177272043978,0.0729930878035327
1642,30.576767028482646,92.55426426988507,-1.750952433035708,0.765741463910724,0.6351025431143522,-0.06807475294521413,0.07517046088053392
1643,30.633729498781992,92.60243217403415,-1.7612446715354853,0.7612495225637442,0.640823917856198,-0.06592928920487608,0.07414310166727543
1644,30.673709032540536,92.75276576683945,-1.823098124209909,0.771017733540669,0.6306826110693349,-0.05828381630220259,0.06613694442463382
1645,30.751555870618212,92.86588286713564,-1.8100058678998507,0.7787500449019467,0.6220153296100864,-0.05427805474252351,0.06082096734382866
1646,30.81177334755541,92.97714483631755,-1.804187596165208,0.7880370851170158,0.6096799417555707,-0.054819018476404066,0.06544307690263794
1647,30.76062834859523,93.1767743198323,-1.8424447828685349,0.8011818454437868,0.592408148203685,-0.054607254858919256,0.06463964874550188
1648,30.637130837946007,93.4035255153205,-1.8959404986845383,0.7985126689068581,0.5968007407339627,-0.053643207701821696,0.05769575133490365
1649,30.74079743439709,93.49299600261087,-1.8899322874702984,0.7922022330781379,0.6059492617336911,-0.047919947504887046,0.05426594458346205
1650,30.717395316747158,93.68718084788283,-1.944025669814468,0.787528079375285,0.6118078626677673,-0.04508795326722076,0.058802549634738986
1651,30.674069696849234,93.86269265178082,-1.9572744751893123,0.7698389914547176,0.6321032916068474,-0.054692690679869115,0.06929693760887466
1652,30.844333225997794,93.92681030525877,-1.9110151227270524,0.7604531717431637,0.6417852781286764,-0.05541351971640249,0.08217038515000308
1653,30.94074405233304,94.04088524258431,-1.9751169518462068,0.7693939810247392,0.6304818873407307,-0.04993079379500268,0.08962369959544329
1654,30.859174650018176,94.2553435053521,-2.0612704867897347,0.7798848485718993,0.6182597676054042,-0.046888064135816074,0.08565040671294549
1655,30.932683242323392,94.38055511203022,-2.069834995341431,0.787599379100378,0.6080083742270175,-0.052021989929852866,0.08547951493929092
1656,30.975735009108814,94.54763080068798,-2.0745933903544413,0.7993864138113104,0.5923908090471112,-0.0560349175013023,0.08315394633463778
1657,30.87440526238374,94.77070718281452,-2.106492656731587,0.8046537297663332,0.586711954361907,-0.05649758450607403,0.07148063183086205
1658,30.94710416513814,94.87524428135994,-2.1342912810614814,0.8011130242784249,0.5931442577879922,-0.051980840183832346,0.06079312492700655
1659,30.987822905302323,95.04254092747027,-2.192363253758252,0.7971545888317076,0.5997628065700602,-0.04634642506608099,0.05177978604967043
1660,30.868911045656628,95.28274519817688,-2.260379156063374,0.7843873177549353,0.6152641850174096,-0.057988854502093186,0.05313954397259786
1661,31.04747196308218,95.3819032416742,-2.195556744932405,0.7754688564057046,0.6251147408777155,-0.06645328233977574,0.05885214310868917
1662,31.121296148617017,95.47739624301003,-2.188767587744084,0.776632224542729,0.623513253666546,-0.06344010536151691,0.06363146498147873
1663,31.27048040825516,95.59469900520538,-2.2369567787779014,0.7919251347487283,0.6049831176835053,-0.053852912971874396,0.06284800741151872
1664,31.198039669630504,95.77970294029815,-2.303332455786714,0.8033883491166258,0.5897550702531602,-0.051791140673858774,0.0638262905239936
1665,31.298086817890542,95.93365112285115,-2.334335824726129,0.8152561480809908,0.5713940624306955,-0.059052712806608454,0.07334177217160955
1666,31.20998476664046,96.17865888657077,-2.381374385987083,0.8219772563279748,0.5611365738225703,-0.06625599497793255,0.07133918087339047
1667,31.190710877628035,96.37680499105602,-2.4545606985201167,0.8182941431994424,0.5669386163030417,-0.07135738040232242,0.062317130967345584
1668,31.31849366271727,96.43525039161501,-2.42385126526339,0.8083065989694879,0.5819685992375944,-0.07023299186576609,0.05495742367865391
1669,31.348127435236552,96.66487949318226,-2.476826695038329,0.8064002046762226,0.5835066921052463,-0.07477790419442425,0.06038969457472889
1670,31.455569980948926,96.78308232309327,-2.4227382321714814,0.8009131230980772,0.589036428889267,-0.081665401267903,0.07003582602080406
1671,31.523264213391162,96.9123085492914,-2.4309492171988687,0.8035542510179996,0.585393338491197,-0.07673905800917771,0.07567246458849274
1672,31.57097379802083,97.0856778684601,-2.534245287163285,0.8127509247322539,0.57411632589027,-0.067612789710154,0.0724906156735747
1673,31.56228800764323,97.23761266546592,-2.5773009121783375,0.8165572042309431,0.5703622491314899,-0.0641081388438343,0.06173640350873665
1674,31.682252238597417,97.38433730544246,-2.5598240807688675,0.8240556881867824,0.5578626663319616,-0.07075651679439614,0.0686657382624504
1675,31.74195481616826,97.59185729030679,-2.5801434566277703,0.8339269438289314,0.5417687590664153,-0.07611016874019816,0.07252383242847377
1676,31.64245782366091,97.84264861594892,-2.636155555936987,0.833688318281372,0.5426177201529182,-0.07743012730571756,0.06733775406595842
1677,31.641577227824918,98.01010458681912,-2.6529954105189457,0.8231714713039197,0.5600890051989434,-0.0721917603352705,0.05896935497606197
1678,31.827647237232014,98.1332782529342,-2.6596341912679824,0.8206969072779406,0.5643391473735849,-0.06893481861341874,0.0567970413737694
1679,31.75136939279706,98.34246787591518,-2.6814381192130683,0.8070560803570495,0.5819789489615801,-0.07941767243199924,0.06044683142873469
1680,31.90319248180482,98.433337701644,-2.6428147372898483,0.7997854793746765,0.5913847935804212,-0.08172217301626948,0.06267933743077085
1681,32.015524611349136,98.51539203954123,-2.678545803396825,0.8020768860355795,0.5890766088445414,-0.07655787516044772,0.061646650765477665
1682,32.095030251179296,98.60289675676854,-2.674560811799639,0.8125443638940161,0.576329885793698,-0.06761787968762686,0.05516649156545282
1683,32.19407570779911,98.76407007856068,-2.7042853428330758,0.8293543657512645,0.5514003781321736,-0.06691988330749013,0.06042092537462186
1684,32.255487769521,98.97594930486528,-2.760549501980313,0.8433861424023621,0.5287656492367951,-0.07283323412589723,0.06166054652381619
1685,32.21775513306839,99.25377614373252,-2.813518684289064,0.8450264557096064,0.5273613629454574,-0.07520248635199797,0.046528142770233386
1686,32.27688650682741,99.44924916133466,-2.824239371296148,0.8320868150981926,0.5492181442931334,-0.07101124070824427,0.03079554857489733
1687,32.40185822380949,99.4565679500065,-2.7671474564356036,0.8234437625800978,0.5632650567144044,-0.06310705137665217,0.026274432800633525
1688,32.38024423468983,99.72340255018479,-2.783142640793282,0.8157029420159523,0.5734846821682498,-0.06545718309142058,0.03820192255159553
1689,32.486319850861726,99.80141724442586,-2.7497092391180735,0.809846440303255,0.580282326655125,-0.06638792215714487,0.05489816291569265
1690,32.55161918635325,99.90317164695608,-2.7973004366174385,0.8123266612196262,0.5761602746378439,-0.06075610701044722,0.0668836965332661
1691,32.60791455090231,100.03671774744684,-2.8361435028656956,0.8203764390352257,0.5654660639068093,-0.051652199753489725,0.06754760622145438
1692,32.69372793375154,100.21738981711076,-2.850338557815085,0.8310991624394389,0.5494734792162597,-0.04731935143045431,0.07151193474269131
1693,32.72470863952627,100.39793597801159,-2.889618159303909,0.838597233567161,0.5363790319318208,-0.051288234031141244,0.0801357036991254
1694,32.7809058795076,100.64760751659405,-2.9350751224741547,0.8441515936205365,0.5278197936039978,-0.05315242764074345,0.07738974029958663
1695,32.78051116785616,100.90647837943587,-2.9956031605194093,0.8354693306018535,0.5430048293659405,-0.051769047619420465,0.06675865949474058
1696,32.90865456757625,100.90473695431048,-2.9478300586286617,0.8262985550280854,0.5580301685315349,-0.046770690486935496,0.06037823679555762
1697,32.972625284260005,101.14856925189838,-2.9865933208304556,0.8205247997181584,0.565058290708824,-0.05353069673269343,0.06769524101449731
1698,33.03654380575317,101.2754531695096,-2.9481479296816313,0.8153444772990934,0.5701824882808775,-0.06295642024594221,0.07836965321801155
1699,33.06583112660943,101.31304580532837,-2.9449931983983992,0.8156832694644872,0.5682741133042711,-0.06488449448110739,0.08669105167143999
1700,33.144402931188274,101.4425937485611,-2.999927993546644,0.8272143881813461,0.5520162648652011,-0.05899396301103484,0.08668397567189774
1701,33.20242129532221,101.63879034253861,-2.997413139042154,0.8356096483116732,0.5408797385323639,-0.053721811535057555,0.07949585560892587
1702,33.25245437305306,101.79910532416942,-2.994736300078018,0.8412249604532999,0.5309968468791922,-0.05818036414057917,0.08365380889815724
1703,33.356300990227815,101.97510014062064,-3.0193368793566604,0.847657734979945,0.5201545661879617,-0.06189417825928072,0.08417067363453419
1704,33.3818016220205,102.26565226782411,-3.0708609933666358,0.8438355839749123,0.5273499274992203,-0.06279629766826487,0.07681266942011818
1705,33.45578613110456,102.30057470262875,-3.0199833558786864,0.8361970072651239,0.5400298168143088,-0.05941446312552502,0.07491517579142344
1706,33.54269934236627,102.56169649678883,-3.0598242696086637,0.8322056955091826,0.544862640287764,-0.06066699550727646,0.08293310097207722
1707,33.59129976491024,102.72095874741343,-3.076075194923309,0.8202430662530851,0.5602105638841661,-0.0719503242040018,0.09049081292186756
1708,33.645417797484136,102.84296030879912,-3.0655309605153627,0.8106099147535688,0.5730367343708611,-0.07738806694192131,0.09247461413698169
1709,33.71271620494941,102.91651265925549,-3.089668446973675,0.8073493975479773,0.5788923540659934,-0.0734942514012369,0.08757389847336029
1710,33.76262554049833,103.03428265973706,-3.0997809779841607,0.8089203670590295,0.5792016269597212,-0.06634698642135177,0.07596968130183317
1711,33.8629177543617,103.1385560554793,-3.0804154358633853,0.815035594344171,0.5705148881408726,-0.06705840993082174,0.07571599579482066
1712,33.93155097335314,103.27467136007733,-3.0980914158180344,0.824382111382471,0.5551839960057634,-0.0734335685851246,0.08229444705753439
1713,33.987187297960105,103.54849745793341,-3.1438023462103115,0.8303462735196453,0.5460480137025226,-0.07675317099509564,0.08040885228484124
1714,34.02968309893866,103.73341506794682,-3.173947884859472,0.8240473799242565,0.5572422298599126,-0.07398279328358694,0.07038152597577396
1715,34.11774913074923,103.86160365761195,-3.1622228721258523,0.8168011974978313,0.5703400467501404,-0.06432259906821435,0.05840066856009615
1716,34.18321887553827,104.09127358250717,-3.190502564179764,0.8079167150194069,0.5831605541461904,-0.0665544400755259,0.052581899798236686
1717,34.18062443983419,104.20481248164342,-3.137216131497605,0.7954241904689936,0.5996573650960186,-0.0717517044888747,0.050627014584980944
1718,34.26952404848366,104.15480385689227,-3.1124338050053373,0.795652094500103,0.5995656513454453,-0.06751789431633254,0.05385265259390201
1719,34.35068644493008,104.3855810266484,-3.1804262920057527,0.8060734339256422,0.5866974682312991,-0.056345220061764505,0.05345012690816158
1720,34.394354345253475,104.45251354983479,-3.178953971379239,0.8114822766590718,0.5797870797351568,-0.05163834521073855,0.05173913551930754
1721,34.44043054820631,104.64580356770142,-3.1703102795569444,0.819225040150373,0.5680863126451827,-0.05362550043694184,0.057206474097839015
1722,34.547125010430335,104.81511632964639,-3.1896062381391124,0.8274827201554987,0.5557156882605626,-0.05467953294175923,0.05884360918924637
1723,34.54505669490118,105.12038581682341,-3.23340083715716,0.8236313833241262,0.5621445357129506,-0.052316430409242755,0.053738780046556904
1724,34.59974646584773,105.2242530448375,-3.234627184623174,0.8157696404273427,0.5744925261635341,-0.04593572403420316,0.04866354278860902
1725,34.69143430496761,105.38295101226221,-3.237067395996437,0.8094961741683544,0.5839508431098288,-0.040153658560338985,0.04588072081318335
1726,34.734463174576724,105.51930941978239,-3.239167501589035,0.7999782861445505,0.5961665999168463,-0.04584333969771826,0.05018480891838055
1727,34.753186863376314,105.59769438537906,-3.227525485270483,0.7930147074793377,0.6045068133819199,-0.05003715014528643,0.056528487522976366
1728,34.834983652109166,105.5627771660053,-3.2504829039888996,0.7968401314229935,0.598890125397697,-0.04922959711002251,0.0628718492117243
1729,34.904445904424044,105.77302090110004,-3.3049621543767147,0.8062805107867418,0.5863637179676643,-0.04654121166356048,0.0626358028087435
1730,34.982814470023484,105.88616787146536,-3.302064103867087,0.8140009922295284,0.5753363219278939,-0.05093471994890873,0.0616129501286242
1731,35.02357112590504,106.06209655563943,-3.3037764287392286,0.8211252242227528,0.563912674165821,-0.06006749612144977,0.06440308975496473
1732,35.13896964148427,106.25409406065727,-3.3317768778873997,0.8288313668662085,0.5524297124602353,-0.06476914143300992,0.0605387182538979
1733,35.13968450015566,106.54145119236674,-3.3541992478512244,0.8249674108741101,0.5591889262132976,-0.06409940624793276,0.051261895348774365
1734,35.18718666586411,106.73092622458323,-3.3382676537419678,0.8162290902249986,0.5729103508651435,-0.0580185125673068,0.046665344116661796
1735,35.291506554349,106.91009703287313,-3.3439707007412416,0.8044131042612812,0.5892911207785964,-0.05569981222985751,0.0505278495662883
1736,35.30920105372343,107.1693411718703,-3.361800101456772,0.7853260426072693,0.6129070570551809,-0.06523626230990227,0.05789798178344714
1737,35.3122177045366,107.20756478709916,-3.3426653643776696,0.7658803371550273,0.6356200715422861,-0.0712802325151911,0.06582979769421353
1738,35.34804494628013,107.35839821252621,-3.397697634978736,0.7519438457100585,0.6520963959685584,-0.06906129734462112,0.06768515695972784
1739,35.29459506993648,107.58172733252434,-3.434528629079385,0.7310010208626345,0.6764769754423341,-0.06610326411828249,0.06038847296534737
1740,35.39142891868021,107.71253927073143,-3.4146972696221165,0.7110602656971035,0.6971661173124909,-0.06877686640815524,0.06018675988342921
1741,35.361985150811975,107.87775451970413,-3.4303483624319004,0.6875349466922348,0.7197958830493131,-0.0735879459992315,0.061436129645182094
1742,35.233202553466796,108.20045713691279,-3.462093894682992,0.6515631659988982,0.7527824191018219,-0.07637895488990662,0.0543168984260595
1743,35.21465296676108,108.28796221209682,-3.4330257172557492,0.5966425660646237,0.797479923476696,-0.0749459587642318,0.049259753108741436
1744,35.22439037693148,108.29721752471816,-3.3827341229858794,0.5438229404126579,0.8348020372824893,-0.0650489756051012,0.055953541466677026
1745,35.24011403743012,108.5772554509583,-3.4679853683181014,0.5025260833871669,0.8599389501390984,-0.0597442199610325,0.06635635410770793
1746,35.150938831043845,108.6236859016434,-3.4809034129855503,0.4399761489819307,0.8927823003613727,-0.0674078554063057,0.06940413185112251
1747,35.23480560178507,108.70058212561182,-3.4722066329941583,0.39793759899915304,0.9119789739458148,-0.06921380861964242,0.07175978734563898
1748,35.13661675759228,108.78425059605988,-3.510078783544232,0.3555496394647355,0.9297698607273033,-0.0691267242122506,0.06583278787436354
1749,35.21775319144215,108.79766575305258,-3.4519338959805457,0.31840876799092427,0.9439073490379107,-0.06327204207993867,0.06042699388319623
1750,35.2214282766719,108.96558973040896,-3.496005699370063,0.3018319651749568,0.9493069939551434,-0.05768529936481749,0.06622765482533871
1751,35.00898920541464,109.16234692900325,-3.5442177866154427,0.2614163639247708,0.9609625572846837,-0.06191630187549849,0.06617265093144431
1752,34.86333807406583,109.25828099726841,-3.550121348041663,0.20274458858780908,0.9749982430463462,-0.06655623882195649,0.0619945556381594
1753,34.74927524264721,109.29919949805794,-3.5167422779371273,0.12883282142330374,0.9879764564077126,-0.0626517858587557,0.058132430164916586
1754,34.91762775959105,109.32936148639062,-3.4624359619819955,0.06286938468352708,0.9952554255430048,-0.04773380533865087,0.05688200264247759
1755,35.07082288743321,109.39734896209387,-3.4599136010005447,0.02196492969775098,0.9976801556349268,-0.03214741083701978,0.05584257239881649
1756,35.08510927778659,109.49613236439338,-3.5087954755810857,-0.006962398258196853,0.9982069631451272,-0.026139605298804786,0.05339573741320104
1757,35.04458340925133,109.55806412404591,-3.5429780180704045,-0.03870344397764348,0.99739214256423,-0.029584489162699887,0.05325143543967696
1758,35.07519378479921,109.61779923854888,-3.5337793410619835,-0.06753170525944902,0.9952761896977171,-0.034605796095969615,0.06055752539617915
1759,35.11035033895416,109.68634956294814,-3.545666314455325,-0.09257683202377766,0.9923924805136003,-0.03747208710979929,0.07198984289564848
1760,35.24864521782845,109.71450357849766,-3.544975259721661,-0.11294045530343172,0.989688404796935,-0.03883641549616331,0.07907621512035695
1761,35.21668452502368,109.77460974659911,-3.5551058843637935,-0.12999729694525017,0.9877873476201511,-0.04025624628791711,0.07587023990526251
1762,35.44932121190013,109.81898017464995,-3.4900022894330798,-0.14523723331737967,0.9863633626186895,-0.03968394134585434,0.06647290982891578
1763,35.45917730871884,109.91773208008965,-3.4690355978646834,-0.14705793692264174,0.9870615191369991,-0.03381680820984311,0.054221251456550185
1764,35.370962516685545,109.93135579500576,-3.4587591554422477,-0.15832719431871048,0.9861093395855268,-0.02373669794128811,0.04424295528336153
1765,35.36114869023651,109.9949235520995,-3.458996538541774,-0.17503941712738905,0.9835535255532665,-0.007649659436240101,0.04387650321018629
1766,35.32996005243573,110.06681618305245,-3.5211160212319492,-0.1927223110797788,0.9796505716092457,0.00546014589444139,0.05579475929295192
1767,35.39834971910644,110.15675484733502,-3.575810620332406,-0.20569039398248282,0.9758167612865868,0.007365602407646703,0.07361289368486976
1768,35.475446812884094,110.20470394184726,-3.6030086830329062,-0.2141948294668183,0.9728169288033907,-5.803648168653992e-05,0.08802155812632614
1769,35.56363045129868,110.28894988408183,-3.5924438134982997,-0.21428432619363297,0.9723241147868482,-0.007958443809616378,0.0927615573599436
1770,35.56996119267715,110.34123442288016,-3.5910776850838944,-0.2157669994575149,0.9724895205406491,-0.013318517732777499,0.08678335940214088
1771,35.64291642640882,110.40365689587806,-3.6059968798108195,-0.22154817764300033,0.9718626170750766,-0.01608741090030194,0.07836232338039495
1772,35.574486549669935,110.440588291139,-3.644567317897791,-0.23225364291197342,0.9699536839094648,-0.02373093470632475,0.06844661542063031
1773,35.733603253139165,110.52003735132332,-3.6073903938988954,-0.24089181776999818,0.9682755886470974,-0.03212393154840492,0.05815126467632876
1774,35.86318049586852,110.59095369145814,-3.5651575708354786,-0.24080691776414337,0.9685712849995992,-0.035278197850171805,0.051353120524485756
1775,35.97483544475969,110.67217065524673,-3.540131039182724,-0.22900270603741052,0.9715685567368636,-0.032088400577902056,0.05081962943728971
1776,35.92198412122144,110.71315196908525,-3.5433679050226177,-0.21728263398010927,0.9744156755022861,-0.026493304579628167,0.05099463813520521
1777,35.90649441852041,110.75170094267955,-3.5343591548174738,-0.21328554966117302,0.9754900571190809,-0.01893476294522968,0.05069415666279071
1778,35.924173639558276,110.83501113393389,-3.552485860596283,-0.21134652806860826,0.9759509607184793,-0.007533634376691925,0.05287354441590281
1779,35.81288342284912,110.91398352043066,-3.631919634342268,-0.2115480722196902,0.9756743016179018,-0.0028550405873772086,0.057436217196091294
1780,35.91912028709889,110.9494973561774,-3.6511988270981988,-0.22101814751206655,0.9728452807604078,-0.007200414105048223,0.06834612065986936
1781,35.90933612561835,111.00945261488226,-3.657162777925176,-0.2213958905830626,0.9717410745250971,-0.013785764184965897,0.08070375715900018
1782,35.96294985674207,111.05839914751124,-3.6573179909547493,-0.22115546044870396,0.9710696623871887,-0.019722449517580974,0.08789196829050595
1783,35.99052366411712,111.09154478818219,-3.658069758043216,-0.21968682492714922,0.9709737787368807,-0.024601507216124058,0.09133666186995355
1784,36.035193335688014,111.12160031692373,-3.646380213559512,-0.2199723745692928,0.9709781970087881,-0.02694737804294612,0.08992960678508731
1785,36.1486405783123,111.15119510039369,-3.636845045807297,-0.21782301878290083,0.9715280967139297,-0.02575964100178471,0.08956969732656468
1786,36.089702002527126,111.18471107684364,-3.6671987544278437,-0.2151505567933516,0.9723045956091871,-0.025963516457610913,0.08752089511608883
1787,36.14358554030614,111.24333909124198,-3.6725646326427155,-0.2144223325011891,0.972858177980926,-0.029988717200103668,0.08167438828099306
1788,36.131060376847095,111.24703445893668,-3.68598498680204,-0.21718744424197448,0.9727711987603074,-0.038340208633231454,0.07124491089217384
1789,36.11468795953334,111.27636446112538,-3.670915000468267,-0.22267228866580935,0.9719978550913131,-0.04781238571390297,0.05788952695058156
1790,36.212502048712004,111.30343133122219,-3.622032104839777,-0.22861027866111996,0.9711306922136544,-0.05176400655643022,0.044305832080431026
1791,36.31259568087297,111.34664920472014,-3.5688650889898037,-0.22487095355959708,0.9726911962425361,-0.0461491992703813,0.03428035011729278
1792,36.40843243003651,111.43168297512754,-3.5553897467808606,-0.2063737551927393,0.9773960292704,-0.03402161901997751,0.03081240940533861
1793,36.213996554745336,111.38849875623707,-3.5993860082845095,-0.19634195620511824,0.9797157540943844,-0.02542732721174083,0.030989166553593118
1794,36.17292901068151,111.39135210766071,-3.624428818264294,-0.19546717508021824,0.9797525836940832,-0.021209409849391337,0.037783847670245375
1795,36.145041908120525,111.37650283602731,-3.6361294549359147,-0.1971562425689796,0.9789966400776072,-0.019376150190248236,0.04816180578677015
1796,36.16784136184634,111.37572708781035,-3.6420614736270487,-0.19772741821789608,0.978357183542033,-0.017866532340387643,0.05832560774407464
1797,36.150040115129606,111.37055300854931,-3.6526755199240255,-0.19749730519019246,0.9779969828254305,-0.0172606095181668,0.0649521930809723
1798,36.172493396150784,111.36522347883862,-3.6521237605825183,-0.19809508765529893,0.9777837612793631,-0.01753492686492585,0.0662554055535298
1799,36.19758326875853,111.36662109647884,-3.6468546930334664,-0.19734440469795325,0.9782718611416965,-0.017092705278651057,0.061214304366128396
1800,36.19536146840922,111.36374738103152,-3.6472358672287717,-0.1972454402431492,0.9787918611366895,-0.01622314971698139,0.052891760125015105
1801,36.202816688927335,111.37417286114803,-3.6445840469101163,-0.1965434657325198,0.97929250066279,-0.0151076791543433,0.046136994419212714
1802,36.22182663816999,111.37970249826702,-3.6419737522299203,-0.1954873770756314,0.9795897121127258,-0.01443046513712881,0.044502168519331545
1803,36.21298254339296,111.39171885564316,-3.647578738546226,-0.19233386772869407,0.9801256629703466,-0.014320614330984709,0.046435849476916514
1804,36.17161944733853,111.38833112625163,-3.6650484655522058,-0.19235710522510482,0.9799634219432792,-0.016024396709350745,0.04912895717128515
1805,36.17261616903825,111.38464685167217,-3.6740323966217363,-0.1952033050768501,0.979346349766674,-0.020471257243525786,0.048552286379065016
1806,36.19390506417118,111.39673190142595,-3.665168317698928,-0.19704050431933123,0.9790567429358581,-0.024976840221780025,0.044711197948032605
1807,36.23428925773846,111.40259607085599,-3.6498325515702454,-0.19758885860611036,0.979026719712752,-0.027136834292137813,0.041580250935078146
1808,36.25776966723092,111.42023483832114,-3.6422443298485025,-0.19480047448935242,0.9796126182789423,-0.026436243569729016,0.04138862492666809
1809,36.247190385506855,111.4204421325728,-3.6461422122564513,-0.19142276313640907,0.9802132543454922,-0.02489757152535115,0.04381110236893901
1810,36.24247978495145,111.43104228795833,-3.6571207805182753,-0.18890363095668244,0.9806070289457477,-0.024406325291074577,0.04614763568549728
1811,36.26723062381191,111.43498728290405,-3.6615957372053507,-0.18772244737904265,0.9808049694301202,-0.025591099560644114,0.04611930522547762
1812,36.23814367498171,111.43350522788369,-3.667096817298495,-0.18701704109756243,0.9810601020806302,-0.02800503547818183,0.04196927962834103
1813,36.24032374091692,111.44025357037542,-3.6702568955412427,-0.1883281376976985,0.9808854361036383,-0.031031703005907206,0.03785904382898697
1814,36.21972367961763,111.44583134194691,-3.672769477059987,-0.19034320778900696,0.9804286956370327,-0.03387966504412879,0.03716455726300674
1815,36.203066751518065,111.45514084170641,-3.669702797577706,-0.19377219128421191,0.9795810597534833,-0.03644386706900693,0.03930813923621903
1816,36.229735183742655,111.45564567956681,-3.6629306657811735,-0.1965829454967466,0.9787900278643439,-0.03812550865575704,0.043262830268949705
1817,36.22753355866169,111.46860809212204,-3.657433130322001,-0.19606737400462074,0.9787261243290047,-0.03760158312144723,0.04731679779548239
1818,36.22997359412769,111.46046097921968,-3.6571102140920497,-0.19629298456148556,0.9785265419286231,-0.03634139902552858,0.05132420160141184
1819,36.223540042347565,111.45509358186955,-3.6585997047704484,-0.19650298975036892,0.9784287774409488,-0.034465586612689204,0.05362672686282424
1820,36.2360846021936,111.45170688972692,-3.6589645245323177,-0.1963786666186649,0.9784428622432473,-0.03288153049592403,0.05480683875724432
1821,36.253855843703306,111.45281452072167,-3.6597996198659972,-0.19414141369386462,0.9789441704852218,-0.03144652353107679,0.05466752893407793
1822,36.2726001871805,111.45030627273874,-3.6630873349529725,-0.19105137981027645,0.9796759372778641,-0.030315186133958696,0.053060509618657714
1823,36.26076653665126,111.44731849926336,-3.6697012131774236,-0.1881596950615374,0.9803245243384784,-0.03034294770243064,0.05137179829062685
1824,36.246993240416124,111.4425977753854,-3.6732286674154473,-0.18755912928960822,0.9804859895570679,-0.03113906582954504,0.04999155810419142
1825,36.2668821628388,111.44484027010539,-3.6692226587146455,-0.18677338469879742,0.9806958675849623,-0.03228963206966419,0.048048909776797044
1826,36.28788044676512,111.43727597016576,-3.6624294734145737,-0.18517682083031892,0.9811692211931591,-0.032560756015808684,0.04423009810145874
1827,36.28676532218867,111.43802317204877,-3.658879384802561,-0.18344859259951798,0.98167165093832,-0.03183214746512058,0.0406706036966253
1828,36.29440250580669,111.43995968783507,-3.6547218977944307,-0.18234805532160409,0.9819771872953005,-0.03052306624766992,0.039221585624243306
1829,36.28726939649747,111.4351076546853,-3.658688300128897,-0.18052811679386635,0.982352538032427,-0.02882784045692973,0.03952272362450865
1830,36.27121158403811,111.42392048335266,-3.6676231657808276,-0.17989689184985885,0.9824453021346935,-0.0279694064900375,0.04069458092702122
1831,36.25916065298273,111.42155333237169,-3.6714447906021985,-0.18062094748516233,0.9822454901729314,-0.02806415694279029,0.042216980701968804
1832,36.262515723667974,111.41918258513323,-3.6705633438243668,-0.18098723962814364,0.9820855315771527,-0.028573644607099463,0.0439906193690605
1833,36.26929722230339,111.41763467390273,-3.668651891547984,-0.1810895064466566,0.9820296820215673,-0.02884220067233804,0.04463655165783176
1834,36.26728735768323,111.41957867355883,-3.6689075962076054,-0.18104529589089652,0.9820664293625084,-0.028800489807787533,0.04403022759176255
1835,36.26524329896571,111.42173558908847,-3.667538479149232,-0.18157164565010367,0.9819949290076956,-0.02888838601176542,0.043395369023884856
1836,36.27181664003206,111.42633991261715,-3.667040633538001,-0.18191649891391531,0.9819408763511959,-0.02887282740242513,0.04318405505899892
1837,36.27680764031473,111.42517193988625,-3.668345321474872,-0.1817326939514211,0.9819775183391102,-0.02867860008525873,0.04325412492319674
1838,36.2712641156393,111.42447819928641,-3.6714330900304137,-0.18213953677608832,0.9819179222669324,-0.028694253445652976,0.042883830206493716
1839,36.2712146210688,111.43259603329834,-3.671463030820287,-0.1826744309723371,0.9818404597790478,-0.029005750246631254,0.042166696128947884
1840,36.28299339491214,111.43614311076229,-3.669391243283981,-0.18347776965883136,0.9817137874311953,-0.029316754456439602,0.041406225578522825
1841,36.28116677309544,111.44012586157149,-3.6694014784792612,-0.18409761074632772,0.9816163916961189,-0.029538273300228665,0.040802201918847036
1842,36.27843046963441,111.43937531805943,-3.6687966217629158,-0.18475676153942672,0.9814956276920914,-0.029855067570826857,0.04049625695187687
