number,value,datetime_start,datetime_complete,duration,params_mirror_pos_x,params_mirror_pos_y,params_param_swing_speed,state
0,0.0,2026-01-12 22:15:46.739267,2026-01-12 22:16:18.468922,0 days 00:00:31.729655,11.00059679961598,93.41924742000873,0.9736255204580735,COMPLETE
1,0.0,2026-01-12 22:16:18.468922,2026-01-12 22:16:18.475932,0 days 00:00:00.007010,7.318025018939231,113.2848270092577,1.1240714532300755,COMPLETE
2,0.0,2026-01-12 22:16:18.476932,2026-01-12 22:16:18.481935,0 days 00:00:00.005003,30.214667345971378,79.92195176134592,11.752698875714394,COMPLETE
3,0.0,2026-01-12 22:16:18.481935,2026-01-12 22:16:18.487935,0 days 00:00:00.006000,48.67953875352369,93.62876173047226,9.04261510440143,COMPLETE
4,0.0,2026-01-12 22:16:18.487935,2026-01-12 22:16:18.493935,0 days 00:00:00.006000,-8.148395295760604,89.68719107154084,4.843749878089778,COMPLETE
5,434241.7540164996,2026-01-12 22:16:18.493935,2026-01-12 22:16:50.483173,0 days 00:00:31.989238,15.967319693408257,17.76226691471625,6.695930224989892,COMPLETE
6,0.0,2026-01-12 22:16:50.483173,2026-01-12 22:16:50.490019,0 days 00:00:00.006846,37.07864921631369,73.17219342758412,11.106373580934273,COMPLETE
7,0.0,2026-01-12 22:16:50.490019,2026-01-12 22:17:14.059966,0 days 00:00:23.569947,42.77319494815131,115.91615925672613,2.3893796634447426,COMPLETE
8,0.0,2026-01-12 22:17:14.059966,2026-01-12 22:17:14.068534,0 days 00:00:00.008568,54.69532073624109,80.5034124369099,11.340445542416717,COMPLETE
9,0.0,2026-01-12 22:17:14.068534,2026-01-12 22:17:14.075611,0 days 00:00:00.007077,54.01281995343635,34.974950577669986,4.206278571957322,COMPLETE
10,512381.3576904998,2026-01-12 22:17:14.075611,2026-01-12 22:17:42.158059,0 days 00:00:28.082448,54.73773315553126,49.860850391558955,4.031626149282734,COMPLETE
11,846557.2429652062,2026-01-12 22:17:42.158059,2026-01-12 22:18:04.910541,0 days 00:00:22.752482,36.20236356494718,5.21782133789678,4.04042817927328,COMPLETE
12,0.0,2026-01-12 22:18:04.910541,2026-01-12 22:18:37.578056,0 days 00:00:32.667515,11.989718960477937,90.88937204274183,12.039001271304922,COMPLETE
13,0.0,2026-01-12 22:18:37.578056,2026-01-12 22:18:37.594813,0 days 00:00:00.016757,24.659510627603566,36.771326024889824,8.607000333375874,COMPLETE
14,0.0,2026-01-12 22:18:37.594813,2026-01-12 22:18:37.594813,0 days 00:00:00,-14.672634868695402,14.408648383602326,11.807608920158518,COMPLETE
15,0.0,2026-01-12 22:18:37.594813,2026-01-12 22:18:37.609820,0 days 00:00:00.015007,-16.614666313010524,80.4545011882434,10.524739659327482,COMPLETE
16,173496.0514059812,2026-01-12 22:18:37.609820,2026-01-12 22:19:03.189496,0 days 00:00:25.579676,-4.467015917691599,45.90577264908486,5.951830584580201,COMPLETE
17,0.0,2026-01-12 22:19:03.190496,2026-01-12 22:19:03.197217,0 days 00:00:00.006721,25.30011596367318,50.57138162043059,14.878329433367725,COMPLETE
18,0.0,2026-01-12 22:19:03.197217,2026-01-12 22:19:03.203218,0 days 00:00:00.006001,13.42606833137333,77.45028329740097,6.628599385950086,COMPLETE
19,0.0,2026-01-12 22:19:03.204220,2026-01-12 22:19:03.209318,0 days 00:00:00.005098,13.40518397166879,40.172398250619416,8.161998279720954,COMPLETE
20,0.0,2026-01-12 22:19:03.210317,2026-01-12 22:19:03.212317,0 days 00:00:00.002000,-14.231654883821792,27.107839229172562,12.754945926481604,COMPLETE
21,430854.9456035172,2026-01-12 22:19:03.212317,2026-01-12 22:19:40.072202,0 days 00:00:36.859885,14.488264741274136,63.046611312551526,2.524799578078514,COMPLETE
22,0.0,2026-01-12 22:19:40.072202,2026-01-12 22:19:40.079202,0 days 00:00:00.007000,19.228805031574332,79.75465466150408,12.537252388103898,COMPLETE
23,0.0,2026-01-12 22:19:40.080068,2026-01-12 22:19:40.085003,0 days 00:00:00.004935,25.61478862767668,83.8845085219181,9.801209015218024,COMPLETE
24,323091.12806914333,2026-01-12 22:19:40.086004,2026-01-12 22:20:10.353298,0 days 00:00:30.267294,25.764331674910693,23.387399807174674,0.42733881073583,COMPLETE
25,0.0,2026-01-12 22:20:10.354298,2026-01-12 22:20:10.361298,0 days 00:00:00.007000,19.412158417496705,119.57560128773035,12.695215775629379,COMPLETE
26,833239.5241991839,2026-01-12 22:20:10.361298,2026-01-12 22:20:31.470153,0 days 00:00:21.108855,39.64988790023132,0.7919684811951067,5.695795293579409,COMPLETE
27,173111.75832795975,2026-01-12 22:20:31.470153,2026-01-12 22:20:57.213801,0 days 00:00:25.743648,35.16232076795041,40.68402235332139,1.6286330910756526,COMPLETE
28,1114457.6460874262,2026-01-12 22:20:57.222125,2026-01-12 22:21:20.625456,0 days 00:00:23.403331,41.71834813181757,10.493985856137762,5.5739525359331505,COMPLETE
29,0.0,2026-01-12 22:21:20.626393,2026-01-12 22:21:20.632759,0 days 00:00:00.006366,57.337864060643824,110.37914103782673,2.5121478824271786,COMPLETE
30,1986293.9594079305,2026-01-12 22:21:20.633771,2026-01-12 22:21:57.403728,0 days 00:00:36.769957,11.048928933306179,81.11491754398358,7.873143709388846,COMPLETE
31,0.0,2026-01-12 22:21:57.403728,2026-01-12 22:21:57.418453,0 days 00:00:00.014725,40.0678518087857,64.61356245027899,9.503775751176436,COMPLETE
32,0.0,2026-01-12 22:21:57.418453,2026-01-12 22:21:57.418453,0 days 00:00:00,48.99949719728592,19.168600276054498,4.202020663390241,COMPLETE
33,459731.69896236353,2026-01-12 22:21:57.418453,2026-01-12 22:22:22.230074,0 days 00:00:24.811621,39.061342227822415,35.106393932754784,6.3546107599421395,COMPLETE
34,0.0,2026-01-12 22:22:22.231077,2026-01-12 22:22:22.238072,0 days 00:00:00.006995,17.591776309007585,73.89257002531818,4.832420242651617,COMPLETE
35,0.0,2026-01-12 22:22:22.239074,2026-01-12 22:22:22.244078,0 days 00:00:00.005004,-3.252276188867647,92.79194205339805,0.02733664606913655,COMPLETE
36,176296.8213915153,2026-01-12 22:22:22.244078,2026-01-12 22:22:49.870693,0 days 00:00:27.626615,35.40964008239621,43.64999176634945,0.4824335989609796,COMPLETE
37,716861.3460995016,2026-01-12 22:22:49.871692,2026-01-12 22:23:11.564280,0 days 00:00:21.692588,42.969571316459614,5.885763106615456,4.037807935169525,COMPLETE
38,0.0,2026-01-12 22:23:11.565280,2026-01-12 22:23:11.572280,0 days 00:00:00.007000,25.90072333964109,55.46989296003574,10.439794519288606,COMPLETE
39,376566.99733987893,2026-01-12 22:23:11.573280,2026-01-12 22:23:43.395684,0 days 00:00:31.822404,7.0071705448802675,87.44333665310118,4.615612040801239,COMPLETE
40,0.0,2026-01-12 22:23:43.395684,2026-01-12 22:24:09.655184,0 days 00:00:26.259500,13.556813338511844,96.42535955805212,11.58461590528143,COMPLETE
41,0.0,2026-01-12 22:24:09.655184,2026-01-12 22:24:09.663638,0 days 00:00:00.008454,-14.984280066351223,111.4706292777773,0.7651902959225754,COMPLETE
42,0.0,2026-01-12 22:24:09.663638,2026-01-12 22:24:09.669638,0 days 00:00:00.006000,7.6317576815259685,91.11262327421561,7.148793729892769,COMPLETE
43,0.0,2026-01-12 22:24:09.669638,2026-01-12 22:24:09.674638,0 days 00:00:00.005000,19.281646124936238,7.600086246623432,9.324838547077304,COMPLETE
44,0.0,2026-01-12 22:24:09.674638,2026-01-12 22:24:09.680890,0 days 00:00:00.006252,24.42110405363465,84.44629923102381,13.18974967273692,COMPLETE
45,152047.03531525435,2026-01-12 22:24:09.680890,2026-01-12 22:24:39.534716,0 days 00:00:29.853826,31.419975309073948,48.44338114376923,2.700197805189487,COMPLETE
46,0.0,2026-01-12 22:24:39.535533,2026-01-12 22:24:39.543340,0 days 00:00:00.007807,-16.70405962548039,98.91436970754366,9.666295837640451,COMPLETE
47,0.0,2026-01-12 22:24:39.543340,2026-01-12 22:25:07.033311,0 days 00:00:27.489971,50.25671990750489,117.02250617706602,10.246884090906075,COMPLETE
48,0.0,2026-01-12 22:25:07.033311,2026-01-12 22:25:07.040978,0 days 00:00:00.007667,40.022783840292895,18.252104445878416,5.068006982514998,COMPLETE
49,0.0,2026-01-12 22:25:07.041980,2026-01-12 22:25:07.047978,0 days 00:00:00.005998,24.441574090924163,43.5666766568406,11.381219798079957,COMPLETE
50,0.0,2026-01-12 22:25:07.047978,2026-01-12 22:25:07.052979,0 days 00:00:00.005001,-12.61668147588666,71.73219384089545,1.850545590666891,COMPLETE
51,1925974.4872834096,2026-01-12 22:25:07.052979,2026-01-12 22:25:30.784387,0 days 00:00:23.731408,57.45774981039014,20.912473057839343,9.329308139446558,COMPLETE
52,0.0,2026-01-12 22:25:30.784387,2026-01-12 22:25:30.800251,0 days 00:00:00.015864,28.441728542861924,98.71251445879831,3.402007405273861,COMPLETE
53,808986.4738958102,2026-01-12 22:25:30.800251,2026-01-12 22:26:02.050240,0 days 00:00:31.249989,-3.236024791834833,9.018341079945307,4.480200506066336,COMPLETE
54,0.0,2026-01-12 22:26:02.051240,2026-01-12 22:26:02.058886,0 days 00:00:00.007646,56.901541237260375,2.9840510418218535,12.176647172761628,COMPLETE
55,0.0,2026-01-12 22:26:02.058886,2026-01-12 22:26:02.064270,0 days 00:00:00.005384,27.047860767385828,14.194183514165125,8.97136220456765,COMPLETE
56,0.0,2026-01-12 22:26:02.064270,2026-01-12 22:26:02.070117,0 days 00:00:00.005847,21.542907793235912,50.73149579257729,0.012779034780075471,COMPLETE
57,508895.5207602373,2026-01-12 22:26:02.070117,2026-01-12 22:26:34.710896,0 days 00:00:32.640779,9.763691560229226,18.354551138801508,7.730767178102808,COMPLETE
58,124108.15404235711,2026-01-12 22:26:34.710896,2026-01-12 22:27:05.754373,0 days 00:00:31.043477,10.144298506073621,86.41701382100356,2.849826481488032,COMPLETE
59,0.0,2026-01-12 22:27:05.754373,2026-01-12 22:27:05.761374,0 days 00:00:00.007001,53.17206517713882,82.0856407291111,14.67688180146615,COMPLETE
60,0.0,2026-01-12 22:27:05.761374,2026-01-12 22:27:05.767542,0 days 00:00:00.006168,23.112076247904355,31.608422100440944,14.196100619028071,COMPLETE
61,381534.72040784964,2026-01-12 22:27:05.767542,2026-01-12 22:27:34.041289,0 days 00:00:28.273747,29.398863545154427,22.212196132718258,14.373472191315216,COMPLETE
62,171804.3230468253,2026-01-12 22:27:34.042289,2026-01-12 22:28:01.227932,0 days 00:00:27.185643,51.0672195962635,70.18011065476205,10.725162245720897,COMPLETE
63,933989.9730335751,2026-01-12 22:28:01.227932,2026-01-12 22:28:30.589329,0 days 00:00:29.361397,-1.7686090587930607,68.02008411068036,11.672443155916717,COMPLETE
64,0.0,2026-01-12 22:28:30.589657,2026-01-12 22:28:30.597110,0 days 00:00:00.007453,-10.037147876907904,94.69474186494111,2.3309759591744794,COMPLETE
65,496010.68107928644,2026-01-12 22:28:30.597110,2026-01-12 22:29:06.447502,0 days 00:00:35.850392,33.81417312478423,64.17357267882079,11.891478450415518,COMPLETE
66,10355.176499096144,2026-01-12 22:29:06.447502,2026-01-12 22:29:36.821116,0 days 00:00:30.373614,42.14357915213621,83.1708784947771,7.171010091165989,COMPLETE
67,0.0,2026-01-12 22:29:36.821116,2026-01-12 22:29:36.821116,0 days 00:00:00,51.34703932132419,32.775596848742985,2.181958973576971,COMPLETE
68,0.0,2026-01-12 22:29:36.821116,2026-01-12 22:29:36.835511,0 days 00:00:00.014395,-2.059280001087764,63.999383007840635,5.472062093620294,COMPLETE
69,0.0,2026-01-12 22:29:36.835511,2026-01-12 22:29:36.839850,0 days 00:00:00.004339,-9.707274647981308,40.2108366531907,4.18797983752383,COMPLETE
70,0.0,2026-01-12 22:29:36.839850,2026-01-12 22:29:36.839850,0 days 00:00:00,3.353780337768029,37.596183288122106,5.981438596383525,COMPLETE
71,0.0,2026-01-12 22:29:36.839850,2026-01-12 22:29:36.851374,0 days 00:00:00.011524,40.26276993273716,107.15021912168812,7.169686838269897,COMPLETE
72,0.0,2026-01-12 22:29:36.851374,2026-01-12 22:29:36.857190,0 days 00:00:00.005816,20.816051507399365,55.73313258384479,14.952485153981499,COMPLETE
73,0.0,2026-01-12 22:29:36.857190,2026-01-12 22:29:36.857190,0 days 00:00:00,-8.734957672482135,6.355854581972493,7.699456821696567,COMPLETE
74,0.0,2026-01-12 22:29:36.857190,2026-01-12 22:29:36.867212,0 days 00:00:00.010022,-15.302312792449104,104.14515817422723,6.648561010934129,COMPLETE
75,292205.4124869836,2026-01-12 22:29:36.867212,2026-01-12 22:30:08.729806,0 days 00:00:31.862594,11.173385674172806,59.892629546423095,8.437591865528692,COMPLETE
76,0.0,2026-01-12 22:30:08.730806,2026-01-12 22:30:08.738809,0 days 00:00:00.008003,5.486124816419675,34.19133148426103,0.526366704245626,COMPLETE
77,0.0,2026-01-12 22:30:08.738809,2026-01-12 22:30:08.744226,0 days 00:00:00.005417,-19.711625225939233,97.53246815286406,9.407060121239098,COMPLETE
78,493209.62518502993,2026-01-12 22:30:08.744226,2026-01-12 22:30:29.307934,0 days 00:00:20.563708,14.399556384197439,2.541400087822958,13.133956140157808,COMPLETE
79,0.0,2026-01-12 22:30:29.307934,2026-01-12 22:30:29.315401,0 days 00:00:00.007467,-4.144653383757033,55.72738899469311,3.5331879405241957,COMPLETE
80,0.0,2026-01-12 22:30:29.316401,2026-01-12 22:30:29.322401,0 days 00:00:00.006000,22.435148941171647,55.5407087716865,6.099294467738801,COMPLETE
81,0.0,2026-01-12 22:30:29.322401,2026-01-12 22:30:29.327408,0 days 00:00:00.005007,24.11178309146348,38.62917852872003,9.322322019973155,COMPLETE
82,0.0,2026-01-12 22:30:29.328408,2026-01-12 22:30:53.863122,0 days 00:00:24.534714,45.63214554525574,110.84530826666484,1.2855230792788848,COMPLETE
83,0.0,2026-01-12 22:30:53.863122,2026-01-12 22:30:53.871121,0 days 00:00:00.007999,36.15591212178778,83.17501912646048,14.49981318986508,COMPLETE
84,111550.72921042515,2026-01-12 22:30:53.871121,2026-01-12 22:31:20.644156,0 days 00:00:26.773035,26.28565805465015,74.88826928970204,11.150013418788161,COMPLETE
85,0.0,2026-01-12 22:31:20.644156,2026-01-12 22:31:20.647776,0 days 00:00:00.003620,-18.663228154140484,68.6135006312499,1.2105247487844202,COMPLETE
86,88547.73456016852,2026-01-12 22:31:20.647776,2026-01-12 22:31:54.989125,0 days 00:00:34.341349,44.97630320454485,76.65486512225966,14.360498825549763,COMPLETE
87,0.0,2026-01-12 22:31:54.989125,2026-01-12 22:31:54.996909,0 days 00:00:00.007784,-3.6515325448867486,105.23786865341783,14.976254555846213,COMPLETE
88,0.0,2026-01-12 22:31:54.996909,2026-01-12 22:31:55.003419,0 days 00:00:00.006510,54.52013062496947,37.35327314136087,1.9261135174088606,COMPLETE
89,0.0,2026-01-12 22:31:55.003419,2026-01-12 22:31:55.008427,0 days 00:00:00.005008,6.224290199769882,29.134173287204415,6.002844463696916,COMPLETE
90,0.0,2026-01-12 22:31:55.009427,2026-01-12 22:31:55.013548,0 days 00:00:00.004121,37.251171267693806,15.547014094246595,12.488868917120662,COMPLETE
91,57833.96179294714,2026-01-12 22:31:55.014548,2026-01-12 22:32:22.261164,0 days 00:00:27.246616,32.5343715029249,73.1851506210127,0.6203247008366464,COMPLETE
92,0.0,2026-01-12 22:32:22.262164,2026-01-12 22:32:22.269290,0 days 00:00:00.007126,8.614735225245465,113.62179518623915,12.779706322646335,COMPLETE
93,0.0,2026-01-12 22:32:22.269290,2026-01-12 22:32:22.274730,0 days 00:00:00.005440,53.19204381234647,102.44510537863924,0.5707696529380274,COMPLETE
94,0.0,2026-01-12 22:32:22.275730,2026-01-12 22:32:22.279737,0 days 00:00:00.004007,-15.659651851499001,29.77262730723205,2.5752651270263094,COMPLETE
95,0.0,2026-01-12 22:32:22.279737,2026-01-12 22:32:22.284747,0 days 00:00:00.005010,54.57062496207794,23.829337579118388,7.080930870737797,COMPLETE
96,0.0,2026-01-12 22:32:22.285746,2026-01-12 22:32:22.291210,0 days 00:00:00.005464,33.668331493392316,85.76881222526094,11.763628777962852,COMPLETE
97,0.0,2026-01-12 22:32:22.291210,2026-01-12 22:32:22.296557,0 days 00:00:00.005347,-19.361068506344168,103.40979362787745,1.5978137777402912,COMPLETE
98,0.0,2026-01-12 22:32:22.296557,2026-01-12 22:32:22.300776,0 days 00:00:00.004219,42.25568056709264,51.86483670611234,12.453182593409265,COMPLETE
99,0.0,2026-01-12 22:32:22.300776,2026-01-12 22:32:22.307744,0 days 00:00:00.006968,54.49518915371604,37.75012759009057,0.9069670389162893,COMPLETE
100,0.0,2026-01-12 22:32:22.307744,2026-01-12 22:32:48.513022,0 days 00:00:26.205278,48.46678347989766,117.43971838204014,3.237520759638665,COMPLETE
101,0.0,2026-01-12 22:32:48.513022,2026-01-12 22:32:48.513022,0 days 00:00:00,54.50750464416177,110.87400954013408,8.206610191270446,COMPLETE
102,1404911.164613117,2026-01-12 22:32:48.513022,2026-01-12 22:33:11.738489,0 days 00:00:23.225467,44.12145454020137,11.329205647570571,5.465788802685292,COMPLETE
103,755761.1331073862,2026-01-12 22:33:11.738489,2026-01-12 22:33:31.864137,0 days 00:00:20.125648,49.90902858412599,7.719746200675166,10.102578803428056,COMPLETE
104,0.0,2026-01-12 22:33:31.864137,2026-01-12 22:33:31.879686,0 days 00:00:00.015549,57.82112258768301,35.10931519955499,0.7802392183337259,COMPLETE
105,0.0,2026-01-12 22:33:31.879686,2026-01-12 22:33:31.879686,0 days 00:00:00,21.564397009139924,26.45358130439519,14.045576694993306,COMPLETE
106,0.0,2026-01-12 22:33:31.879686,2026-01-12 22:33:31.894221,0 days 00:00:00.014535,51.2487291848428,118.18353810623132,12.293756884531659,COMPLETE
107,0.0,2026-01-12 22:33:31.894221,2026-01-12 22:33:31.902240,0 days 00:00:00.008019,7.734026090334389,5.754333059916932,3.862394277931203,COMPLETE
108,0.0,2026-01-12 22:33:31.902240,2026-01-12 22:33:31.902240,0 days 00:00:00,-3.2174281090869457,58.24340610464226,1.0462024755435362,COMPLETE
109,0.0,2026-01-12 22:33:31.902240,2026-01-12 22:33:31.910289,0 days 00:00:00.008049,-14.115926663719565,117.73727218416104,3.4578239578143917,COMPLETE
110,0.0,2026-01-12 22:33:31.910289,2026-01-12 22:33:31.919120,0 days 00:00:00.008831,30.528508853447462,39.35725163274748,13.614512151995438,COMPLETE
111,0.0,2026-01-12 22:33:31.919120,2026-01-12 22:34:02.587790,0 days 00:00:30.668670,21.065667163503136,113.2173653511113,5.176948821203205,COMPLETE
112,306666.3979962165,2026-01-12 22:34:02.588791,2026-01-12 22:34:35.277545,0 days 00:00:32.688754,44.15976821004767,74.71666269511644,4.049057706893063,COMPLETE
113,0.0,2026-01-12 22:34:35.278553,2026-01-12 22:34:35.285553,0 days 00:00:00.007000,38.989631664370776,18.33892865001902,10.080454353938574,COMPLETE
114,0.0,2026-01-12 22:34:35.286553,2026-01-12 22:34:35.291553,0 days 00:00:00.005000,57.73204344278852,87.92585822952633,9.6007842493489,COMPLETE
115,568981.5906306378,2026-01-12 22:34:35.291553,2026-01-12 22:34:55.008560,0 days 00:00:19.717007,-2.8183932903763953,35.695580889944395,11.707935463126999,COMPLETE
116,1062217.358346241,2026-01-12 22:34:55.009230,2026-01-12 22:35:20.055672,0 days 00:00:25.046442,-4.670112651849845,72.24258215393218,6.680523610659213,COMPLETE
117,216369.6348174745,2026-01-12 22:35:20.056671,2026-01-12 22:35:41.632197,0 days 00:00:21.575526,39.01149960482825,0.9163330239878587,6.668236718109387,COMPLETE
118,100431.2003680804,2026-01-12 22:35:41.632478,2026-01-12 22:36:12.227810,0 days 00:00:30.595332,25.096229817425602,76.72748373336998,14.997312077221231,COMPLETE
119,0.0,2026-01-12 22:36:12.227810,2026-01-12 22:36:12.236141,0 days 00:00:00.008331,32.7438700760456,75.4223781909013,11.393980465798471,COMPLETE
120,0.0,2026-01-12 22:36:12.236141,2026-01-12 22:36:12.241392,0 days 00:00:00.005251,7.789899285945403,2.0779192513058264,3.651606227621535,COMPLETE
121,0.0,2026-01-12 22:36:12.241392,2026-01-12 22:36:12.246400,0 days 00:00:00.005008,-8.081573674813773,52.35214758623007,1.9892347509971335,COMPLETE
122,0.0,2026-01-12 22:36:12.247400,2026-01-12 22:36:12.252529,0 days 00:00:00.005129,42.35387703251455,17.107155235611128,3.1224935056485226,COMPLETE
123,145972.4625172534,2026-01-12 22:36:12.252529,2026-01-12 22:36:41.577668,0 days 00:00:29.325139,33.078143015626715,49.56913494306861,4.863829546525257,COMPLETE
124,528832.5150036648,2026-01-12 22:36:41.578668,2026-01-12 22:37:15.722284,0 days 00:00:34.143616,8.444369240403418,61.82807686236153,7.120357077926914,COMPLETE
125,1359608.1981189277,2026-01-12 22:37:15.722284,2026-01-12 22:37:44.694349,0 days 00:00:28.972065,-1.2735608135431598,9.2525270754484,8.349422777385154,COMPLETE
126,0.0,2026-01-12 22:37:44.694349,2026-01-12 22:37:44.704724,0 days 00:00:00.010375,33.58257016073846,99.94477936290666,13.597359127579976,COMPLETE
127,0.0,2026-01-12 22:37:44.704724,2026-01-12 22:38:09.830546,0 days 00:00:25.125822,48.70600621036013,115.9532365557831,2.6039827794117825,COMPLETE
128,126435.86056396812,2026-01-12 22:38:09.830546,2026-01-12 22:38:33.212542,0 days 00:00:23.381996,-17.42250515676858,50.71176749449923,1.1055747809140244,COMPLETE
129,0.0,2026-01-12 22:38:33.212542,2026-01-12 22:39:02.936128,0 days 00:00:29.723586,20.283357214399174,117.62846818832087,2.4449728925397443,COMPLETE
130,179577.72344375658,2026-01-12 22:39:02.936128,2026-01-12 22:39:27.576409,0 days 00:00:24.640281,36.880021912116916,42.93903277525756,4.7091966928095506,COMPLETE
131,0.0,2026-01-12 22:39:27.576409,2026-01-12 22:39:47.490622,0 days 00:00:19.914213,37.60490468766632,117.60265531612094,3.969745937945941,COMPLETE
132,0.0,2026-01-12 22:39:47.491799,2026-01-12 22:39:47.499213,0 days 00:00:00.007414,38.607522916815014,82.34879038706826,1.5582257297603086,COMPLETE
133,0.0,2026-01-12 22:39:47.499213,2026-01-12 22:40:19.609619,0 days 00:00:32.110406,21.630696500649307,110.8978368872772,1.8126168406862146,COMPLETE
134,0.0,2026-01-12 22:40:19.610619,2026-01-12 22:40:19.618540,0 days 00:00:00.007921,36.97461958178767,53.909797032266454,5.098396639713004,COMPLETE
135,0.0,2026-01-12 22:40:19.618540,2026-01-12 22:40:19.623886,0 days 00:00:00.005346,26.793604698027337,28.214816882442832,2.5361514621555816,COMPLETE
136,0.0,2026-01-12 22:40:19.623886,2026-01-12 22:40:19.630596,0 days 00:00:00.006710,24.209306967772434,7.865073694751641,3.9442817768589626,COMPLETE
137,0.0,2026-01-12 22:40:19.630596,2026-01-12 22:40:52.716677,0 days 00:00:33.086081,39.28244908764643,87.23256354755608,0.9501549309535401,COMPLETE
138,0.0,2026-01-12 22:40:52.716677,2026-01-12 22:40:52.724682,0 days 00:00:00.008005,50.59495591583733,105.6631493454051,11.956646917259585,COMPLETE
139,0.0,2026-01-12 22:40:52.724682,2026-01-12 22:40:52.730676,0 days 00:00:00.005994,40.915658667704626,44.02780746780668,12.674304980950373,COMPLETE
140,0.0,2026-01-12 22:40:52.730676,2026-01-12 22:40:52.736680,0 days 00:00:00.006004,-13.722205142221613,37.67228537501191,14.82437980063271,COMPLETE
141,0.0,2026-01-12 22:40:52.736680,2026-01-12 22:40:52.742678,0 days 00:00:00.005998,37.99902408488269,68.11148278166894,0.11686035286347929,COMPLETE
142,0.0,2026-01-12 22:40:52.742678,2026-01-12 22:41:20.909978,0 days 00:00:28.167300,25.234241135437372,117.61306942100866,1.9375504685852958,COMPLETE
143,1748185.2541832884,2026-01-12 22:41:20.910978,2026-01-12 22:41:42.743874,0 days 00:00:21.832896,48.91460054043702,13.767038028162201,11.642595558545283,COMPLETE
144,0.0,2026-01-12 22:41:42.743874,2026-01-12 22:41:42.751875,0 days 00:00:00.008001,5.0043096919233605,23.58613708807556,10.036899098364081,COMPLETE
145,0.0,2026-01-12 22:41:42.752339,2026-01-12 22:41:42.757614,0 days 00:00:00.005275,55.35720641957097,104.84643483888782,3.152576289731323,COMPLETE
146,0.0,2026-01-12 22:41:42.758615,2026-01-12 22:41:42.763726,0 days 00:00:00.005111,25.303780961526996,99.3343253858874,8.258686646923453,COMPLETE
147,0.0,2026-01-12 22:41:42.764727,2026-01-12 22:41:42.769776,0 days 00:00:00.005049,4.196873071605918,58.66803801432758,5.77369743474616,COMPLETE
148,0.0,2026-01-12 22:41:42.769776,2026-01-12 22:41:42.775213,0 days 00:00:00.005437,59.090979280314414,92.64768488538652,7.657725707640277,COMPLETE
149,0.0,2026-01-12 22:41:42.776213,2026-01-12 22:41:42.781213,0 days 00:00:00.005000,30.51979489467628,81.06687107052775,1.441934329564733,COMPLETE
150,0.0,2026-01-12 22:41:42.781213,2026-01-12 22:41:42.786342,0 days 00:00:00.005129,30.51815175924139,103.82200934564918,3.7193478550259425,COMPLETE
151,0.0,2026-01-12 22:41:42.787350,2026-01-12 22:41:42.792359,0 days 00:00:00.005009,10.282903013664956,4.080427156361126,8.797273819025035,COMPLETE
152,53682.67341013266,2026-01-12 22:41:42.792359,2026-01-12 22:42:13.620628,0 days 00:00:30.828269,46.87522431670891,77.05993603327484,7.864055027895979,COMPLETE
153,0.0,2026-01-12 22:42:13.620628,2026-01-12 22:42:37.969193,0 days 00:00:24.348565,47.25078120286126,118.96943810488034,13.311712018639742,COMPLETE
154,2360894.744992605,2026-01-12 22:42:37.970541,2026-01-12 22:42:59.456707,0 days 00:00:21.486166,50.16430956345144,15.364954064975503,11.210724291507512,COMPLETE
155,0.0,2026-01-12 22:42:59.457028,2026-01-12 22:42:59.464071,0 days 00:00:00.007043,14.883868916978003,26.14260655413456,12.125307986747728,COMPLETE
156,0.0,2026-01-12 22:42:59.464071,2026-01-12 22:42:59.470057,0 days 00:00:00.005986,31.027460478737225,36.36704579504568,6.975387819638797,COMPLETE
157,0.0,2026-01-12 22:42:59.470057,2026-01-12 22:42:59.476292,0 days 00:00:00.006235,46.133906344936676,49.480495303614894,11.9224249867235,COMPLETE
158,0.0,2026-01-12 22:42:59.476292,2026-01-12 22:42:59.481639,0 days 00:00:00.005347,57.07400812404914,107.5120010918961,7.803983644624952,COMPLETE
159,0.0,2026-01-12 22:42:59.481639,2026-01-12 22:42:59.486765,0 days 00:00:00.005126,-12.571777367931887,119.40454140737349,9.582995614943547,COMPLETE
160,0.0,2026-01-12 22:42:59.487775,2026-01-12 22:42:59.493774,0 days 00:00:00.005999,43.084829815015496,2.013566715475812,14.588108423207307,COMPLETE
161,0.0,2026-01-12 22:42:59.493774,2026-01-12 22:42:59.498994,0 days 00:00:00.005220,-12.391457398643517,86.56482648771807,4.403115964831697,COMPLETE
162,0.0,2026-01-12 22:42:59.498994,2026-01-12 22:42:59.504159,0 days 00:00:00.005165,56.23504299210184,78.68380843603681,0.06004187905290059,COMPLETE
163,0.0,2026-01-12 22:42:59.505160,2026-01-12 22:42:59.511266,0 days 00:00:00.006106,30.2858864025119,106.77647387927951,6.001657199389269,COMPLETE
164,0.0,2026-01-12 22:42:59.511266,2026-01-12 22:42:59.516566,0 days 00:00:00.005300,-12.60458592823217,94.35133723986239,10.73513100643167,COMPLETE
165,0.0,2026-01-12 22:42:59.516566,2026-01-12 22:42:59.522054,0 days 00:00:00.005488,44.33274470721703,20.804906504180146,6.32964382145701,COMPLETE
166,0.0,2026-01-12 22:42:59.522054,2026-01-12 22:43:23.937493,0 days 00:00:24.415439,44.343201296789914,118.13968039259845,1.2574802788177375,COMPLETE
167,0.0,2026-01-12 22:43:23.938787,2026-01-12 22:43:23.945968,0 days 00:00:00.007181,40.3163313322807,67.76166344463489,7.737169905677529,COMPLETE
168,0.0,2026-01-12 22:43:23.946969,2026-01-12 22:43:23.952010,0 days 00:00:00.005041,50.25018673400773,41.1524283252502,11.338887621699039,COMPLETE
169,395336.8968122607,2026-01-12 22:43:23.952010,2026-01-12 22:43:56.589857,0 days 00:00:32.637847,4.516294916360373,80.63119954233593,4.217908671761718,COMPLETE
170,0.0,2026-01-12 22:43:56.589857,2026-01-12 22:43:56.596878,0 days 00:00:00.007021,0.1843329097859865,65.07519925408074,9.89036112178584,COMPLETE
171,796319.5907803166,2026-01-12 22:43:56.596878,2026-01-12 22:44:20.689113,0 days 00:00:24.092235,-14.05880557610959,59.46881009097551,14.791694280133685,COMPLETE
172,0.0,2026-01-12 22:44:20.690340,2026-01-12 22:44:20.697584,0 days 00:00:00.007244,52.27231398587732,84.05842124622151,14.730694552607366,COMPLETE
173,195800.42354908737,2026-01-12 22:44:20.697584,2026-01-12 22:44:48.931382,0 days 00:00:28.233798,-6.114089025052749,68.98970994808862,14.603205504210624,COMPLETE
174,0.0,2026-01-12 22:44:48.931382,2026-01-12 22:44:48.939663,0 days 00:00:00.008281,7.372726246116628,9.359381561524165,1.7397449108698626,COMPLETE
175,0.0,2026-01-12 22:44:48.939663,2026-01-12 22:44:48.946277,0 days 00:00:00.006614,28.887169375740662,114.5894543677547,5.955935273505391,COMPLETE
176,0.0,2026-01-12 22:44:48.946277,2026-01-12 22:44:48.951398,0 days 00:00:00.005121,30.202601030811607,33.119499754975614,8.507173503934991,COMPLETE
177,0.0,2026-01-12 22:44:48.951398,2026-01-12 22:44:48.957520,0 days 00:00:00.006122,49.724482232195015,40.076503456170656,14.14184482285509,COMPLETE
178,0.0,2026-01-12 22:44:48.957520,2026-01-12 22:44:48.963527,0 days 00:00:00.006007,30.36260902977871,32.27238766499347,7.5155839333885925,COMPLETE
179,0.0,2026-01-12 22:44:48.963527,2026-01-12 22:44:48.968924,0 days 00:00:00.005397,26.944236915797973,33.81071228486137,3.3828470508587767,COMPLETE
180,0.0,2026-01-12 22:44:48.968924,2026-01-12 22:44:48.975349,0 days 00:00:00.006425,21.054004361315023,59.71462494444304,11.189097856219675,COMPLETE
181,0.0,2026-01-12 22:44:48.975349,2026-01-12 22:44:48.981349,0 days 00:00:00.006000,58.148428870891735,59.94835143841033,13.627792334890534,COMPLETE
182,0.0,2026-01-12 22:44:48.981349,2026-01-12 22:44:48.986529,0 days 00:00:00.005180,41.24405338259748,16.697249167074272,14.032587717653309,COMPLETE
183,0.0,2026-01-12 22:44:48.986529,2026-01-12 22:44:48.993014,0 days 00:00:00.006485,22.338931838697,95.56851162076961,0.21591650440558774,COMPLETE
184,0.0,2026-01-12 22:44:48.993014,2026-01-12 22:44:48.998437,0 days 00:00:00.005423,-12.964348629553957,1.287328315662375,7.293439497973743,COMPLETE
185,0.0,2026-01-12 22:44:48.998437,2026-01-12 22:44:49.004700,0 days 00:00:00.006263,45.88022458013165,59.562775929268405,6.907005294190618,COMPLETE
186,0.0,2026-01-12 22:44:49.004700,2026-01-12 22:44:49.010716,0 days 00:00:00.006016,53.08135049715966,112.91111119023431,0.08504731260963405,COMPLETE
187,0.0,2026-01-12 22:44:49.010716,2026-01-12 22:44:49.016159,0 days 00:00:00.005443,-19.906549902969807,102.18537559618062,10.027957722595623,COMPLETE
188,0.0,2026-01-12 22:44:49.016159,2026-01-12 22:44:49.021616,0 days 00:00:00.005457,26.185037456876188,16.151701322293306,12.799887656437935,COMPLETE
189,0.0,2026-01-12 22:44:49.021616,2026-01-12 22:44:49.027158,0 days 00:00:00.005542,-8.680618778349176,108.36226929125094,1.708086116376708,COMPLETE
190,827321.648683293,2026-01-12 22:44:49.027158,2026-01-12 22:45:11.719885,0 days 00:00:22.692727,58.12954540666607,18.908065902285436,1.0046454646086178,COMPLETE
191,0.0,2026-01-12 22:45:11.719885,2026-01-12 22:45:11.735905,0 days 00:00:00.016020,-17.409383101738545,113.33418878884288,11.077865420480133,COMPLETE
192,607631.9886650753,2026-01-12 22:45:11.735905,2026-01-12 22:45:45.610114,0 days 00:00:33.874209,-1.5561801623064113,13.885021027863328,4.334699895231251,COMPLETE
193,0.0,2026-01-12 22:45:45.610114,2026-01-12 22:46:08.068576,0 days 00:00:22.458462,47.394793339240394,109.4649071024239,9.884460248479419,COMPLETE
194,0.0,2026-01-12 22:46:08.069881,2026-01-12 22:46:08.077071,0 days 00:00:00.007190,21.387263152028446,58.8809521235396,5.804832476431283,COMPLETE
195,0.0,2026-01-12 22:46:08.077071,2026-01-12 22:46:08.082237,0 days 00:00:00.005166,22.3347579410119,48.67948584272729,12.378313625772975,COMPLETE
196,524315.6512569245,2026-01-12 22:46:08.083238,2026-01-12 22:46:36.065169,0 days 00:00:27.981931,33.88410259131626,22.754568591778845,9.799793525625084,COMPLETE
197,703366.4920079939,2026-01-12 22:46:36.065679,2026-01-12 22:47:01.038811,0 days 00:00:24.973132,15.499550980810888,0.7433058169751083,14.38288010755373,COMPLETE
198,1621526.5025813403,2026-01-12 22:47:01.040117,2026-01-12 22:47:21.561980,0 days 00:00:20.521863,53.087694847342945,12.974239337111658,13.715621230550884,COMPLETE
199,0.0,2026-01-12 22:47:21.561980,2026-01-12 22:47:21.569484,0 days 00:00:00.007504,24.473693134339776,32.80068668216877,1.5593347137772229,COMPLETE
200,1590438.6195402218,2026-01-12 22:47:21.569484,2026-01-12 22:47:53.552164,0 days 00:00:31.982680,-1.1696441673527884,10.955834460353268,5.5595757640934815,COMPLETE
201,1873162.6886641446,2026-01-12 22:47:53.552164,2026-01-12 22:48:23.456119,0 days 00:00:29.903955,1.3089614283007611,12.255698117769457,5.4041220028417944,COMPLETE
202,1327790.6095407815,2026-01-12 22:48:23.457119,2026-01-12 22:48:53.830779,0 days 00:00:30.373660,1.2306317271425988,11.88797287562971,5.054262835734946,COMPLETE
203,2019906.3671437392,2026-01-12 22:48:53.830779,2026-01-12 22:49:25.917899,0 days 00:00:32.087120,2.0149171880016876,12.299571884451344,5.373006041362191,COMPLETE
204,2415325.703360243,2026-01-12 22:49:25.918900,2026-01-12 22:49:57.784536,0 days 00:00:31.865636,2.1199694570747454,11.65914896678171,5.520283642776571,COMPLETE
205,1809006.3510330264,2026-01-12 22:49:57.785052,2026-01-12 22:50:27.077846,0 days 00:00:29.292794,1.402402000543848,10.431203473298522,5.440309432885233,COMPLETE
206,1674875.641510733,2026-01-12 22:50:27.077846,2026-01-12 22:50:56.787182,0 days 00:00:29.709336,0.16909609507773316,10.764583710765546,5.445513440113895,COMPLETE
207,2309077.553950385,2026-01-12 22:50:56.787182,2026-01-12 22:51:26.134015,0 days 00:00:29.346833,2.524230408721798,12.17708151900786,5.439522610122144,COMPLETE
208,2514905.251000976,2026-01-12 22:51:26.134015,2026-01-12 22:52:00.689911,0 days 00:00:34.555896,0.7342729991981631,11.12852337159651,5.331702566866007,COMPLETE
209,2263070.700529692,2026-01-12 22:52:00.689911,2026-01-12 22:52:30.877915,0 days 00:00:30.188004,-0.01024454485738091,11.682666213606778,5.443693372945189,COMPLETE
210,2372728.1707397853,2026-01-12 22:52:30.877915,2026-01-12 22:53:01.452352,0 days 00:00:30.574437,1.6418609044412062,12.54868166055041,5.514971141994904,COMPLETE
211,2189089.161437896,2026-01-12 22:53:01.465376,2026-01-12 22:53:34.779264,0 days 00:00:33.313888,2.068455118449315,11.499574338983656,5.312729950572122,COMPLETE
212,1684999.5855970709,2026-01-12 22:53:34.779264,2026-01-12 22:54:06.227122,0 days 00:00:31.447858,2.039168574391256,10.327957504787378,5.410654188188688,COMPLETE
213,2037937.8794225121,2026-01-12 22:54:06.227122,2026-01-12 22:54:40.617743,0 days 00:00:34.390621,1.5859968517287322,11.746972819129741,5.43778771285715,COMPLETE
214,1799774.844617918,2026-01-12 22:54:40.617743,2026-01-12 22:55:14.133443,0 days 00:00:33.515700,1.6474094659054208,11.810266676822554,5.3680179085210815,COMPLETE
215,2441538.739564613,2026-01-12 22:55:14.134217,2026-01-12 22:55:43.640570,0 days 00:00:29.506353,1.5516599841744303,12.599859949571746,5.5195954992453,COMPLETE
216,1977334.833148178,2026-01-12 22:55:43.640570,2026-01-12 22:56:14.678568,0 days 00:00:31.037998,2.1445213170273743,12.348406620373439,5.378534509820737,COMPLETE
217,2032052.550009978,2026-01-12 22:56:14.678568,2026-01-12 22:56:44.529111,0 days 00:00:29.850543,2.567018873382449,12.101316636121696,5.366183113540999,COMPLETE
218,2204073.134669491,2026-01-12 22:56:44.529111,2026-01-12 22:57:17.792602,0 days 00:00:33.263491,2.3138414518094184,13.265336233115352,5.407547266316518,COMPLETE
219,1766192.3657844916,2026-01-12 22:57:17.793602,2026-01-12 22:57:51.130356,0 days 00:00:33.336754,2.0108970667578188,12.932338030415272,5.3400920657030655,COMPLETE
220,2512440.721870625,2026-01-12 22:57:51.130356,2026-01-12 22:58:20.186826,0 days 00:00:29.056470,2.0919720554052277,13.860672904272127,5.588841889169366,COMPLETE
221,2100354.834225637,2026-01-12 22:58:20.193352,2026-01-12 22:58:50.277079,0 days 00:00:30.083727,2.337542762779595,14.044098470569763,5.40391303836876,COMPLETE
222,1595971.383621228,2026-01-12 22:58:50.277079,2026-01-12 22:59:18.677913,0 days 00:00:28.400834,2.2468039656112757,14.083076972809629,5.267708279290945,COMPLETE
223,1195541.5547960945,2026-01-12 22:59:18.677913,2026-01-12 22:59:47.814587,0 days 00:00:29.136674,2.796312499015947,13.305120679745583,4.824670029491024,COMPLETE
224,1634311.705499098,2026-01-12 22:59:47.814587,2026-01-12 23:00:20.796467,0 days 00:00:32.981880,1.4136315821933323,15.13380681830292,5.30853175205422,COMPLETE
225,0.0,2026-01-12 23:00:20.796467,2026-01-12 23:00:20.809544,0 days 00:00:00.013077,0.4594127100635248,7.300449376659903,5.615636157882177,COMPLETE
226,1180302.9816190507,2026-01-12 23:00:20.809544,2026-01-12 23:00:50.972247,0 days 00:00:30.162703,3.1905832595293067,10.05596241793782,6.278210943243885,COMPLETE
227,1858439.2485654727,2026-01-12 23:00:50.972247,2026-01-12 23:01:23.028645,0 days 00:00:32.056398,1.9809986384591347,12.234045217126496,5.073394446951474,COMPLETE
228,1855371.0961626545,2026-01-12 23:01:23.029645,2026-01-12 23:01:53.654371,0 days 00:00:30.624726,5.692477373016404,12.43915210555563,4.918677591154703,COMPLETE
229,0.0,2026-01-12 23:01:53.655371,2026-01-12 23:01:53.667770,0 days 00:00:00.012399,3.9247289480645664,5.949853988713978,5.012258394397943,COMPLETE
230,726170.7461710871,2026-01-12 23:01:53.667770,2026-01-12 23:02:26.161727,0 days 00:00:32.493957,-0.6084639922358841,12.205908173831796,4.707270240391411,COMPLETE
231,1222137.8458412366,2026-01-12 23:02:26.161727,2026-01-12 23:02:55.221498,0 days 00:00:29.059771,5.300782787299298,14.673745279843565,5.699923623673286,COMPLETE
232,1754239.8475711276,2026-01-12 23:02:55.221498,2026-01-12 23:03:28.444471,0 days 00:00:33.222973,1.7298734269703748,12.495003791425162,5.09120768307233,COMPLETE
233,1225653.0700268466,2026-01-12 23:03:28.444471,2026-01-12 23:03:55.859336,0 days 00:00:27.414865,1.9828709427505842,16.560322849197558,5.1971690095266,COMPLETE
234,0.0,2026-01-12 23:03:55.859336,2026-01-12 23:03:55.872766,0 days 00:00:00.013430,3.363270064520619,8.087221446052833,4.9960807198431745,COMPLETE
235,2315739.5771595165,2026-01-12 23:03:55.872766,2026-01-12 23:04:27.701768,0 days 00:00:31.829002,0.6699191908892638,11.798988498153511,5.593830172337619,COMPLETE
236,2236433.553494634,2026-01-12 23:04:27.701768,2026-01-12 23:05:01.256031,0 days 00:00:33.554263,-0.5420519174717908,11.159270519875065,5.662007900750522,COMPLETE
237,1982803.608759206,2026-01-12 23:05:01.257031,2026-01-12 23:05:31.506717,0 days 00:00:30.249686,-0.10675039472786274,9.463818357451885,5.718847286550153,COMPLETE
238,1174748.5981874866,2026-01-12 23:05:31.506717,2026-01-12 23:06:03.496086,0 days 00:00:31.989369,0.28841584827429534,8.834300741861323,6.1790638829492375,COMPLETE
239,0.0,2026-01-12 23:06:03.496086,2026-01-12 23:06:03.509430,0 days 00:00:00.013344,5.730570090544955,4.9914631802056935,5.702118073080531,COMPLETE
240,2301859.143199949,2026-01-12 23:06:03.509430,2026-01-12 23:06:39.642218,0 days 00:00:36.132788,-0.331278640048696,15.861484841048174,5.841847262792278,COMPLETE
241,2813399.559652072,2026-01-12 23:06:39.656808,2026-01-12 23:07:12.881350,0 days 00:00:33.224542,-0.4896626094585663,16.239895186819346,5.801599817449736,COMPLETE
242,407831.35775267775,2026-01-12 23:07:12.881350,2026-01-12 23:07:44.348384,0 days 00:00:31.467034,-1.0733919284815316,18.27657422389993,5.872471947120565,COMPLETE
243,299474.37913964683,2026-01-12 23:07:44.348384,2026-01-12 23:08:14.320457,0 days 00:00:29.972073,-2.169376997979543,15.444382795909055,4.633668669178541,COMPLETE
244,2606017.6219129055,2026-01-12 23:08:14.320457,2026-01-12 23:08:50.860854,0 days 00:00:36.540397,0.024501342473810528,16.095108388427423,5.776976932866719,COMPLETE
245,199399.89206561525,2026-01-12 23:08:50.860854,2026-01-12 23:09:23.497873,0 days 00:00:32.637019,-0.12987272390836457,21.204359999785574,6.442989612613503,COMPLETE
246,2143915.7322167647,2026-01-12 23:09:23.497873,2026-01-12 23:09:51.409613,0 days 00:00:27.911740,3.218322790948861,15.960286250500097,5.711355007288629,COMPLETE
247,1940838.8090975587,2026-01-12 23:09:51.410613,2026-01-12 23:10:19.517069,0 days 00:00:28.106456,3.6869063569898732,16.667985790689922,5.822028280265597,COMPLETE
248,1627034.3761302456,2026-01-12 23:10:19.517069,2026-01-12 23:10:50.789759,0 days 00:00:31.272690,3.4436398657961353,17.270655735594232,6.039741652502922,COMPLETE
249,197162.14585801138,2026-01-12 23:10:50.790206,2026-01-12 23:11:20.228877,0 days 00:00:29.438671,-5.405701454117738,20.14028330399789,5.793851788935813,COMPLETE
250,360972.80306291766,2026-01-12 23:11:20.228877,2026-01-12 23:11:49.748482,0 days 00:00:29.519605,-2.9607808841560708,15.730609627883345,5.570129147799753,COMPLETE
251,2171321.5808728095,2026-01-12 23:11:49.749697,2026-01-12 23:12:23.760668,0 days 00:00:34.010971,-0.6932278703911083,15.366473379198032,6.0331242879567535,COMPLETE
252,1157678.9364399575,2026-01-12 23:12:23.760668,2026-01-12 23:12:57.166004,0 days 00:00:33.405336,-0.3033105117983317,14.925048397078776,6.23339931310553,COMPLETE
253,1911206.2491074177,2026-01-12 23:12:57.166004,2026-01-12 23:13:27.875629,0 days 00:00:30.709625,3.3723273889260303,8.870718375179013,5.80100901146629,COMPLETE
254,344853.7102214813,2026-01-12 23:13:27.876737,2026-01-12 23:13:57.068039,0 days 00:00:29.191302,-1.6959085415368587,18.834254221354726,5.9651448189455065,COMPLETE
255,3014013.1643883074,2026-01-12 23:13:57.069203,2026-01-12 23:14:31.838596,0 days 00:00:34.769393,0.2704812723315386,16.513175344835943,5.604711390877673,COMPLETE
256,2820199.590710261,2026-01-12 23:14:31.839596,2026-01-12 23:15:01.644587,0 days 00:00:29.804991,0.17989407400875246,14.563725599037596,5.624308397410282,COMPLETE
257,2822839.7081306325,2026-01-12 23:15:01.644587,2026-01-12 23:15:35.027163,0 days 00:00:33.382576,-0.375150274110601,14.724258857143457,5.648697873695064,COMPLETE
258,385915.95890094165,2026-01-12 23:15:35.028164,2026-01-12 23:16:04.672373,0 days 00:00:29.644209,-3.037907294629123,14.291437683142052,6.491993883179786,COMPLETE
259,1848571.6810310157,2026-01-12 23:16:04.672373,2026-01-12 23:16:37.530733,0 days 00:00:32.858360,-0.026388247947119026,17.770181553458908,6.154232858230817,COMPLETE
260,3625863.053998134,2026-01-12 23:16:37.530733,2026-01-12 23:17:09.434451,0 days 00:00:31.903718,-1.6220180472440568,15.115675061832277,5.60032136242731,COMPLETE
261,3390155.731341737,2026-01-12 23:17:09.434451,2026-01-12 23:17:43.036409,0 days 00:00:33.601958,-1.2821540259040258,14.610600352304768,5.588837227122353,COMPLETE
262,332366.358679774,2026-01-12 23:17:43.036409,2026-01-12 23:18:12.972010,0 days 00:00:29.935601,-1.7398593895337449,15.381884873351622,5.61870021551145,COMPLETE
263,247828.49837927334,2026-01-12 23:18:12.972010,2026-01-12 23:18:42.366842,0 days 00:00:29.394832,-4.251696000038435,20.114941755080096,6.075771624589712,COMPLETE
264,3375006.8993388833,2026-01-12 23:18:42.366842,2026-01-12 23:19:16.042715,0 days 00:00:33.675873,-1.1483373459106454,14.836508710367529,5.6063578048872085,COMPLETE
265,403089.4641452216,2026-01-12 23:19:16.042988,2026-01-12 23:19:47.435466,0 days 00:00:31.392478,-1.4781216400857555,17.162692676623884,5.654433450964136,COMPLETE
266,1613585.5363451273,2026-01-12 23:19:47.435466,2026-01-12 23:20:17.211985,0 days 00:00:29.776519,-0.12680751920067357,14.252490535925022,5.154614451309666,COMPLETE
267,292624.44061526726,2026-01-12 23:20:17.211985,2026-01-12 23:20:49.259271,0 days 00:00:32.047286,-5.891699397312378,15.666637665332123,6.04384990507305,COMPLETE
268,253176.72490788763,2026-01-12 23:20:49.259271,2026-01-12 23:21:18.787534,0 days 00:00:29.528263,-2.9278788714943786,18.097203765118582,5.70111339671727,COMPLETE
269,0.0,2026-01-12 23:21:18.787534,2026-01-12 23:21:18.805962,0 days 00:00:00.018428,0.14538672985196066,7.100196250607489,6.370086935725451,COMPLETE
270,229738.03419557368,2026-01-12 23:21:18.805962,2026-01-12 23:21:47.867452,0 days 00:00:29.061490,-2.1322108401340634,14.953731983451046,5.535258114497769,COMPLETE
271,1327170.140101251,2026-01-12 23:21:47.867452,2026-01-12 23:22:17.430558,0 days 00:00:29.563106,0.7635907313960991,10.513898508334929,4.849875131960985,COMPLETE
272,390586.8990268747,2026-01-12 23:22:17.430891,2026-01-12 23:22:47.773182,0 days 00:00:30.342291,-0.9748957257650419,19.81556109162761,5.936885308660825,COMPLETE
273,731028.9143817216,2026-01-12 23:22:47.774218,2026-01-12 23:23:15.765497,0 days 00:00:27.991279,-3.85954346974574,9.367449430869172,5.116340376447941,COMPLETE
274,1633695.685043339,2026-01-12 23:23:15.765497,2026-01-12 23:23:43.193470,0 days 00:00:27.427973,4.411036925218923,14.043223888498604,5.567098258723352,COMPLETE
275,1221614.8418264522,2026-01-12 23:23:43.193470,2026-01-12 23:24:18.608729,0 days 00:00:35.415259,0.5927217162770738,17.244400727640432,5.1944785440114964,COMPLETE
276,1642797.5612537712,2026-01-12 23:24:18.608729,2026-01-12 23:24:48.613286,0 days 00:00:30.004557,-1.0791315618481911,10.555523233266223,5.8464452390079495,COMPLETE
277,2189048.746147451,2026-01-12 23:24:48.613286,2026-01-12 23:25:22.768811,0 days 00:00:34.155525,0.8961513901622529,14.5700121717573,5.4051895563946974,COMPLETE
278,233680.1991737442,2026-01-12 23:25:22.768811,2026-01-12 23:25:57.729505,0 days 00:00:34.960694,-2.424237177282397,21.83907026038508,4.666200127599833,COMPLETE
279,1452794.3958004743,2026-01-12 23:25:57.730505,2026-01-12 23:26:26.983537,0 days 00:00:29.253032,4.34660645469873,14.42418284984991,6.104589736017712,COMPLETE
280,0.0,2026-01-12 23:26:26.984344,2026-01-12 23:26:26.997175,0 days 00:00:00.012831,0.3863346660144322,18.909551714573713,6.5841090314243385,COMPLETE
281,199270.4450247424,2026-01-12 23:26:26.997175,2026-01-12 23:26:58.606446,0 days 00:00:31.609271,-4.1075264293572555,16.280013988637826,5.268898631550295,COMPLETE
282,0.0,2026-01-12 23:26:58.606446,2026-01-12 23:26:58.622434,0 days 00:00:00.015988,3.010379815149841,7.577088861210143,5.6307420860158,COMPLETE
283,1319215.8825718053,2026-01-12 23:26:58.622434,2026-01-12 23:27:33.661376,0 days 00:00:35.038942,-0.7910512582828125,13.895837755140322,5.026881468638245,COMPLETE
284,1086163.054304333,2026-01-12 23:27:33.661376,2026-01-12 23:28:02.480982,0 days 00:00:28.819606,1.1434951354010867,10.704846977491316,6.25023471959262,COMPLETE
285,1563948.8935574314,2026-01-12 23:28:02.480982,2026-01-12 23:28:32.009121,0 days 00:00:29.528139,6.067768045584856,16.460183138170652,5.881375024968988,COMPLETE
286,3174416.1964094713,2026-01-12 23:28:32.009121,2026-01-12 23:29:04.144100,0 days 00:00:32.134979,-2.226537160760648,13.289922487478075,5.546548542522636,COMPLETE
287,197952.13851364076,2026-01-12 23:29:04.144100,2026-01-12 23:29:33.519059,0 days 00:00:29.374959,-2.3414195269232607,19.610096581227452,5.642933384937011,COMPLETE
288,0.0,2026-01-12 23:29:33.519059,2026-01-12 23:29:33.532758,0 days 00:00:00.013699,-5.2594246145435335,4.742050124174428,4.903269011451763,COMPLETE
289,1660580.9311216164,2026-01-12 23:29:33.532758,2026-01-12 23:30:05.113414,0 days 00:00:31.580656,-0.9203045872204463,12.598074164112262,5.913726879763639,COMPLETE
290,184941.02371635498,2026-01-12 23:30:05.113414,2026-01-12 23:30:34.164953,0 days 00:00:29.051539,-3.3194900172507036,24.905408495588816,5.315885521156981,COMPLETE
291,870103.937289334,2026-01-12 23:30:34.164953,2026-01-12 23:31:03.829214,0 days 00:00:29.664261,0.8672384408727196,9.644520478293597,4.573244840495536,COMPLETE
292,254661.24992451313,2026-01-12 23:31:03.829214,2026-01-12 23:31:32.306910,0 days 00:00:28.477696,-6.85064908361475,16.12603203430204,5.644507277258391,COMPLETE
293,1195838.1585616504,2026-01-12 23:31:32.306910,2026-01-12 23:32:06.467350,0 days 00:00:34.160440,-1.2022472990358122,7.553829764234951,6.289077940897412,COMPLETE
294,1532288.6667483512,2026-01-12 23:32:06.467350,2026-01-12 23:32:40.489341,0 days 00:00:34.021991,0.4569709797835193,13.949564660268775,5.196074911059749,COMPLETE
295,2381136.258892612,2026-01-12 23:32:40.489341,2026-01-12 23:33:12.557538,0 days 00:00:32.068197,3.300940273948622,10.955127806844526,5.545416119835532,COMPLETE
296,3113386.5530174533,2026-01-12 23:33:12.557538,2026-01-12 23:33:43.949839,0 days 00:00:31.392301,-2.5899221968084793,10.970849921435706,5.415184644923933,COMPLETE
297,262751.83333702385,2026-01-12 23:33:43.951022,2026-01-12 23:34:08.379370,0 days 00:00:24.428348,-4.1558317439056065,10.791722100603991,5.415301606037708,COMPLETE
298,640126.7863577367,2026-01-12 23:34:08.379370,2026-01-12 23:34:39.574357,0 days 00:00:31.194987,-2.4149407494534163,7.044687774025409,4.8910106382486465,COMPLETE
299,0.0,2026-01-12 23:34:39.575357,2026-01-12 23:34:39.589354,0 days 00:00:00.013997,17.718659100004828,11.12526907296,5.283175645675854,COMPLETE
300,0.0,2026-01-12 23:34:39.589354,2026-01-12 23:34:39.601180,0 days 00:00:00.011826,4.232256914143462,8.508788325706469,5.546960817399057,COMPLETE
301,1563023.6306856323,2026-01-12 23:34:39.601180,2026-01-12 23:35:12.344698,0 days 00:00:32.743518,0.3609259859259837,12.811386808255934,5.0654194612508965,COMPLETE
302,1849916.8229791918,2026-01-12 23:35:12.344698,2026-01-12 23:35:43.612247,0 days 00:00:31.267549,2.6327252407899726,10.609756768309706,5.881862036509633,COMPLETE
303,0.0,2026-01-12 23:35:43.612553,2026-01-12 23:35:43.626361,0 days 00:00:00.013808,-2.5543568376133794,5.264082182441503,4.775540212171682,COMPLETE
304,2248661.982824125,2026-01-12 23:35:43.626361,2026-01-12 23:36:15.720427,0 days 00:00:32.094066,0.9290535783193359,13.118405664593206,5.532273005424603,COMPLETE
305,1826906.5438028695,2026-01-12 23:36:15.720427,2026-01-12 23:36:47.251934,0 days 00:00:31.531507,-1.1133216402852653,12.257681316345694,5.8173009064841015,COMPLETE
306,1095724.357265352,2026-01-12 23:36:47.253096,2026-01-12 23:37:17.786042,0 days 00:00:30.532946,1.5889209155331023,18.13597405000061,6.201900781788571,COMPLETE
307,0.0,2026-01-12 23:37:17.786042,2026-01-12 23:37:17.798162,0 days 00:00:00.012120,4.961117859831607,9.135004520980498,5.601043981051724,COMPLETE
308,1919747.289770143,2026-01-12 23:37:17.798162,2026-01-12 23:37:46.132796,0 days 00:00:28.334634,2.9151031143315067,13.152397217772842,5.146784704994346,COMPLETE
309,541461.1349700219,2026-01-12 23:37:46.132796,2026-01-12 23:38:16.138405,0 days 00:00:30.005609,-4.463356581486614,9.707570325672915,6.574004636761418,COMPLETE
310,307018.27543176454,2026-01-12 23:38:16.138405,2026-01-12 23:38:49.359970,0 days 00:00:33.221565,-2.3858427063183263,21.70332274515683,5.5431788701945885,COMPLETE
311,228243.98268487983,2026-01-12 23:38:49.360519,2026-01-12 23:39:20.542227,0 days 00:00:31.181708,-7.028682341163531,12.780884020718036,6.013939027091118,COMPLETE
312,312171.7716030766,2026-01-12 23:39:20.542227,2026-01-12 23:39:53.807186,0 days 00:00:33.264959,-0.5113657077305288,17.34242705510811,5.253309164707347,COMPLETE
313,1496949.5272838087,2026-01-12 23:39:53.807186,2026-01-12 23:40:25.471879,0 days 00:00:31.664693,0.8360016757121074,7.779250005359934,5.726631656834251,COMPLETE
314,1291601.8612199218,2026-01-12 23:40:25.471879,2026-01-12 23:40:55.688031,0 days 00:00:30.216152,2.1538781074491014,11.318374504970823,4.623328314115065,COMPLETE
315,1232137.6343181091,2026-01-12 23:40:55.688031,2026-01-12 23:41:27.765175,0 days 00:00:32.077144,-1.2054660047981796,14.480580324105295,4.9631527166042115,COMPLETE
316,229676.50777197248,2026-01-12 23:41:27.765175,2026-01-12 23:41:59.772025,0 days 00:00:32.006850,-3.4564135275843935,18.077936311563587,5.4772132244014,COMPLETE
317,796562.8606258446,2026-01-12 23:41:59.773025,2026-01-12 23:42:30.798003,0 days 00:00:31.024978,3.8547424984799763,13.209010189007241,6.268420025673115,COMPLETE
318,0.0,2026-01-12 23:42:30.798003,2026-01-12 23:42:30.811746,0 days 00:00:00.013743,1.1749434062394597,5.959067150215799,5.843343589437993,COMPLETE
319,1429002.23887709,2026-01-12 23:42:30.811746,2026-01-12 23:43:04.541002,0 days 00:00:33.729256,-0.5428847776799287,16.02607294297816,5.204991366398336,COMPLETE
320,832424.2764499816,2026-01-12 23:43:04.542002,2026-01-12 23:43:35.421693,0 days 00:00:30.879691,6.956597082976935,19.562837632833435,5.5457365389072,COMPLETE
321,869307.5139265477,2026-01-12 23:43:35.422694,2026-01-12 23:44:08.481556,0 days 00:00:33.058862,2.678131763841626,9.965921242784717,4.385111831467294,COMPLETE
322,1578455.8389609968,2026-01-12 23:44:08.482556,2026-01-12 23:44:42.230876,0 days 00:00:33.748320,-1.6427876747841892,11.562955956350857,6.020239024471085,COMPLETE
323,1233983.2427368925,2026-01-12 23:44:42.230876,2026-01-12 23:45:14.982732,0 days 00:00:32.751856,0.5784793640477743,14.742890858097926,4.980529979245291,COMPLETE
324,1914379.1831185056,2026-01-12 23:45:14.982732,2026-01-12 23:45:43.648312,0 days 00:00:28.665580,-2.746696101615646,8.67997503657225,5.396793898149837,COMPLETE
325,209795.91152048443,2026-01-12 23:45:43.649310,2026-01-12 23:46:14.225144,0 days 00:00:30.575834,-5.170193965267078,16.79598941276244,6.4100555561736074,COMPLETE
326,858820.8484458139,2026-01-12 23:46:14.225144,2026-01-12 23:46:43.309572,0 days 00:00:29.084428,5.35578684374481,13.225818195840128,5.8521432312488315,COMPLETE
327,2121388.702847045,2026-01-12 23:46:43.310572,2026-01-12 23:47:12.625131,0 days 00:00:29.314559,1.1215237456429126,10.973910271442293,5.244780250501332,COMPLETE
328,232097.50152901784,2026-01-12 23:47:12.633509,2026-01-12 23:47:42.306978,0 days 00:00:29.673469,-0.4807937638193936,19.466833608342217,5.594447356501858,COMPLETE
329,0.0,2026-01-12 23:47:42.306978,2026-01-12 23:47:42.322978,0 days 00:00:00.016000,2.578774075521649,4.632500773147019,4.818461889992105,COMPLETE
330,843854.883985115,2026-01-12 23:47:42.322978,2026-01-12 23:48:08.927303,0 days 00:00:26.604325,4.562941663497387,15.610407347956954,6.1622200258554,COMPLETE
331,924826.8759335021,2026-01-12 23:48:08.927607,2026-01-12 23:48:36.731466,0 days 00:00:27.803859,-2.042968576968999,7.320106223906288,5.757077714404976,COMPLETE
332,1598427.4897324461,2026-01-12 23:48:36.731466,2026-01-12 23:49:08.953805,0 days 00:00:32.222339,0.14686109962842364,13.595998775914225,5.22108815632486,COMPLETE
333,0.0,2026-01-12 23:49:08.954808,2026-01-12 23:49:08.969353,0 days 00:00:00.014545,12.765442534135966,10.747092322916405,5.510879218098833,COMPLETE
334,0.0,2026-01-12 23:49:08.969353,2026-01-12 23:49:08.981355,0 days 00:00:00.012002,3.4995675242816344,23.06522232567162,6.7159441974472145,COMPLETE
335,1793991.5378718406,2026-01-12 23:49:08.982355,2026-01-12 23:49:42.013642,0 days 00:00:33.031287,1.151612112171303,17.86899654981165,6.000645636337567,COMPLETE
336,465125.76233916974,2026-01-12 23:49:42.013642,2026-01-12 23:50:11.940408,0 days 00:00:29.926766,-3.130185441112869,13.245533303192857,5.098497654504888,COMPLETE
337,558863.5115883807,2026-01-12 23:50:11.940408,2026-01-12 23:50:38.828144,0 days 00:00:26.887736,-1.0646052069183416,8.835265411299321,5.723228857526432,COMPLETE
338,2180741.388377727,2026-01-12 23:50:38.828144,2026-01-12 23:51:13.227419,0 days 00:00:34.399275,1.8089873599360282,16.336071511900265,5.412925109137851,COMPLETE
339,498018.8712404982,2026-01-12 23:51:13.228388,2026-01-12 23:51:42.625222,0 days 00:00:29.396834,-4.504009442161186,11.77068092640254,4.754192962301702,COMPLETE
340,236569.98141166283,2026-01-12 23:51:42.626222,2026-01-12 23:52:13.989477,0 days 00:00:31.363255,-0.2520459826597121,20.69090561737614,6.046245646871521,COMPLETE
341,2078588.395127174,2026-01-12 23:52:13.989477,2026-01-12 23:52:45.594568,0 days 00:00:31.605091,2.8302822308500315,14.861080426226803,5.636593155252384,COMPLETE
342,624297.6483275942,2026-01-12 23:52:45.594568,2026-01-12 23:53:15.386669,0 days 00:00:29.792101,-2.0058804792483844,9.595112762809714,5.069454877534502,COMPLETE
343,936481.3915793177,2026-01-12 23:53:15.402433,2026-01-12 23:53:49.026369,0 days 00:00:33.623936,0.8219509796814215,13.464916209463748,6.380496777447216,COMPLETE
344,218406.34625041927,2026-01-12 23:53:49.026369,2026-01-12 23:54:20.007114,0 days 00:00:30.980745,-3.471433451606514,17.86768392393453,5.378853503267737,COMPLETE
345,1714764.1225207613,2026-01-12 23:54:20.007114,2026-01-12 23:54:50.662080,0 days 00:00:30.654966,-1.0360832402128137,11.626204351317284,5.856327455891326,COMPLETE
346,0.0,2026-01-12 23:54:50.662080,2026-01-12 23:54:50.675565,0 days 00:00:00.013485,6.339542830035281,6.667545001229842,5.393484284646017,COMPLETE
347,1026180.9261275283,2026-01-12 23:54:50.675565,2026-01-12 23:55:17.990422,0 days 00:00:27.314857,3.674171113816106,15.461370050329238,4.473404802713906,COMPLETE
348,1209235.6940965573,2026-01-12 23:55:17.990422,2026-01-12 23:55:48.133497,0 days 00:00:30.143075,0.8075549309852961,9.564389763365073,4.885321823417345,COMPLETE
349,2075571.4950042868,2026-01-12 23:55:48.133497,2026-01-12 23:56:21.783328,0 days 00:00:33.649831,2.35000968187516,13.447588893148447,5.7825425999360665,COMPLETE
350,334279.5615381021,2026-01-12 23:56:21.783328,2026-01-12 23:56:52.124934,0 days 00:00:30.341606,-2.1743979529184654,17.495806784005236,6.731156394345101,COMPLETE
351,1226882.592490954,2026-01-12 23:56:52.125301,2026-01-12 23:57:22.968552,0 days 00:00:30.843251,-0.5860625440507201,11.451217758716306,6.123966591833698,COMPLETE
352,1867310.1336799983,2026-01-12 23:57:22.969297,2026-01-12 23:57:50.345451,0 days 00:00:27.376154,4.565855999053394,15.243830260622635,5.576617147747416,COMPLETE
353,0.0,2026-01-12 23:57:50.345451,2026-01-12 23:57:50.362645,0 days 00:00:00.017194,-5.6779102680870395,4.03969152426532,5.135343091673611,COMPLETE
354,0.0,2026-01-12 23:57:50.364265,2026-01-12 23:57:50.372501,0 days 00:00:00.008236,1.5721764510457843,20.486823316410476,5.361501154254572,COMPLETE
355,198232.26641959287,2026-01-12 23:57:50.372501,2026-01-12 23:58:19.786419,0 days 00:00:29.413918,-3.6336292168665643,12.420450773517508,5.849764928473029,COMPLETE
356,1271857.7655559084,2026-01-12 23:58:19.787600,2026-01-12 23:58:52.440365,0 days 00:00:32.652765,0.176610926524027,7.9912568739096965,6.1789739083517174,COMPLETE
357,308667.1197947776,2026-01-12 23:58:52.441202,2026-01-12 23:59:21.528411,0 days 00:00:29.087209,-1.7089722558115663,15.696548379111364,5.580873386241953,COMPLETE
358,1510488.87958834,2026-01-12 23:59:21.528411,2026-01-12 23:59:52.591828,0 days 00:00:31.063417,2.4392081695777312,10.536211947279767,4.977499429315996,COMPLETE
359,0.0,2026-01-12 23:59:52.592993,2026-01-12 23:59:52.592993,0 days 00:00:00,0.030581063127006702,18.40048115251966,5.236618480098242,COMPLETE
360,794737.1077171123,2026-01-12 23:59:52.592993,2026-01-13 00:00:22.129583,0 days 00:00:29.536590,3.992784317554804,14.18758413471292,6.429924906086122,COMPLETE
361,0.0,2026-01-13 00:00:22.129583,2026-01-13 00:00:22.143671,0 days 00:00:00.014088,1.6004875837010384,6.96127442835634,5.888296417643559,COMPLETE
362,704612.6369791549,2026-01-13 00:00:22.144729,2026-01-13 00:00:56.470857,0 days 00:00:34.326128,-1.6327046973256687,12.754380192317733,4.596889002062565,COMPLETE
363,0.0,2026-01-13 00:00:56.471559,2026-01-13 00:00:56.485830,0 days 00:00:00.014271,8.626487000381648,9.804684991386136,5.584002275465816,COMPLETE
364,221433.75101125095,2026-01-13 00:00:56.485830,2026-01-13 00:01:27.102934,0 days 00:00:30.617104,-4.236688860060022,16.618592503464054,5.3364731442238345,COMPLETE
365,1344586.4329797428,2026-01-13 00:01:27.102934,2026-01-13 00:01:55.663620,0 days 00:00:28.560686,5.856729041051356,14.230377031764869,6.077243686048017,COMPLETE
366,173539.68712085666,2026-01-13 00:01:55.663620,2026-01-13 00:02:28.023959,0 days 00:00:32.360339,-0.091338299656479,21.350118735678286,4.943080490487263,COMPLETE
367,2128334.728441838,2026-01-13 00:02:28.024960,2026-01-13 00:02:59.617318,0 days 00:00:31.592358,2.923382578637569,11.74604930227941,5.748298958576613,COMPLETE
368,215054.85088174697,2026-01-13 00:02:59.617318,2026-01-13 00:03:29.736348,0 days 00:00:30.119030,-2.739448316185523,18.37044786528754,5.214644985141671,COMPLETE
369,1516693.6272137833,2026-01-13 00:03:29.736348,2026-01-13 00:04:01.145417,0 days 00:00:31.409069,1.6692517468661419,8.459376845242868,5.480290241443154,COMPLETE
370,2407535.3450670857,2026-01-13 00:04:01.146539,2026-01-13 00:04:34.749664,0 days 00:00:33.603125,-0.8639698820873327,16.01673667468663,5.889568334302603,COMPLETE
371,1331408.0177195417,2026-01-13 00:04:34.749664,2026-01-13 00:05:07.088880,0 days 00:00:32.339216,-0.6670376946986719,16.289041593100578,6.415502999160026,COMPLETE
372,196099.58056141488,2026-01-13 00:05:07.088880,2026-01-13 00:05:37.137420,0 days 00:00:30.048540,-6.312225104915313,14.159170812424584,5.964533069374507,COMPLETE
373,250044.1859718803,2026-01-13 00:05:37.137420,2026-01-13 00:06:05.355393,0 days 00:00:28.217973,-2.179670026865638,18.800240102557513,5.717011679481721,COMPLETE
374,262238.38375382824,2026-01-13 00:06:05.355393,2026-01-13 00:06:37.325182,0 days 00:00:31.969789,-4.183413748771557,16.18139759933791,6.240380487617044,COMPLETE
375,0.0,2026-01-13 00:06:37.325182,2026-01-13 00:06:37.338848,0 days 00:00:00.013666,-10.75674870128196,22.354168743892018,5.921016975440801,COMPLETE
376,2857378.200356828,2026-01-13 00:06:37.338848,2026-01-13 00:07:11.166122,0 days 00:00:33.827274,-0.44158497791473383,13.18473705276137,5.584089226133175,COMPLETE
377,435753.0208046865,2026-01-13 00:07:11.166122,2026-01-13 00:07:40.522504,0 days 00:00:29.356382,-1.4673386606247771,19.809015941004322,5.7332425230110955,COMPLETE
378,1261699.407045995,2026-01-13 00:07:40.522504,2026-01-13 00:08:14.187909,0 days 00:00:33.665405,0.02981460294625493,11.155538324447406,6.162079425458028,COMPLETE
379,218835.67274271743,2026-01-13 00:08:14.188911,2026-01-13 00:08:43.696707,0 days 00:00:29.507796,-3.05828889106522,14.23212450993808,5.5399710405629845,COMPLETE
380,278854.6351790679,2026-01-13 00:08:43.697707,2026-01-13 00:09:13.678491,0 days 00:00:29.980784,-1.083711099551075,16.987998492195665,5.119160812891959,COMPLETE
381,1112319.234420726,2026-01-13 00:09:13.678491,2026-01-13 00:09:34.038988,0 days 00:00:20.360497,-7.5622567350328875,9.085674500090983,6.548261430241899,COMPLETE
382,0.0,2026-01-13 00:09:34.038988,2026-01-13 00:09:34.052780,0 days 00:00:00.013792,0.5319726981434973,5.674002846727923,6.797155167385788,COMPLETE
383,1866720.337209507,2026-01-13 00:09:34.053707,2026-01-13 00:10:05.025825,0 days 00:00:30.972118,-2.497569898688663,12.767947134201508,5.936623797880821,COMPLETE
384,287427.526713986,2026-01-13 00:10:05.025825,2026-01-13 00:10:36.162675,0 days 00:00:31.136850,-5.26042283896178,15.325855287246458,5.635640554072766,COMPLETE
385,0.0,2026-01-13 00:10:36.163675,2026-01-13 00:10:36.177740,0 days 00:00:00.014065,0.7327592927967813,25.346971807391043,6.197646710225248,COMPLETE
386,1965287.5284047187,2026-01-13 00:10:36.177740,2026-01-13 00:11:08.710202,0 days 00:00:32.532462,-0.6502290583249555,10.781160793907375,5.485319603538484,COMPLETE
387,233949.62703977636,2026-01-13 00:11:08.710202,2026-01-13 00:11:41.187785,0 days 00:00:32.477583,-3.678447489102838,19.154540041530378,4.751339670694186,COMPLETE
388,1773320.6359651403,2026-01-13 00:11:41.188785,2026-01-13 00:12:12.622588,0 days 00:00:31.433803,-1.8456634393299283,13.695744134887832,5.1218059501282935,COMPLETE
389,2246119.9195750323,2026-01-13 00:12:12.622588,2026-01-13 00:12:45.211880,0 days 00:00:32.589292,1.0377608470445705,17.1718667833638,5.85725496885631,COMPLETE
390,1678467.2785433491,2026-01-13 00:12:45.211880,2026-01-13 00:13:14.050966,0 days 00:00:28.839086,4.1345885458740685,17.122422687243876,5.97500848108745,COMPLETE
391,0.0,2026-01-13 00:13:14.050966,2026-01-13 00:13:14.066365,0 days 00:00:00.015399,1.2461382594546917,21.406244812900837,6.40514079464807,COMPLETE
392,1233492.6038699336,2026-01-13 00:13:14.066365,2026-01-13 00:13:49.245801,0 days 00:00:35.179436,2.9692156065831696,17.417411760428482,5.310089716989383,COMPLETE
393,2264062.4638326224,2026-01-13 00:13:49.246806,2026-01-13 00:14:24.577692,0 days 00:00:35.330886,1.1102342422531126,14.855815873394732,5.7906137698033175,COMPLETE
394,1245362.4357006047,2026-01-13 00:14:24.577692,2026-01-13 00:14:59.346095,0 days 00:00:34.768403,-0.7394911754429387,14.687358141740068,4.9445102724521375,COMPLETE
395,2491376.5880019655,2026-01-13 00:14:59.346095,2026-01-13 00:15:29.895691,0 days 00:00:30.549596,2.3520025761735672,12.926874845529445,5.572987242191097,COMPLETE
396,0.0,2026-01-13 00:15:29.896869,2026-01-13 00:15:29.910559,0 days 00:00:00.013690,5.049873521054542,8.583549589850193,9.09361115889618,COMPLETE
397,1374508.1440007116,2026-01-13 00:15:29.911561,2026-01-13 00:15:55.930158,0 days 00:00:26.018597,3.1559811404483593,14.87755652522418,6.097721789793758,COMPLETE
398,2256663.1096979496,2026-01-13 00:15:55.930158,2026-01-13 00:16:27.246159,0 days 00:00:31.316001,1.935441812922882,11.49246305029596,5.690604158710839,COMPLETE
399,219220.49139803505,2026-01-13 00:16:27.246159,2026-01-13 00:16:59.295495,0 days 00:00:32.049336,-2.920166179292454,19.27100492895908,5.296192976624415,COMPLETE
400,2254277.9537625606,2026-01-13 00:16:59.295495,2026-01-13 00:17:31.787850,0 days 00:00:32.492355,-0.03879832069625638,15.227717007913094,5.812869503651064,COMPLETE
401,2022945.5952559586,2026-01-13 00:17:31.787850,2026-01-13 00:18:00.514723,0 days 00:00:28.726873,4.002171588443761,12.509649916148506,5.446857224563832,COMPLETE
402,0.0,2026-01-13 00:18:00.516131,2026-01-13 00:18:00.530823,0 days 00:00:00.014692,-4.444550602594569,3.3199557269766506,4.843865691164309,COMPLETE
403,1018240.2774294128,2026-01-13 00:18:00.530823,2026-01-13 00:18:30.945964,0 days 00:00:30.415141,-1.64064725598204,9.211231991217346,6.297054045621891,COMPLETE
404,0.0,2026-01-13 00:18:30.945964,2026-01-13 00:18:30.963427,0 days 00:00:00.017463,2.037049915137935,6.889651127575974,5.162429932630998,COMPLETE
405,1100751.3724463475,2026-01-13 00:18:30.963427,2026-01-13 00:19:02.920250,0 days 00:00:31.956823,0.7605252342686177,16.213395844493967,4.4517999563050825,COMPLETE
406,336088.8451381209,2026-01-13 00:19:02.920250,2026-01-13 00:19:35.563264,0 days 00:00:32.643014,-1.2685880314563165,23.275124909342665,5.645517915568717,COMPLETE
407,985113.7355558834,2026-01-13 00:19:35.563264,2026-01-13 00:20:05.118335,0 days 00:00:29.555071,6.465254614493906,12.687289088214138,6.027892780772603,COMPLETE
408,0.0,2026-01-13 00:20:05.118637,2026-01-13 00:20:05.133748,0 days 00:00:00.015111,3.0474019911647443,20.043275493230514,5.460377371845242,COMPLETE
409,448838.8120358658,2026-01-13 00:20:05.133748,2026-01-13 00:20:35.561181,0 days 00:00:30.427433,-2.666847501173842,10.707378005103262,6.96904774014039,COMPLETE
410,2132744.666240135,2026-01-13 00:20:35.561181,2026-01-13 00:21:05.351481,0 days 00:00:29.790300,0.1886724904033475,14.570604829543537,5.820709412402739,COMPLETE
411,1089046.2687458985,2026-01-13 00:21:05.351939,2026-01-13 00:21:38.156855,0 days 00:00:32.804916,4.862146516138515,18.089659918639768,5.17839129062053,COMPLETE
412,1611158.5704554217,2026-01-13 00:21:38.157855,2026-01-13 00:22:08.986007,0 days 00:00:30.828152,2.214032448976628,12.608014171677283,6.059688112961753,COMPLETE
413,0.0,2026-01-13 00:22:08.986007,2026-01-13 00:22:09.001016,0 days 00:00:00.015009,17.773261219427283,8.84028941097461,5.562859612045978,COMPLETE
414,1350203.5310056163,2026-01-13 00:22:09.001016,2026-01-13 00:22:44.101427,0 days 00:00:35.100411,-0.3769369019133708,16.35745092938731,4.867719141687696,COMPLETE
415,559263.3636463478,2026-01-13 00:22:44.101427,2026-01-13 00:23:13.546645,0 days 00:00:29.445218,-3.767784450630551,11.178673781273389,5.2240252435950705,COMPLETE
416,0.0,2026-01-13 00:23:13.546645,2026-01-13 00:23:13.560886,0 days 00:00:00.014241,1.4713544631799274,5.938406663580823,6.360002130232843,COMPLETE
417,2604071.1081080376,2026-01-13 00:23:13.561888,2026-01-13 00:23:44.762698,0 days 00:00:31.200810,-1.7931133184576344,14.531612902328824,5.762750881452524,COMPLETE
418,341242.0035149475,2026-01-13 00:23:44.762698,2026-01-13 00:24:14.819404,0 days 00:00:30.056706,-5.495320312418245,19.688273385060597,6.738655407903275,COMPLETE
419,377423.080651654,2026-01-13 00:24:14.819404,2026-01-13 00:24:43.382323,0 days 00:00:28.562919,-1.9399847827379875,15.655872762313964,5.767865521970309,COMPLETE
420,274175.59143520513,2026-01-13 00:24:43.382607,2026-01-13 00:25:11.720436,0 days 00:00:28.337829,-3.1854541656379,14.391982457271824,6.127285806244544,COMPLETE
421,180569.9627815351,2026-01-13 00:25:11.720436,2026-01-13 00:25:45.269517,0 days 00:00:33.549081,-1.5555148991820462,17.712627895899587,6.526510394748994,COMPLETE
422,152626.27298934894,2026-01-13 00:25:45.269517,2026-01-13 00:26:09.218649,0 days 00:00:23.949132,-4.9072592310006575,13.515626632337623,5.811632325055509,COMPLETE
423,0.0,2026-01-13 00:26:09.218649,2026-01-13 00:26:09.227790,0 days 00:00:00.009141,3.3252288291610483,21.41696523940717,5.455589071110338,COMPLETE
424,1919762.019740154,2026-01-13 00:26:09.227790,2026-01-13 00:26:41.231230,0 days 00:00:32.003440,0.6871519496383243,15.77555232888238,5.948282873370121,COMPLETE
425,908712.1748852085,2026-01-13 00:26:41.231230,2026-01-13 00:27:11.973115,0 days 00:00:30.741885,-0.9526333074445009,9.92218827497642,5.083307159005481,COMPLETE
426,200984.36268243834,2026-01-13 00:27:11.973115,2026-01-13 00:27:40.737112,0 days 00:00:28.763997,-2.4096766606883566,18.055489056118667,5.621193768872002,COMPLETE
427,1084498.0966592475,2026-01-13 00:27:40.737112,2026-01-13 00:28:13.643628,0 days 00:00:32.906516,2.060769749619326,13.027183692380653,6.305378817672744,COMPLETE
428,793183.3814693533,2026-01-13 00:28:13.643628,2026-01-13 00:28:41.730541,0 days 00:00:28.086913,4.735386622212708,15.31737781419666,4.664377686025274,COMPLETE
429,345136.5437386341,2026-01-13 00:28:41.730541,2026-01-13 00:29:08.423742,0 days 00:00:26.693201,-6.787434595540084,10.525191575487117,5.344480222533026,COMPLETE
430,1747467.0350799288,2026-01-13 00:29:08.423742,2026-01-13 00:29:39.670690,0 days 00:00:31.246948,-0.10715391779121752,13.462959385376818,5.929769227610352,COMPLETE
431,2263507.4665148747,2026-01-13 00:29:39.670690,2026-01-13 00:30:12.890488,0 days 00:00:33.219798,-3.899590204721899,8.124546761570064,5.653105174467736,COMPLETE
432,1040383.4288014424,2026-01-13 00:30:12.890966,2026-01-13 00:30:40.544994,0 days 00:00:27.654028,7.154945991477614,17.52414813926355,5.066543778585175,COMPLETE
433,1553154.1699444721,2026-01-13 00:30:40.544994,2026-01-13 00:31:11.295932,0 days 00:00:30.750938,1.1749015501073907,12.11270005340826,6.073325397820024,COMPLETE
434,192699.35635720746,2026-01-13 00:31:11.295932,2026-01-13 00:31:44.020264,0 days 00:00:32.724332,-0.5916292705379901,19.860135144800562,5.395372818154886,COMPLETE
435,2216980.540301044,2026-01-13 00:31:44.020264,2026-01-13 00:32:09.530005,0 days 00:00:25.509741,3.281507242915746,15.180921539969031,5.585321933107831,COMPLETE
436,706348.026722831,2026-01-13 00:32:09.530005,2026-01-13 00:32:37.873444,0 days 00:00:28.343439,-2.110935805853251,9.577394291968401,5.815504524673291,COMPLETE
437,286043.1522578565,2026-01-13 00:32:37.873444,2026-01-13 00:33:06.330535,0 days 00:00:28.457091,0.9488650955152277,46.21900020664494,7.273477384461103,COMPLETE
438,1161308.239021133,2026-01-13 00:33:06.331539,2026-01-13 00:33:42.222683,0 days 00:00:35.891144,-1.0870754288556894,13.271876721081727,6.210120651328855,COMPLETE
439,1619644.5673663367,2026-01-13 00:33:42.222683,2026-01-13 00:34:13.373480,0 days 00:00:31.150797,2.318870333591905,16.449605925600963,4.912830712530077,COMPLETE
440,725622.785566717,2026-01-13 00:34:13.373480,2026-01-13 00:34:40.569557,0 days 00:00:27.196077,-3.0099297771673292,6.559579268902327,6.580833648823245,COMPLETE
441,0.0,2026-01-13 00:34:40.569557,2026-01-13 00:34:40.584717,0 days 00:00:00.015160,3.9062884410349517,22.32521137687362,5.256206376870831,COMPLETE
442,0.0,2026-01-13 00:34:40.585718,2026-01-13 00:34:40.599234,0 days 00:00:00.013516,9.249965498584348,10.874121136102925,5.719758625818757,COMPLETE
443,0.0,2026-01-13 00:34:40.599234,2026-01-13 00:34:40.611420,0 days 00:00:00.012186,0.44218593866761713,18.723328836339483,5.398953304637984,COMPLETE
444,481936.528843791,2026-01-13 00:34:40.611420,2026-01-13 00:35:09.515151,0 days 00:00:28.903731,5.679386762914977,14.561627881930816,4.145690104144019,COMPLETE
445,120656.94247094964,2026-01-13 00:35:09.515151,2026-01-13 00:35:38.456683,0 days 00:00:28.941532,-5.311485951824684,12.475137613147336,5.9180732043086115,COMPLETE
446,271367.6390997028,2026-01-13 00:35:38.456683,2026-01-13 00:36:09.751013,0 days 00:00:31.294330,-1.5225906992683762,17.31983285252674,5.143762059433358,COMPLETE
447,1851687.4751706524,2026-01-13 00:36:09.751013,2026-01-13 00:36:41.734925,0 days 00:00:31.983912,1.4675731847269067,8.585717188286228,5.598021921376048,COMPLETE
448,2704468.9967011963,2026-01-13 00:36:41.734925,2026-01-13 00:37:10.071192,0 days 00:00:28.336267,-3.3764894293126053,11.50169450643125,6.262394275193496,COMPLETE
449,0.0,2026-01-13 00:37:10.072194,2026-01-13 00:37:10.086595,0 days 00:00:00.014401,-4.346960984988126,4.2512762887306295,6.289334632598414,COMPLETE
450,895328.3569228377,2026-01-13 00:37:10.086595,2026-01-13 00:37:37.699240,0 days 00:00:27.612645,-5.9579783740887065,10.392108719219124,10.44274669321494,COMPLETE
451,704645.1537287929,2026-01-13 00:37:37.699240,2026-01-13 00:38:03.812753,0 days 00:00:26.113513,-3.3037086499996278,7.649116394470509,6.118192146737918,COMPLETE
452,323243.7425621924,2026-01-13 00:38:03.813755,2026-01-13 00:38:34.643151,0 days 00:00:30.829396,-2.9195194420455244,11.812561803433608,5.40789150320616,COMPLETE
453,1166767.3603856338,2026-01-13 00:38:34.643151,2026-01-13 00:39:07.369207,0 days 00:00:32.726056,-0.7577861415027547,13.402572537470862,4.609352703672699,COMPLETE
454,418650.3634643217,2026-01-13 00:39:07.370413,2026-01-13 00:39:35.642411,0 days 00:00:28.271998,-7.597029842095369,11.061393926624357,4.980639914605511,COMPLETE
455,566887.6238296644,2026-01-13 00:39:35.642411,2026-01-13 00:40:04.104363,0 days 00:00:28.461952,-9.190935690985592,16.278669859353833,6.463498140379675,COMPLETE
456,1575326.3432219126,2026-01-13 00:40:04.104363,2026-01-13 00:40:34.280181,0 days 00:00:30.175818,-2.2924765963340796,9.017868658347602,5.9662569399617595,COMPLETE
457,160325.54348865064,2026-01-13 00:40:34.281185,2026-01-13 00:41:04.287266,0 days 00:00:30.006081,-4.435778593510763,19.97320661670505,5.593742151846082,COMPLETE
458,0.0,2026-01-13 00:41:04.287266,2026-01-13 00:41:04.311871,0 days 00:00:00.024605,-0.5808282516668251,6.0981612654625765,5.246163054979362,COMPLETE
459,2316700.048394173,2026-01-13 00:41:04.311871,2026-01-13 00:41:37.420363,0 days 00:00:33.108492,-2.005126409441811,13.934797290293496,5.804310181896443,COMPLETE
460,817106.06534911,2026-01-13 00:41:37.420363,2026-01-13 00:42:05.907590,0 days 00:00:28.487227,-3.5759644532666304,12.827441943567603,6.918212054299249,COMPLETE
461,225908.23129216442,2026-01-13 00:42:05.908590,2026-01-13 00:42:35.784726,0 days 00:00:29.876136,-5.605359937622591,10.1874495892197,5.483087102020768,COMPLETE
462,1655699.927357868,2026-01-13 00:42:35.785409,2026-01-13 00:43:07.201023,0 days 00:00:31.415614,-2.1112047049464016,13.681711330056745,6.186151879776858,COMPLETE
463,0.0,2026-01-13 00:43:07.201023,2026-01-13 00:43:07.223208,0 days 00:00:00.022185,2.212368507208512,7.760718850174145,4.82787726586768,COMPLETE
464,2042257.6872066802,2026-01-13 00:43:07.223208,2026-01-13 00:43:41.187131,0 days 00:00:33.963923,-1.5199407633887894,11.761355639317086,5.739435714312119,COMPLETE
465,1679219.3281827178,2026-01-13 00:43:41.188010,2026-01-13 00:44:11.610595,0 days 00:00:30.422585,0.3032129861003553,14.915015754803544,5.112980766138795,COMPLETE
466,452483.6196383475,2026-01-13 00:44:11.626608,2026-01-13 00:44:45.274067,0 days 00:00:33.647459,11.07757623366416,17.706854691320174,5.931644679431927,COMPLETE
467,1796005.8619356942,2026-01-13 00:44:45.274510,2026-01-13 00:45:14.937150,0 days 00:00:29.662640,3.3691573592164468,9.885903781937468,5.412127956987441,COMPLETE
468,433116.86296816467,2026-01-13 00:45:14.937150,2026-01-13 00:45:43.414208,0 days 00:00:28.477058,-3.929708897440884,13.422394661344839,6.45334405260995,COMPLETE
469,0.0,2026-01-13 00:45:43.415214,2026-01-13 00:45:43.429990,0 days 00:00:00.014776,-1.7508111783966047,3.957292506700096,5.6273127495097475,COMPLETE
470,1297198.2285746867,2026-01-13 00:45:43.429990,2026-01-13 00:46:19.341818,0 days 00:00:35.911828,-0.1284263349892456,15.943612281121519,5.253585654105373,COMPLETE
471,1597957.4025881286,2026-01-13 00:46:19.342819,2026-01-13 00:46:52.794800,0 days 00:00:33.451981,1.4432624439205703,11.125374179874854,6.075256954878674,COMPLETE
472,391362.40306044085,2026-01-13 00:46:52.794800,2026-01-13 00:47:24.216171,0 days 00:00:31.421371,-2.9001897794624467,18.902930881768214,5.682734881025667,COMPLETE
473,219812.24881960833,2026-01-13 00:47:24.216171,2026-01-13 00:47:51.296728,0 days 00:00:27.080557,-6.766504041231498,14.316997727426916,4.930754192293301,COMPLETE
474,0.0,2026-01-13 00:47:51.297728,2026-01-13 00:47:51.312685,0 days 00:00:00.014957,4.656280817129957,23.661017356102594,10.833556092047656,COMPLETE
475,679783.9086531333,2026-01-13 00:47:51.312685,2026-01-13 00:48:22.663171,0 days 00:00:31.350486,-4.830346485146235,7.147138616824467,5.3756552049196555,COMPLETE
476,0.0,2026-01-13 00:48:22.670682,2026-01-13 00:48:22.672007,0 days 00:00:00.001325,2.5864657886647584,29.825082810316175,5.920137543446205,COMPLETE
477,620624.0551423552,2026-01-13 00:48:22.672007,2026-01-13 00:48:55.365244,0 days 00:00:32.693237,-0.4359861713688873,11.93325115265707,6.676354338541015,COMPLETE
478,453879.9350867957,2026-01-13 00:48:55.365244,2026-01-13 00:49:28.079312,0 days 00:00:32.714068,-1.991392776186189,17.028661199667205,6.238136715206625,COMPLETE
479,2614927.5656246147,2026-01-13 00:49:28.080187,2026-01-13 00:50:01.729757,0 days 00:00:33.649570,0.5061561984854888,14.225953945909785,5.690908183894404,COMPLETE
480,0.0,2026-01-13 00:50:01.730759,2026-01-13 00:50:01.746383,0 days 00:00:00.015624,0.2713383882669249,21.38502597309866,5.836809601818658,COMPLETE
481,302622.07320492336,2026-01-13 00:50:01.746383,2026-01-13 00:50:30.497199,0 days 00:00:28.750816,-3.0167927584619285,15.243055379320385,5.63256372899054,COMPLETE
482,359382.2412151049,2026-01-13 00:50:30.498509,2026-01-13 00:51:01.719397,0 days 00:00:31.220888,-1.1626606930510472,18.060940306996986,6.146738816424541,COMPLETE
483,1827294.4526393372,2026-01-13 00:51:01.720689,2026-01-13 00:51:31.751216,0 days 00:00:30.030527,0.6086044458059421,9.26846707175548,5.221378361875399,COMPLETE
484,174751.9817800224,2026-01-13 00:51:31.751216,2026-01-13 00:51:58.462762,0 days 00:00:26.711546,-4.207934560215733,13.246106051084984,5.868504598091086,COMPLETE
485,1152580.3547491888,2026-01-13 00:51:58.462762,2026-01-13 00:52:29.101174,0 days 00:00:30.638412,-1.6887950366158944,16.42987077962905,4.3520738149853715,COMPLETE
486,851837.22586792,2026-01-13 00:52:29.101174,2026-01-13 00:53:01.972557,0 days 00:00:32.871383,0.9500973502173737,13.59052104210117,6.4454653023526545,COMPLETE
487,195278.33354801015,2026-01-13 00:53:01.972557,2026-01-13 00:53:33.497194,0 days 00:00:31.524637,-0.6453986380858416,19.8790692120919,5.467910484074329,COMPLETE
488,1347212.8184735568,2026-01-13 00:53:33.497194,2026-01-13 00:54:03.244775,0 days 00:00:29.747581,2.01982854231473,10.65009356535772,4.804026231843839,COMPLETE
489,343018.27288079204,2026-01-13 00:54:03.244775,2026-01-13 00:54:32.428779,0 days 00:00:29.184004,-3.134408669192328,15.27913329724596,5.668974279425036,COMPLETE
490,0.0,2026-01-13 00:54:32.428779,2026-01-13 00:54:32.444473,0 days 00:00:00.015694,3.3806971373201113,8.485013919603464,5.143018563997993,COMPLETE
491,286566.07205311756,2026-01-13 00:54:32.444473,2026-01-13 00:55:00.450538,0 days 00:00:28.006065,-5.5587672767211656,12.017191405126544,5.992312662729703,COMPLETE
492,1312025.3951899966,2026-01-13 00:55:00.450538,2026-01-13 00:55:33.822461,0 days 00:00:33.371923,-0.31527936675722046,17.338795633564494,5.490445096992688,COMPLETE
493,1592527.7967950813,2026-01-13 00:55:33.823110,2026-01-13 00:56:04.729924,0 days 00:00:30.906814,-2.1192556038656827,14.032848521611978,6.174900643087785,COMPLETE
494,0.0,2026-01-13 00:56:04.729924,2026-01-13 00:56:04.745812,0 days 00:00:00.015888,1.388312600965639,6.359744908650545,5.74303266316132,COMPLETE
495,1942239.9742828293,2026-01-13 00:56:04.745812,2026-01-13 00:56:35.632720,0 days 00:00:30.886908,-1.1816038711481913,11.45425845832031,5.118575169675603,COMPLETE
496,264817.2538790613,2026-01-13 00:56:35.632720,2026-01-13 00:57:04.568157,0 days 00:00:28.935437,-3.597633053442925,15.936068839782717,5.43164088949532,COMPLETE
497,0.0,2026-01-13 00:57:04.568157,2026-01-13 00:57:04.583807,0 days 00:00:00.015650,0.965238693912762,19.031254526328098,4.676516160450252,COMPLETE
498,1637659.1501877948,2026-01-13 00:57:04.583807,2026-01-13 00:57:34.791414,0 days 00:00:30.207607,3.0326579782678396,9.885628771938098,5.978383878404832,COMPLETE
499,993298.1115405186,2026-01-13 00:57:34.792437,2026-01-13 00:58:02.203426,0 days 00:00:27.410989,5.611016164570344,14.72298521242679,6.358347877723398,COMPLETE
500,164925.35551183537,2026-01-13 00:58:02.204429,2026-01-13 00:58:33.790488,0 days 00:00:31.586059,0.23220910628459013,26.774628887550552,5.664589797395053,COMPLETE
501,3295091.163945235,2026-01-13 00:58:33.790488,2026-01-13 00:59:05.686067,0 days 00:00:31.895579,-2.0394031269115374,13.26478288447395,5.300110221742547,COMPLETE
502,452700.1058398287,2026-01-13 00:59:05.686547,2026-01-13 00:59:37.599204,0 days 00:00:31.912657,-8.00547438451942,17.59078673992194,4.953950569211102,COMPLETE
503,209312.24982912364,2026-01-13 00:59:37.599894,2026-01-13 01:00:07.695412,0 days 00:00:30.095518,-5.4938318920608475,21.255072023182475,5.2429359592839555,COMPLETE
504,885559.1360209085,2026-01-13 01:00:07.696225,2026-01-13 01:00:29.997809,0 days 00:00:22.301584,-4.159061817919433,13.50892663712427,4.533216534670239,COMPLETE
505,261616.9335726874,2026-01-13 01:00:29.998809,2026-01-13 01:01:03.608195,0 days 00:00:33.609386,-2.202843172401667,16.153766111474365,5.339995275568611,COMPLETE
506,1768036.2306745907,2026-01-13 01:01:03.608195,2026-01-13 01:01:35.551914,0 days 00:00:31.943719,-2.279469632165921,12.913257071402922,5.096535399540834,COMPLETE
507,521812.32559123455,2026-01-13 01:01:35.551914,2026-01-13 01:02:07.126940,0 days 00:00:31.575026,-1.0498911704398077,24.073565917654648,8.6605086282971,COMPLETE
508,803462.3647970596,2026-01-13 01:02:07.126940,2026-01-13 01:02:39.578650,0 days 00:00:32.451710,-3.1480328602464565,9.030110363523093,5.865246205716618,COMPLETE
509,221152.53864438282,2026-01-13 01:02:39.578650,2026-01-13 01:03:11.304611,0 days 00:00:31.725961,-4.835862589691487,14.951846718215547,5.612533959686247,COMPLETE
510,252972.18867984766,2026-01-13 01:03:11.305611,2026-01-13 01:03:40.280006,0 days 00:00:28.974395,-6.495275644943572,19.02528518556854,6.119341275956056,COMPLETE
511,540312.1933410133,2026-01-13 01:03:40.280006,2026-01-13 01:04:12.230006,0 days 00:00:31.950000,-0.7135891228458847,11.543599917168846,4.842815421040328,COMPLETE
512,518296.46654681675,2026-01-13 01:04:12.230006,2026-01-13 01:04:47.533306,0 days 00:00:35.303300,1.871213568627497,16.79781433389833,6.707477360132465,COMPLETE
513,1907793.5365793256,2026-01-13 01:04:47.533306,2026-01-13 01:05:22.079600,0 days 00:00:34.546294,-1.811467750095078,14.06023015017881,8.028473403920989,COMPLETE
514,0.0,2026-01-13 01:05:22.080600,2026-01-13 01:05:22.096102,0 days 00:00:00.015502,-3.7183206274028624,5.492923788830232,5.366043744328599,COMPLETE
515,1900711.8729043016,2026-01-13 01:05:22.096102,2026-01-13 01:05:50.575924,0 days 00:00:28.479822,0.0123520206735801,9.801773710546188,5.768802629065806,COMPLETE
516,0.0,2026-01-13 01:05:50.575924,2026-01-13 01:05:50.591745,0 days 00:00:00.015821,35.52987462967081,20.901304059397788,5.042657202109651,COMPLETE
517,0.0,2026-01-13 01:05:50.592742,2026-01-13 01:05:50.605740,0 days 00:00:00.012998,-10.573215632354426,2.3875807431960485,5.490300757626386,COMPLETE
518,1159054.566511333,2026-01-13 01:05:50.605740,2026-01-13 01:06:20.964327,0 days 00:00:30.358587,4.608870538648789,12.217090208700029,6.059581753597233,COMPLETE
519,762735.4870325541,2026-01-13 01:06:20.964327,2026-01-13 01:06:55.901822,0 days 00:00:34.937495,1.869593709577687,16.85834395606688,6.402228447552751,COMPLETE
520,205792.27689765568,2026-01-13 01:06:55.901822,2026-01-13 01:07:24.417719,0 days 00:00:28.515897,-2.498661084677892,14.45822914799988,5.277256679300231,COMPLETE
521,345829.4409519816,2026-01-13 01:07:24.418448,2026-01-13 01:07:58.405751,0 days 00:00:33.987303,-0.21789654010105242,18.678936351570673,5.800530405120135,COMPLETE
522,0.0,2026-01-13 01:07:58.405751,2026-01-13 01:07:58.421620,0 days 00:00:00.015869,3.412028664717451,7.292291726539951,7.3443046536630945,COMPLETE
523,2219031.5017611473,2026-01-13 01:07:58.421620,2026-01-13 01:08:29.391928,0 days 00:00:30.970308,-1.1488083619387528,11.836158242489894,5.50853485159833,COMPLETE
524,1608697.7851959432,2026-01-13 01:08:29.392928,2026-01-13 01:08:58.202362,0 days 00:00:28.809434,1.1369781098644962,9.667704899000093,5.986668047990327,COMPLETE
525,227069.5678016269,2026-01-13 01:08:58.202362,2026-01-13 01:09:27.977908,0 days 00:00:29.775546,-4.441423837369253,15.134011579172,5.005355059724027,COMPLETE
526,989994.5370681572,2026-01-13 01:09:27.979069,2026-01-13 01:10:01.296015,0 days 00:00:33.316946,-2.657608044934088,12.866466490281494,4.662122896907857,COMPLETE
527,907399.5313392254,2026-01-13 01:10:01.296015,2026-01-13 01:10:22.983065,0 days 00:00:21.687050,59.48815838670831,16.94029742221011,5.647225215596272,COMPLETE
528,0.0,2026-01-13 01:10:22.983544,2026-01-13 01:10:22.999279,0 days 00:00:00.015735,7.68291339164772,10.382015287145455,6.288212536169205,COMPLETE
529,1668635.6338299932,2026-01-13 01:10:22.999279,2026-01-13 01:10:53.836558,0 days 00:00:30.837279,0.4720638583842569,7.855114162411228,5.338984217057375,COMPLETE
530,466463.45944499783,2026-01-13 01:10:53.836558,2026-01-13 01:11:24.086907,0 days 00:00:30.250349,2.6422847218656496,13.881453363371806,6.8894109009811,COMPLETE
531,309709.12865537254,2026-01-13 01:11:24.086907,2026-01-13 01:11:53.671515,0 days 00:00:29.584608,-1.1402538316331907,19.58360117465156,5.80859961270401,COMPLETE
532,213604.27669030643,2026-01-13 01:11:53.671515,2026-01-13 01:12:25.462089,0 days 00:00:31.790574,-3.4271018698134927,15.876017154904728,5.178499878387953,COMPLETE
533,1496831.1069633912,2026-01-13 01:12:25.462089,2026-01-13 01:12:55.180824,0 days 00:00:29.718735,1.328464010580384,11.837695921969397,6.0873759227720905,COMPLETE
534,1875241.4037130137,2026-01-13 01:12:55.180824,2026-01-13 01:13:23.606378,0 days 00:00:28.425554,4.052542803479992,14.00066171094426,5.544368401217477,COMPLETE
535,662542.5423613861,2026-01-13 01:13:23.606378,2026-01-13 01:13:54.228176,0 days 00:00:30.621798,-0.1685129000841571,9.852246007232742,6.587864627334579,COMPLETE
536,484223.2297666987,2026-01-13 01:13:54.228176,2026-01-13 01:14:25.646361,0 days 00:00:31.418185,-6.046143049716304,22.251585213695734,5.717087034920605,COMPLETE
537,215717.85903123408,2026-01-13 01:14:25.646361,2026-01-13 01:14:55.833159,0 days 00:00:30.186798,-1.629991277243457,18.72288966587443,4.876563179527403,COMPLETE
538,2662690.863530538,2026-01-13 01:14:55.833686,2026-01-13 01:15:27.900276,0 days 00:00:32.066590,2.437855199184489,15.648336243074432,5.3798658417068115,COMPLETE
539,904198.9577228574,2026-01-13 01:15:27.900276,2026-01-13 01:15:55.689929,0 days 00:00:27.789653,5.161090117561546,17.132768790902105,5.196434108841671,COMPLETE
540,0.0,2026-01-13 01:15:55.689929,2026-01-13 01:15:55.706096,0 days 00:00:00.016167,3.131502902633637,20.713231636531088,4.997458223131582,COMPLETE
541,652714.4066791276,2026-01-13 01:15:55.706096,2026-01-13 01:16:28.524403,0 days 00:00:32.818307,13.63195839408084,16.20906856426635,4.614325944383545,COMPLETE
542,712217.8057436264,2026-01-13 01:16:28.525209,2026-01-13 01:16:57.803462,0 days 00:00:29.278253,6.1510936436041765,11.910407454312073,4.202324168701757,COMPLETE
543,1634251.0690206313,2026-01-13 01:16:57.803462,2026-01-13 01:17:29.032234,0 days 00:00:31.228772,1.6061267398980181,18.017345716079607,5.434770416205598,COMPLETE
544,1180753.0962912259,2026-01-13 01:17:29.033375,2026-01-13 01:17:57.799427,0 days 00:00:28.766052,3.813156491121757,14.663799772407327,5.328799905192783,COMPLETE
545,0.0,2026-01-13 01:17:57.799427,2026-01-13 01:17:57.816638,0 days 00:00:00.017211,2.198907820405628,8.122672925970203,5.512536174532047,COMPLETE
546,1271541.3428997865,2026-01-13 01:17:57.816638,2026-01-13 01:18:31.616920,0 days 00:00:33.800282,0.8194833221493716,12.003861822453889,5.016103730237011,COMPLETE
547,1053930.8638274649,2026-01-13 01:18:31.616920,2026-01-13 01:18:57.908237,0 days 00:00:26.291317,3.276745591720573,15.623679769964529,13.00822698305246,COMPLETE
548,0.0,2026-01-13 01:18:57.908237,2026-01-13 01:18:57.925249,0 days 00:00:00.017012,-0.022418322790913048,5.141189330935678,6.064049061784535,COMPLETE
549,2383267.879487818,2026-01-13 01:18:57.925249,2026-01-13 01:19:28.579515,0 days 00:00:30.654266,2.010745525741325,10.906464028390376,5.256038974863797,COMPLETE
550,0.0,2026-01-13 01:19:28.579515,2026-01-13 01:19:28.595517,0 days 00:00:00.016002,4.5799783759098975,8.06675074431691,5.156702336728265,COMPLETE
551,1272428.7592064624,2026-01-13 01:19:28.596399,2026-01-13 01:19:59.357298,0 days 00:00:30.760899,2.132440695275374,10.000684663166014,4.624788823696244,COMPLETE
552,0.0,2026-01-13 01:19:59.357298,2026-01-13 01:19:59.377395,0 days 00:00:00.020097,7.420129248730127,5.566538745845438,5.336182924717687,COMPLETE
553,1300695.82902646,2026-01-13 01:19:59.377395,2026-01-13 01:20:29.926119,0 days 00:00:30.548724,1.8183003892864744,11.032830723780663,4.917125790314753,COMPLETE
554,1613358.4774170876,2026-01-13 01:20:29.926119,2026-01-13 01:20:59.023786,0 days 00:00:29.097667,5.375841053605162,13.071644270788173,5.679259006367776,COMPLETE
555,1444772.1075357506,2026-01-13 01:20:59.023786,2026-01-13 01:21:29.613977,0 days 00:00:30.590191,0.5189231240187178,8.5746925122967,5.51077602641728,COMPLETE
556,1315201.7020974008,2026-01-13 01:21:29.613977,2026-01-13 01:22:00.242064,0 days 00:00:30.628087,2.9788158515607535,10.907714688093007,4.809356456195928,COMPLETE
557,1852759.3531320188,2026-01-13 01:22:00.242064,2026-01-13 01:22:33.926549,0 days 00:00:33.684485,-0.5332871160427324,12.988252756193654,5.887256940093445,COMPLETE
558,0.0,2026-01-13 01:22:33.926549,2026-01-13 01:22:33.942363,0 days 00:00:00.015814,4.252422870286935,3.5256048679082754,5.228339938048856,COMPLETE
559,0.0,2026-01-13 01:22:33.942363,2026-01-13 01:22:33.956158,0 days 00:00:00.013795,1.039755018719918,6.986489643320866,5.593639382100785,COMPLETE
560,1100051.070508601,2026-01-13 01:22:33.956158,2026-01-13 01:23:05.907879,0 days 00:00:31.951721,-1.2871886483780837,14.2655672748299,4.399201710040332,COMPLETE
561,927338.283590819,2026-01-13 01:23:05.907879,2026-01-13 01:23:37.880954,0 days 00:00:31.973075,2.7152705949612925,17.907650866044666,6.299542259068952,COMPLETE
562,1737695.724752671,2026-01-13 01:23:37.880954,2026-01-13 01:24:06.546496,0 days 00:00:28.665542,-0.05020432229713434,9.442045779489831,5.210895668170166,COMPLETE
563,356370.59054931486,2026-01-13 01:24:06.547568,2026-01-13 01:24:37.772132,0 days 00:00:31.224564,-3.0515891200547673,12.102337634198935,5.925470527093242,COMPLETE
564,2528519.6980865165,2026-01-13 01:24:37.772367,2026-01-13 01:25:08.088551,0 days 00:00:30.316184,1.7191016060789823,14.400378644280512,5.447531948670671,COMPLETE
565,1050264.514296635,2026-01-13 01:25:08.089255,2026-01-13 01:25:39.039368,0 days 00:00:30.950113,6.422988977366479,19.566400324452363,4.887885135226238,COMPLETE
566,1303635.1607291421,2026-01-13 01:25:39.039368,2026-01-13 01:26:11.411478,0 days 00:00:32.372110,-0.7437247246654852,16.272845918755678,5.371936830046291,COMPLETE
567,256373.94187240626,2026-01-13 01:26:11.411478,2026-01-13 01:26:41.774716,0 days 00:00:30.363238,-4.671770253032893,14.907740209089486,5.7838357642010365,COMPLETE
568,0.0,2026-01-13 01:26:41.774716,2026-01-13 01:26:41.790653,0 days 00:00:00.015937,2.021297608442734,22.61056751618994,6.115579481084828,COMPLETE
569,0.0,2026-01-13 01:26:41.791655,2026-01-13 01:26:41.805980,0 days 00:00:00.014325,-2.061731949260662,0.4791072994443972,5.113646743543245,COMPLETE
570,2781989.151881862,2026-01-13 01:26:41.805980,2026-01-13 01:27:15.392467,0 days 00:00:33.586487,1.0477823140193707,17.863801708532502,5.509829902846822,COMPLETE
571,449082.3505099142,2026-01-13 01:27:15.392467,2026-01-13 01:27:44.871517,0 days 00:00:29.479050,0.5477300922161832,25.492014899989332,5.659948933927124,COMPLETE
572,208692.49040266557,2026-01-13 01:27:44.871517,2026-01-13 01:28:20.236940,0 days 00:00:35.365423,-2.655120925972116,21.1092043958061,4.702497966033169,COMPLETE
573,307975.4394043286,2026-01-13 01:28:20.238162,2026-01-13 01:28:52.435959,0 days 00:00:32.197797,-0.45645794428588654,20.35032688821768,5.354832520517789,COMPLETE
574,364746.0777952189,2026-01-13 01:28:52.436288,2026-01-13 01:29:24.103172,0 days 00:00:31.666884,-4.085237922335102,17.176368757849204,5.881673583627488,COMPLETE
575,269584.57241399185,2026-01-13 01:29:24.103172,2026-01-13 01:29:53.642792,0 days 00:00:29.539620,-1.5730180466273542,18.528351089037166,6.283122229501948,COMPLETE
576,1852772.0779761253,2026-01-13 01:29:53.642792,2026-01-13 01:30:27.530972,0 days 00:00:33.888180,1.066433217188035,15.427690053550993,5.013533657770948,COMPLETE
577,1439457.609167485,2026-01-13 01:30:27.530972,2026-01-13 01:30:57.776079,0 days 00:00:30.245107,0.5934999137350632,17.859267505767534,5.470499455774144,COMPLETE
578,244379.2297113862,2026-01-13 01:30:57.776079,2026-01-13 01:31:29.311224,0 days 00:00:31.535145,-2.9202751202202313,14.162778149295212,5.735568229909022,COMPLETE
579,284286.06255388784,2026-01-13 01:31:29.311224,2026-01-13 01:32:01.448794,0 days 00:00:32.137570,-1.1713251806575526,16.515864215347843,5.234995207232769,COMPLETE
580,1595865.1824981293,2026-01-13 01:32:01.448794,2026-01-13 01:32:34.915324,0 days 00:00:33.466530,2.2891171626758697,13.30038167561914,6.028345950811668,COMPLETE
581,226507.36148657568,2026-01-13 01:32:34.915324,2026-01-13 01:33:05.576954,0 days 00:00:30.661630,-7.23082872354838,19.585819749174153,5.56071551011201,COMPLETE
582,517138.956931609,2026-01-13 01:33:05.576954,2026-01-13 01:33:30.973450,0 days 00:00:25.396496,3.90155292022202,15.503821216589749,6.550378288658703,COMPLETE
583,1231602.1460331718,2026-01-13 01:33:30.973450,2026-01-13 01:34:01.545923,0 days 00:00:30.572473,-0.05588722558514425,13.397430336247126,5.008122567777193,COMPLETE
584,184631.09699149348,2026-01-13 01:34:01.545923,2026-01-13 01:34:32.172619,0 days 00:00:30.626696,-4.815510278369836,24.374600354078336,5.854473834558784,COMPLETE
585,1850912.578892676,2026-01-13 01:34:32.172619,2026-01-13 01:35:06.381874,0 days 00:00:34.209255,1.6942751219868746,17.37347592048573,5.379852058541231,COMPLETE
586,1701142.490901127,2026-01-13 01:35:06.381874,2026-01-13 01:35:42.083341,0 days 00:00:35.701467,-1.9048256299696311,13.106232999834965,6.155062946275645,COMPLETE
587,1183778.2742322884,2026-01-13 01:35:42.083341,2026-01-13 01:36:16.353201,0 days 00:00:34.269860,-3.4330247713705493,10.565541702133986,4.763932126925667,COMPLETE
588,3099502.5884856093,2026-01-13 01:36:16.354202,2026-01-13 01:36:52.148286,0 days 00:00:35.794084,-0.30266042958848205,15.646898121972955,5.556729977882234,COMPLETE
589,292454.25271294726,2026-01-13 01:36:52.148986,2026-01-13 01:37:23.843094,0 days 00:00:31.694108,-1.0458299945956675,22.31069108658719,5.662088258441928,COMPLETE
590,315537.6057060233,2026-01-13 01:37:23.843094,2026-01-13 01:37:52.951044,0 days 00:00:29.107950,-2.7058768288918986,17.97755460710571,5.9965863896675815,COMPLETE
591,0.0,2026-01-13 01:37:52.951044,2026-01-13 01:37:52.968462,0 days 00:00:00.017418,0.0007683284270796342,19.652171156125583,6.4971432283587625,COMPLETE
592,314217.0220775932,2026-01-13 01:37:52.968462,2026-01-13 01:38:22.654211,0 days 00:00:29.685749,-5.622282646031342,15.960468907574867,5.628033930146573,COMPLETE
593,1545383.044912933,2026-01-13 01:38:22.655211,2026-01-13 01:38:56.388253,0 days 00:00:33.733042,-0.7531980692429856,15.556572021076082,6.257655611149221,COMPLETE
594,338872.8106394564,2026-01-13 01:38:56.388965,2026-01-13 01:39:26.991763,0 days 00:00:30.602798,-4.066291920929572,18.965231502435056,5.913995268282423,COMPLETE
595,250352.51974456967,2026-01-13 01:39:26.991763,2026-01-13 01:39:55.905656,0 days 00:00:28.913893,-2.0604585810018223,15.595328069313174,5.4261110266793295,COMPLETE
596,0.0,2026-01-13 01:39:55.905656,2026-01-13 01:39:55.922429,0 days 00:00:00.016773,0.5691325075902275,21.574022405120346,5.726611226445965,COMPLETE
597,0.0,2026-01-13 01:39:55.922429,2026-01-13 01:39:55.936236,0 days 00:00:00.013807,-1.306923175881657,89.98780458904679,5.082028253758341,COMPLETE
598,2260056.02457454,2026-01-13 01:39:55.936236,2026-01-13 01:40:29.599055,0 days 00:00:33.662819,0.8848949566252791,13.608097929825552,5.451505259643947,COMPLETE
599,294466.9195982319,2026-01-13 01:40:29.600071,2026-01-13 01:40:59.307287,0 days 00:00:29.707216,-2.8109662610759623,17.720415742577433,5.967432583023171,COMPLETE
600,872556.8499635994,2026-01-13 01:40:59.307287,2026-01-13 01:41:28.936312,0 days 00:00:29.629025,3.3258062815213227,14.009809626996278,6.278719692074132,COMPLETE
601,2284370.430080831,2026-01-13 01:41:28.936312,2026-01-13 01:42:01.543915,0 days 00:00:32.607603,-0.34935792508176955,12.129220451075312,5.695963412398409,COMPLETE
602,1233733.2728835964,2026-01-13 01:42:01.543915,2026-01-13 01:42:33.124567,0 days 00:00:31.580652,-3.7638000651730366,16.912640040853297,4.361938307631576,COMPLETE
603,0.0,2026-01-13 01:42:33.124567,2026-01-13 01:42:33.143619,0 days 00:00:00.019052,1.6478412417500812,19.727558187658694,5.273402200267529,COMPLETE
604,0.0,2026-01-13 01:42:33.143619,2026-01-13 01:42:33.154770,0 days 00:00:00.011151,-1.7895356330551881,53.45227282931968,5.5635286562037,COMPLETE
605,1401117.2540338968,2026-01-13 01:42:33.154770,2026-01-13 01:43:04.043490,0 days 00:00:30.888720,0.18010179244641122,15.476347502288542,5.0806599452173415,COMPLETE
606,1482273.551930715,2026-01-13 01:43:04.043490,2026-01-13 01:43:33.743004,0 days 00:00:29.699514,4.273291440319166,12.360781801271765,5.978665667463655,COMPLETE
607,438479.95224339893,2026-01-13 01:43:33.743004,2026-01-13 01:44:00.835761,0 days 00:00:27.092757,-4.887280552600317,9.878093405935925,4.826161588139839,COMPLETE
608,480404.76743724773,2026-01-13 01:44:00.835761,2026-01-13 01:44:30.227868,0 days 00:00:29.392107,2.4438526860053393,14.53156221280061,6.761534758434189,COMPLETE
609,238107.73382744042,2026-01-13 01:44:30.227868,2026-01-13 01:44:59.117522,0 days 00:00:28.889654,-8.92658302751359,17.38893802534499,5.339979286136779,COMPLETE
610,2156860.065170313,2026-01-13 01:44:59.117522,2026-01-13 01:45:34.279418,0 days 00:00:35.161896,-1.488953910350738,12.130287472268124,5.719444770687991,COMPLETE
611,275856.94851223635,2026-01-13 01:45:34.280419,2026-01-13 01:46:08.113415,0 days 00:00:33.832996,-0.10668280021836196,20.70734962032965,6.184970719404048,COMPLETE
612,1959779.5588185545,2026-01-13 01:46:08.113415,2026-01-13 01:46:39.339870,0 days 00:00:31.226455,1.362344473428259,14.818534628621629,5.842072960060575,COMPLETE
613,1749829.3127453094,2026-01-13 01:46:39.339870,2026-01-13 01:47:09.468962,0 days 00:00:30.129092,-2.868975019424191,8.411107938675952,5.384102238011033,COMPLETE
614,214686.10810785167,2026-01-13 01:47:09.469494,2026-01-13 01:47:41.498062,0 days 00:00:32.028568,-1.1884338694248935,18.634303705780237,5.1403511115216265,COMPLETE
615,2702125.4923573905,2026-01-13 01:47:41.498062,2026-01-13 01:48:08.682081,0 days 00:00:27.184019,-6.644183238746988,11.106969311849548,6.471533462107879,COMPLETE
616,0.0,2026-01-13 01:48:08.682081,2026-01-13 01:48:08.699081,0 days 00:00:00.017000,-6.38541196018136,6.136101327545455,6.524130191022696,COMPLETE
617,321312.9413060811,2026-01-13 01:48:08.699081,2026-01-13 01:48:32.107470,0 days 00:00:23.408389,-7.195126027930794,8.62949336284273,6.907089088220708,COMPLETE
618,2563245.665210273,2026-01-13 01:48:32.108470,2026-01-13 01:48:57.704776,0 days 00:00:25.596306,-7.559160621739406,10.671174490659459,6.382652214644489,COMPLETE
619,821963.7767011424,2026-01-13 01:48:57.719435,2026-01-13 01:49:25.407211,0 days 00:00:27.687776,-6.189963063207659,65.78192696241396,6.732140893524875,COMPLETE
620,1255249.4345660575,2026-01-13 01:49:25.407211,2026-01-13 01:49:57.689099,0 days 00:00:32.281888,-5.522549546384548,10.718036585711541,7.021878931501057,COMPLETE
621,0.0,2026-01-13 01:49:57.689099,2026-01-13 01:49:57.702988,0 days 00:00:00.013889,-6.108045080321258,6.521322966823677,6.375354097212313,COMPLETE
622,954647.0594619283,2026-01-13 01:49:57.702988,2026-01-13 01:50:23.591944,0 days 00:00:25.888956,-5.290389937919915,9.699741073732033,7.189049623937441,COMPLETE
623,0.0,2026-01-13 01:50:23.591944,2026-01-13 01:50:23.607761,0 days 00:00:00.015817,-10.760741455455591,12.486515133273958,6.588807552034394,COMPLETE
624,0.0,2026-01-13 01:50:23.607761,2026-01-13 01:50:23.627393,0 days 00:00:00.019632,-9.525261339218542,10.708687544626834,6.538953477077382,COMPLETE
625,1440195.1931483904,2026-01-13 01:50:23.627393,2026-01-13 01:50:51.082274,0 days 00:00:27.454881,-8.661104719365769,13.873114042621271,7.520504674817665,COMPLETE
626,0.0,2026-01-13 01:50:51.082664,2026-01-13 01:50:51.098812,0 days 00:00:00.016148,-8.416889958647062,8.3510895478961,6.293577558587359,COMPLETE
627,0.0,2026-01-13 01:50:51.099800,2026-01-13 01:50:51.113314,0 days 00:00:00.013514,-11.942965515686083,13.179888995298857,7.05945987459627,COMPLETE
628,4176398.053062499,2026-01-13 01:50:51.114314,2026-01-13 01:51:16.311825,0 days 00:00:25.197511,-7.926589648756218,10.655000914339583,6.196709139969876,COMPLETE
629,0.0,2026-01-13 01:51:16.312820,2026-01-13 01:51:16.329918,0 days 00:00:00.017098,-10.26414380777934,6.665580552483642,6.485129990386337,COMPLETE
630,0.0,2026-01-13 01:51:16.329918,2026-01-13 01:51:16.344923,0 days 00:00:00.015005,-9.315920858500156,3.1939661156267807,6.247140494755926,COMPLETE
631,252810.5921725638,2026-01-13 01:51:16.344923,2026-01-13 01:51:40.076139,0 days 00:00:23.731216,-6.541846344159105,71.20250245005076,6.145875859281799,COMPLETE
632,0.0,2026-01-13 01:51:40.076139,2026-01-13 01:51:40.086648,0 days 00:00:00.010509,-8.098919117815536,46.82666345163799,6.701913415436066,COMPLETE
633,388748.89627071016,2026-01-13 01:51:40.086648,2026-01-13 01:52:02.404630,0 days 00:00:22.317982,-7.895086041182328,9.451357303009855,6.149022024643478,COMPLETE
634,0.0,2026-01-13 01:52:02.404630,2026-01-13 01:52:02.421798,0 days 00:00:00.017168,-11.539812318530284,11.206770426499117,6.5047532689050405,COMPLETE
635,6286947.546873608,2026-01-13 01:52:02.421798,2026-01-13 01:52:32.166268,0 days 00:00:29.744470,-9.311581516170818,15.655901898704537,6.897402239668338,COMPLETE
636,1579165.2147832746,2026-01-13 01:52:32.167267,2026-01-13 01:53:01.355175,0 days 00:00:29.187908,-7.170038377142392,16.920841960205077,7.320578479341529,COMPLETE
637,5012278.319451833,2026-01-13 01:53:01.355175,2026-01-13 01:53:29.959233,0 days 00:00:28.604058,-9.300118304987032,15.525871491385434,6.9625641087600085,COMPLETE
638,0.0,2026-01-13 01:53:29.959233,2026-01-13 01:53:29.976910,0 days 00:00:00.017677,-11.472843987249794,20.40590366615299,6.9974265835070195,COMPLETE
639,0.0,2026-01-13 01:53:29.976910,2026-01-13 01:53:29.992751,0 days 00:00:00.015841,-10.844046367057166,22.32321897431863,7.596658584336986,COMPLETE
640,2019283.0032917513,2026-01-13 01:53:29.992751,2026-01-13 01:54:02.338022,0 days 00:00:32.345271,-3.6603044013364663,16.535649764798734,7.261737790856538,COMPLETE
641,1210585.8907404752,2026-01-13 01:54:02.339022,2026-01-13 01:54:31.691441,0 days 00:00:29.352419,-9.941198767172267,18.672884303335636,6.932703653569238,COMPLETE
642,577610.5260449869,2026-01-13 01:54:31.691441,2026-01-13 01:55:01.212120,0 days 00:00:29.520679,-9.514120382518362,23.82926248849851,7.002344139662821,COMPLETE
643,0.0,2026-01-13 01:55:01.212120,2026-01-13 01:55:01.228080,0 days 00:00:00.015960,-13.183890558183208,15.369626078787245,6.8581148083513686,COMPLETE
644,2515164.1569049065,2026-01-13 01:55:01.228080,2026-01-13 01:55:27.723363,0 days 00:00:26.495283,-8.232923376080848,15.02668809333487,7.142052702923804,COMPLETE
645,0.0,2026-01-13 01:55:27.723719,2026-01-13 01:55:27.740975,0 days 00:00:00.017256,-15.818969746010577,18.528785907360753,7.427263747443494,COMPLETE
646,0.0,2026-01-13 01:55:27.740975,2026-01-13 01:55:27.754975,0 days 00:00:00.014000,-9.706282946134834,15.949522165479822,7.147596666672757,COMPLETE
647,3935515.107592306,2026-01-13 01:55:27.755971,2026-01-13 01:55:57.625939,0 days 00:00:29.869968,-8.538015852716413,20.342254278761136,7.339146233724717,COMPLETE
648,0.0,2026-01-13 01:55:57.625939,2026-01-13 01:55:57.640494,0 days 00:00:00.014555,-13.13510936098972,22.634040316145043,7.720842685940248,COMPLETE
649,1018372.4716091123,2026-01-13 01:55:57.640494,2026-01-13 01:56:27.526172,0 days 00:00:29.885678,-8.760799416408277,19.8868305146624,8.166688624998114,COMPLETE
650,0.0,2026-01-13 01:56:27.526172,2026-01-13 01:56:27.542751,0 days 00:00:00.016579,-10.382733547883223,25.786077752539377,6.836089216439815,COMPLETE
651,0.0,2026-01-13 01:56:27.542751,2026-01-13 01:56:27.557348,0 days 00:00:00.014597,-14.213333619429822,17.85364194623395,6.712872461800517,COMPLETE
652,0.0,2026-01-13 01:56:27.557348,2026-01-13 01:56:27.572661,0 days 00:00:00.015313,-12.035001688125355,19.86986709924802,7.496676312739434,COMPLETE
653,1186140.6127822734,2026-01-13 01:56:27.572661,2026-01-13 01:56:56.431557,0 days 00:00:28.858896,-9.46665917625973,17.304018586087523,7.719083338193412,COMPLETE
654,0.0,2026-01-13 01:56:56.431557,2026-01-13 01:56:56.448155,0 days 00:00:00.016598,-7.619174317879975,56.79415181224073,7.246718247348241,COMPLETE
655,972873.3304096065,2026-01-13 01:56:56.449152,2026-01-13 01:57:22.802100,0 days 00:00:26.352948,-8.045815637292542,15.264977911935668,7.88014944602061,COMPLETE
656,0.0,2026-01-13 01:57:22.802100,2026-01-13 01:57:22.820214,0 days 00:00:00.018114,-9.96090007651439,22.094067177313327,6.7582962565112785,COMPLETE
657,487158.82611696725,2026-01-13 01:57:22.820214,2026-01-13 01:57:50.939515,0 days 00:00:28.119301,-7.389025117378273,17.8188967018708,6.67354515528155,COMPLETE
658,4981693.290180198,2026-01-13 01:57:50.940170,2026-01-13 01:58:18.835024,0 days 00:00:27.894854,-8.402416817493345,14.249326184041612,7.070146799728428,COMPLETE
659,324514.8895140899,2026-01-13 01:58:18.835024,2026-01-13 01:58:51.308799,0 days 00:00:32.473775,-8.46220439129251,30.22357423644945,7.421940306456757,COMPLETE
660,399746.5994130456,2026-01-13 01:58:51.308799,2026-01-13 01:59:21.653373,0 days 00:00:30.344574,-7.442461304039231,20.557130246575714,6.91630733577374,COMPLETE
661,0.0,2026-01-13 01:59:21.654373,2026-01-13 01:59:21.670968,0 days 00:00:00.016595,-11.857609176943894,13.260429061400334,7.159707056959371,COMPLETE
662,1352135.5006375064,2026-01-13 01:59:21.670968,2026-01-13 01:59:52.107115,0 days 00:00:30.436147,-7.33971209218456,16.45349409455757,7.488117183139738,COMPLETE
663,0.0,2026-01-13 01:59:52.107115,2026-01-13 01:59:52.124271,0 days 00:00:00.017156,-10.920116940196236,12.435524043720147,7.236595980621663,COMPLETE
664,480105.8069950707,2026-01-13 01:59:52.124271,2026-01-13 02:00:21.331917,0 days 00:00:29.207646,-8.927859198389378,18.449526946497315,6.703905330609082,COMPLETE
665,2413174.407229691,2026-01-13 02:00:21.331917,2026-01-13 02:00:44.813622,0 days 00:00:23.481705,-6.569976813876681,14.808800845915401,6.9559558569826265,COMPLETE
666,2379191.310080585,2026-01-13 02:00:44.813622,2026-01-13 02:01:11.984488,0 days 00:00:27.170866,-6.630586659158345,10.980154107442281,6.522944640592124,COMPLETE
667,2657523.852472585,2026-01-13 02:01:11.984488,2026-01-13 02:01:41.200900,0 days 00:00:29.216412,-8.409096065138675,16.587510619459298,7.023809821869146,COMPLETE
668,0.0,2026-01-13 02:01:41.200900,2026-01-13 02:01:41.222019,0 days 00:00:00.021119,-11.333190888454633,28.220445827466683,7.66652841709466,COMPLETE
669,1261999.2029131816,2026-01-13 02:01:41.222019,2026-01-13 02:02:10.394770,0 days 00:00:29.172751,-9.480566165961081,21.08269408316275,8.104305478191487,COMPLETE
670,157914.79920322157,2026-01-13 02:02:10.394770,2026-01-13 02:02:40.339234,0 days 00:00:29.944464,-5.898773121373637,23.845243393790785,6.937941810543134,COMPLETE
671,0.0,2026-01-13 02:02:40.339234,2026-01-13 02:02:40.357236,0 days 00:00:00.018002,-12.383171208153978,18.614094807198544,7.281473754658959,COMPLETE
672,0.0,2026-01-13 02:02:40.357236,2026-01-13 02:02:40.373348,0 days 00:00:00.016112,-9.94761394378417,16.771137305628603,7.85244348142562,COMPLETE
673,3260143.4132360793,2026-01-13 02:02:40.373348,2026-01-13 02:03:10.302534,0 days 00:00:29.929186,-8.550354461016598,20.119774297345895,7.183534300381294,COMPLETE
674,664084.7200116292,2026-01-13 02:03:10.302534,2026-01-13 02:03:40.164785,0 days 00:00:29.862251,-8.631866945281901,23.295818968891048,7.309140645512454,COMPLETE
675,0.0,2026-01-13 02:03:40.164785,2026-01-13 02:03:40.180712,0 days 00:00:00.015927,-10.950093976308384,20.778548419300567,7.412196422757438,COMPLETE
676,0.0,2026-01-13 02:03:40.180712,2026-01-13 02:03:40.197616,0 days 00:00:00.016904,-13.83673519378881,43.32258443941931,7.619637578054118,COMPLETE
677,0.0,2026-01-13 02:03:40.197616,2026-01-13 02:03:40.212549,0 days 00:00:00.014933,-10.009246452345328,25.347017401079796,6.978560270722743,COMPLETE
678,430093.5005451392,2026-01-13 02:03:40.212549,2026-01-13 02:04:09.715426,0 days 00:00:29.502877,-8.8118752404812,21.73536465879104,6.982591712674889,COMPLETE
679,3052770.445563019,2026-01-13 02:04:09.715426,2026-01-13 02:04:41.427612,0 days 00:00:31.712186,-7.13092544053809,19.276498032609453,7.281893063298079,COMPLETE
680,1500063.5980353537,2026-01-13 02:04:41.427612,2026-01-13 02:05:11.936340,0 days 00:00:30.508728,-7.033823896721107,20.144035843160058,7.771413277971122,COMPLETE
681,435688.35058432876,2026-01-13 02:05:11.936767,2026-01-13 02:05:41.470663,0 days 00:00:29.533896,-8.065203511656506,22.29046766654896,7.2079642467966005,COMPLETE
682,455523.28819117084,2026-01-13 02:05:41.470663,2026-01-13 02:06:11.193014,0 days 00:00:29.722351,-5.763597236743969,24.2536299154766,7.478291327440547,COMPLETE
683,5036027.391519397,2026-01-13 02:06:11.193958,2026-01-13 02:06:42.007248,0 days 00:00:30.813290,-8.472139629531835,18.939776808359518,7.174831900227944,COMPLETE
684,4560624.5971369995,2026-01-13 02:06:42.007248,2026-01-13 02:07:12.928051,0 days 00:00:30.920803,-9.479995496743609,23.190011862021215,7.508988246963925,COMPLETE
685,0.0,2026-01-13 02:07:12.928051,2026-01-13 02:07:12.943704,0 days 00:00:00.015653,-11.89869866360544,27.059229676687693,8.442011806234571,COMPLETE
686,0.0,2026-01-13 02:07:12.943704,2026-01-13 02:07:12.959467,0 days 00:00:00.015763,-9.824867892426475,23.431798904971725,7.979203470296126,COMPLETE
687,0.0,2026-01-13 02:07:12.959467,2026-01-13 02:07:12.975337,0 days 00:00:00.015870,-11.198621783312358,22.878221759533368,7.639889618988437,COMPLETE
688,1158460.829468775,2026-01-13 02:07:12.975337,2026-01-13 02:07:43.018027,0 days 00:00:30.042690,-6.688406938719662,20.168235852831163,8.033105384287078,COMPLETE
689,494392.0749544283,2026-01-13 02:07:43.018027,2026-01-13 02:08:13.057010,0 days 00:00:30.038983,-8.69319002496362,25.29283191611463,7.169157175588459,COMPLETE
690,0.0,2026-01-13 02:08:13.057010,2026-01-13 02:08:13.069331,0 days 00:00:00.012321,-12.9316805887988,26.544332568876225,7.488119405772018,COMPLETE
691,3067073.3217226467,2026-01-13 02:08:13.069331,2026-01-13 02:08:42.923337,0 days 00:00:29.854006,-7.378514079737428,19.75128786421694,7.385166175373122,COMPLETE
692,2502179.394293908,2026-01-13 02:08:42.923337,2026-01-13 02:09:12.559906,0 days 00:00:29.636569,-7.549760735873237,24.817966898079536,7.855886774974667,COMPLETE
693,0.0,2026-01-13 02:09:12.560906,2026-01-13 02:09:12.577963,0 days 00:00:00.017057,-9.942260869995405,22.875456802118244,7.5184279656951425,COMPLETE
694,1068938.7528570893,2026-01-13 02:09:12.577963,2026-01-13 02:09:43.073108,0 days 00:00:30.495145,-5.975540078838874,21.367330459709827,8.301389402284926,COMPLETE
695,1999078.8058788674,2026-01-13 02:09:43.073108,2026-01-13 02:10:13.862293,0 days 00:00:30.789185,-7.67862694748264,20.703522698846033,7.650688405145548,COMPLETE
696,0.0,2026-01-13 02:10:13.862293,2026-01-13 02:10:13.875401,0 days 00:00:00.013108,-15.36522135953318,20.05112256893004,7.5500139589487105,COMPLETE
697,715428.9894812478,2026-01-13 02:10:13.875401,2026-01-13 02:10:43.542003,0 days 00:00:29.666602,-9.000127277682825,19.912551075780133,6.932056669799898,COMPLETE
698,0.0,2026-01-13 02:10:43.545509,2026-01-13 02:10:43.562961,0 days 00:00:00.017452,-10.67746154673648,19.050694794281988,7.233301090078375,COMPLETE
699,360807.7390284804,2026-01-13 02:10:43.562961,2026-01-13 02:11:14.297570,0 days 00:00:30.734609,-6.170790216304864,21.986003835675728,7.30185121300802,COMPLETE
700,1321977.9672412726,2026-01-13 02:11:14.297570,2026-01-13 02:11:43.721545,0 days 00:00:29.423975,-8.371309724053534,18.56341307796633,7.784137769393682,COMPLETE
701,169385.52857603956,2026-01-13 02:11:43.721545,2026-01-13 02:12:11.995749,0 days 00:00:28.274204,-5.310072752815179,29.00611259443925,7.115493353322704,COMPLETE
702,2020972.033795192,2026-01-13 02:12:11.995749,2026-01-13 02:12:42.781905,0 days 00:00:30.786156,-7.281759015952081,19.209415500540626,7.426190068481328,COMPLETE
703,0.0,2026-01-13 02:12:42.781905,2026-01-13 02:12:42.797913,0 days 00:00:00.016008,-10.033384023217838,25.095494540462088,6.720051581580517,COMPLETE
704,0.0,2026-01-13 02:12:42.797913,2026-01-13 02:12:42.819592,0 days 00:00:00.021679,-12.184887480299427,23.230622911667076,7.13528957656076,COMPLETE
705,1463369.5596726348,2026-01-13 02:12:42.819592,2026-01-13 02:13:13.182654,0 days 00:00:30.363062,-5.295544890139832,21.424460995911595,8.01492541146301,COMPLETE
706,361422.9381478759,2026-01-13 02:13:13.183341,2026-01-13 02:13:42.307865,0 days 00:00:29.124524,-7.2757963482861925,18.420998787250433,6.750270361523078,COMPLETE
707,2201429.067704333,2026-01-13 02:13:42.307865,2026-01-13 02:14:11.111638,0 days 00:00:28.803773,-9.54238953785118,17.734543158407647,7.380171056688416,COMPLETE
708,790503.9175599975,2026-01-13 02:14:11.111638,2026-01-13 02:14:42.509734,0 days 00:00:31.398096,-5.527692654510421,18.763403100548558,7.065264460373079,COMPLETE
709,1991593.3468035897,2026-01-13 02:14:42.510735,2026-01-13 02:15:11.947633,0 days 00:00:29.436898,-8.764850087920324,21.53947747001953,7.796555861748116,COMPLETE
710,0.0,2026-01-13 02:15:11.947942,2026-01-13 02:15:11.964934,0 days 00:00:00.016992,-11.330068889022657,17.29477928778627,6.774511317332212,COMPLETE
711,0.0,2026-01-13 02:15:11.965933,2026-01-13 02:15:11.979954,0 days 00:00:00.014021,-17.308235506609563,27.57058344001026,7.337951785530092,COMPLETE
712,0.0,2026-01-13 02:15:11.980951,2026-01-13 02:15:11.995705,0 days 00:00:00.014754,-13.724575029850836,17.624404525746474,7.079096683070217,COMPLETE
713,490676.94383357535,2026-01-13 02:15:11.995705,2026-01-13 02:15:40.972145,0 days 00:00:28.976440,-6.8235434361777445,23.791922980716436,7.478649925101642,COMPLETE
714,203009.48712830327,2026-01-13 02:15:40.973151,2026-01-13 02:16:10.785420,0 days 00:00:29.812269,-5.180249647024834,20.504831864727063,6.82942010785965,COMPLETE
715,896302.8085127908,2026-01-13 02:16:10.786420,2026-01-13 02:16:38.846194,0 days 00:00:28.059774,-8.699446282539842,16.263337741624067,8.018520210691472,COMPLETE
716,243697.96692410664,2026-01-13 02:16:38.847194,2026-01-13 02:17:08.643701,0 days 00:00:29.796507,-7.062040080417061,18.940355962868978,6.6002536217892604,COMPLETE
717,0.0,2026-01-13 02:17:08.643701,2026-01-13 02:17:08.656908,0 days 00:00:00.013207,-10.774998711633316,16.07918192909039,7.730749250753525,COMPLETE
718,462182.2954507994,2026-01-13 02:17:08.656908,2026-01-13 02:17:38.295200,0 days 00:00:29.638292,-5.21652423351694,21.328598484057835,7.304916555014011,COMPLETE
719,698365.1317773338,2026-01-13 02:17:38.295200,2026-01-13 02:18:07.162591,0 days 00:00:28.867391,-8.405325730972777,17.825040735679025,6.926503754722024,COMPLETE
720,225673.8275583867,2026-01-13 02:18:07.162591,2026-01-13 02:18:34.064604,0 days 00:00:26.902013,-4.613130581877339,14.639493522738267,6.564886168973755,COMPLETE
721,0.0,2026-01-13 02:18:34.065604,2026-01-13 02:18:34.083615,0 days 00:00:00.018011,-10.664024644778486,16.483634604865735,7.059818042985043,COMPLETE
722,2074882.5305440961,2026-01-13 02:18:34.084397,2026-01-13 02:19:04.200076,0 days 00:00:30.115679,-6.77904890711048,19.391782580916924,7.414757558573378,COMPLETE
723,3324942.458062802,2026-01-13 02:19:04.200076,2026-01-13 02:19:31.243716,0 days 00:00:27.043640,-9.016016749254817,13.067655286112378,6.674049574904439,COMPLETE
724,0.0,2026-01-13 02:19:31.243716,2026-01-13 02:19:31.260531,0 days 00:00:00.016815,-12.71292088822591,14.03876936429703,6.798685235855161,COMPLETE
725,0.0,2026-01-13 02:19:31.260531,2026-01-13 02:19:31.276460,0 days 00:00:00.015929,-9.896026368609329,22.919133648354187,8.365621746874766,COMPLETE
726,5005113.100598673,2026-01-13 02:19:31.276460,2026-01-13 02:20:01.094131,0 days 00:00:29.817671,-9.303475320287296,17.948441241383,7.187220508224746,COMPLETE
727,0.0,2026-01-13 02:20:01.094131,2026-01-13 02:20:01.111884,0 days 00:00:00.017753,-14.356082501091157,19.223480861818615,7.715350253759198,COMPLETE
728,0.0,2026-01-13 02:20:01.111884,2026-01-13 02:20:01.127148,0 days 00:00:00.015264,-10.701433942402671,20.44474526863486,7.1654215465094895,COMPLETE
729,0.0,2026-01-13 02:20:01.127148,2026-01-13 02:20:01.141461,0 days 00:00:00.014313,-12.317254660181563,25.04978193603356,7.530233810500396,COMPLETE
730,5522611.71351876,2026-01-13 02:20:01.141461,2026-01-13 02:20:30.799408,0 days 00:00:29.657947,-9.239524666264971,17.922915760412447,7.1640875586319614,COMPLETE
731,0.0,2026-01-13 02:20:30.799733,2026-01-13 02:20:30.816557,0 days 00:00:00.016824,-11.697255478520674,21.882181766598233,7.2044724543652645,COMPLETE
732,940704.0305396077,2026-01-13 02:20:30.816557,2026-01-13 02:20:59.399967,0 days 00:00:28.583410,-8.898947331745351,16.1444899086124,7.930049592885524,COMPLETE
733,0.0,2026-01-13 02:20:59.399967,2026-01-13 02:20:59.417389,0 days 00:00:00.017422,-10.020473812256451,18.013064264464468,7.459104018414191,COMPLETE
734,0.0,2026-01-13 02:20:59.418394,2026-01-13 02:20:59.433708,0 days 00:00:00.015314,-13.078934788867885,21.0944738612556,6.865796098207249,COMPLETE
735,2320705.8726847945,2026-01-13 02:20:59.433708,2026-01-13 02:21:28.796379,0 days 00:00:29.362671,-9.195680045954953,16.964848756725885,7.2324542285153015,COMPLETE
736,0.0,2026-01-13 02:21:28.797379,2026-01-13 02:21:28.814379,0 days 00:00:00.017000,-10.748291906771092,19.440246277872983,7.0774383503505724,COMPLETE
737,1168231.6442090038,2026-01-13 02:21:28.815452,2026-01-13 02:21:57.979839,0 days 00:00:29.164387,-8.358414278183318,16.182103128326002,7.60958253870811,COMPLETE
738,0.0,2026-01-13 02:21:57.979839,2026-01-13 02:21:57.997839,0 days 00:00:00.018000,-14.737899183852301,23.715527890743058,8.21772882930095,COMPLETE
739,0.0,2026-01-13 02:21:57.997839,2026-01-13 02:21:58.013839,0 days 00:00:00.016000,-12.172829867550847,14.992182605931692,7.726814223519814,COMPLETE
740,0.0,2026-01-13 02:21:58.013839,2026-01-13 02:21:58.028944,0 days 00:00:00.015105,-9.740444606850476,13.797274118925744,7.280685949899253,COMPLETE
741,693740.5192499483,2026-01-13 02:21:58.029946,2026-01-13 02:22:27.589867,0 days 00:00:29.559921,-8.457581583770308,18.856223384630024,6.840694098391973,COMPLETE
742,0.0,2026-01-13 02:22:27.591046,2026-01-13 02:22:27.608586,0 days 00:00:00.017540,-11.140557194614566,26.239426389378302,7.095017852287711,COMPLETE
743,1501431.596808315,2026-01-13 02:22:27.608586,2026-01-13 02:22:57.075390,0 days 00:00:29.466804,-7.350609576115698,17.115742054187628,7.5107527313841125,COMPLETE
744,658614.7774158401,2026-01-13 02:22:57.075390,2026-01-13 02:23:24.085828,0 days 00:00:27.010438,-8.696771428488315,14.253639951119045,6.778855790286255,COMPLETE
745,4678979.829618531,2026-01-13 02:23:24.085828,2026-01-13 02:23:55.036191,0 days 00:00:30.950363,-10.015187537395349,20.32977880243905,7.278549730891168,COMPLETE
746,0.0,2026-01-13 02:23:55.036974,2026-01-13 02:23:55.054596,0 days 00:00:00.017622,-12.609722768549597,22.10863025176854,7.804509293170778,COMPLETE
747,0.0,2026-01-13 02:23:55.054596,2026-01-13 02:23:55.070632,0 days 00:00:00.016036,-10.830535061522948,24.270472915350826,7.339039719312854,COMPLETE
748,1425125.2605769278,2026-01-13 02:23:55.071679,2026-01-13 02:24:25.019456,0 days 00:00:29.947777,-9.611856179918203,21.5255586001906,8.088013920533456,COMPLETE
749,0.0,2026-01-13 02:24:25.019768,2026-01-13 02:24:25.036867,0 days 00:00:00.017099,-13.680511318983939,20.52298648776144,6.990096483676132,COMPLETE
